label,device,input_index,selection_count,gradient_x,gradient_y,gradient_z,max_gradient_error_vs_one
before,cpu,0,78,78.0,78.0,78.0,77.0
before,cpu,1,1,1.0,1.0,1.0,0.0
before,cpu,2,1,1.0,1.0,1.0,0.0
before,cpu,3,1,1.0,1.0,1.0,0.0
before,cpu,4,1,1.0,1.0,1.0,0.0
before,cpu,5,1,1.0,1.0,1.0,0.0
before,cpu,6,1,1.0,1.0,1.0,0.0
before,cpu,7,1,1.0,1.0,1.0,0.0
before,cpu,8,1,1.0,1.0,1.0,0.0
before,cpu,9,1,1.0,1.0,1.0,0.0
before,cpu,10,1,1.0,1.0,1.0,0.0
before,cpu,11,1,1.0,1.0,1.0,0.0
before,cpu,12,1,1.0,1.0,1.0,0.0
before,cpu,13,1,1.0,1.0,1.0,0.0
before,cpu,14,1,1.0,1.0,1.0,0.0
before,cpu,15,1,1.0,1.0,1.0,0.0
before,cpu,16,1,1.0,1.0,1.0,0.0
before,cpu,17,1,1.0,1.0,1.0,0.0
before,cpu,18,1,1.0,1.0,1.0,0.0
before,cpu,19,1,1.0,1.0,1.0,0.0
before,cpu,20,1,1.0,1.0,1.0,0.0
before,cpu,21,1,1.0,1.0,1.0,0.0
before,cpu,22,1,1.0,1.0,1.0,0.0
before,cpu,23,1,1.0,1.0,1.0,0.0
before,cpu,24,1,1.0,1.0,1.0,0.0
before,cpu,25,1,1.0,1.0,1.0,0.0
before,cpu,26,1,1.0,1.0,1.0,0.0
before,cpu,27,1,1.0,1.0,1.0,0.0
before,cpu,28,1,1.0,1.0,1.0,0.0
before,cpu,29,1,1.0,1.0,1.0,0.0
before,cpu,30,1,1.0,1.0,1.0,0.0
before,cpu,31,1,1.0,1.0,1.0,0.0
before,cpu,32,1,1.0,1.0,1.0,0.0
before,cpu,33,1,1.0,1.0,1.0,0.0
before,cpu,34,1,1.0,1.0,1.0,0.0
before,cpu,35,1,1.0,1.0,1.0,0.0
before,cpu,36,1,1.0,1.0,1.0,0.0
before,cpu,37,1,1.0,1.0,1.0,0.0
before,cpu,38,1,1.0,1.0,1.0,0.0
before,cpu,39,1,1.0,1.0,1.0,0.0
before,cpu,40,1,1.0,1.0,1.0,0.0
before,cpu,41,1,1.0,1.0,1.0,0.0
before,cpu,42,1,1.0,1.0,1.0,0.0
before,cpu,43,1,1.0,1.0,1.0,0.0
before,cpu,44,1,1.0,1.0,1.0,0.0
before,cpu,45,1,1.0,1.0,1.0,0.0
before,cpu,46,1,1.0,1.0,1.0,0.0
before,cpu,47,1,1.0,1.0,1.0,0.0
before,cpu,48,1,1.0,1.0,1.0,0.0
before,cpu,49,1,1.0,1.0,1.0,0.0
before,cpu,50,1,1.0,1.0,1.0,0.0
before,cpu,51,1,1.0,1.0,1.0,0.0
before,cpu,52,1,1.0,1.0,1.0,0.0
before,cpu,53,1,1.0,1.0,1.0,0.0
before,cpu,54,1,1.0,1.0,1.0,0.0
before,cpu,55,1,1.0,1.0,1.0,0.0
before,cpu,56,1,1.0,1.0,1.0,0.0
before,cpu,57,1,1.0,1.0,1.0,0.0
before,cpu,58,1,1.0,1.0,1.0,0.0
before,cpu,59,1,1.0,1.0,1.0,0.0
before,cpu,60,1,1.0,1.0,1.0,0.0
before,cpu,61,1,1.0,1.0,1.0,0.0
before,cpu,62,1,1.0,1.0,1.0,0.0
before,cpu,63,1,1.0,1.0,1.0,0.0
before,cpu,64,1,1.0,1.0,1.0,0.0
before,cpu,65,1,1.0,1.0,1.0,0.0
before,cpu,66,1,1.0,1.0,1.0,0.0
before,cpu,67,1,1.0,1.0,1.0,0.0
before,cpu,68,1,1.0,1.0,1.0,0.0
before,cpu,69,1,1.0,1.0,1.0,0.0
before,cpu,70,1,1.0,1.0,1.0,0.0
before,cpu,71,1,1.0,1.0,1.0,0.0
before,cpu,72,1,1.0,1.0,1.0,0.0
before,cpu,73,1,1.0,1.0,1.0,0.0
before,cpu,74,1,1.0,1.0,1.0,0.0
before,cpu,75,1,1.0,1.0,1.0,0.0
before,cpu,76,1,1.0,1.0,1.0,0.0
before,cpu,77,1,1.0,1.0,1.0,0.0
before,cpu,78,1,1.0,1.0,1.0,0.0
before,cpu,79,1,1.0,1.0,1.0,0.0
before,cpu,80,1,1.0,1.0,1.0,0.0
before,cpu,81,1,1.0,1.0,1.0,0.0
before,cpu,82,1,1.0,1.0,1.0,0.0
before,cpu,83,1,1.0,1.0,1.0,0.0
before,cpu,84,1,1.0,1.0,1.0,0.0
before,cpu,85,1,1.0,1.0,1.0,0.0
before,cpu,86,1,1.0,1.0,1.0,0.0
before,cpu,87,1,1.0,1.0,1.0,0.0
before,cpu,88,1,1.0,1.0,1.0,0.0
before,cpu,89,1,1.0,1.0,1.0,0.0
before,cpu,90,1,1.0,1.0,1.0,0.0
before,cpu,91,1,1.0,1.0,1.0,0.0
before,cpu,92,1,1.0,1.0,1.0,0.0
before,cpu,93,1,1.0,1.0,1.0,0.0
before,cpu,94,1,1.0,1.0,1.0,0.0
before,cpu,95,1,1.0,1.0,1.0,0.0
before,cpu,96,1,1.0,1.0,1.0,0.0
before,cpu,97,1,1.0,1.0,1.0,0.0
before,cpu,98,1,1.0,1.0,1.0,0.0
before,cpu,99,1,1.0,1.0,1.0,0.0
before,cpu,100,1,1.0,1.0,1.0,0.0
before,cpu,101,1,1.0,1.0,1.0,0.0
before,cpu,102,1,1.0,1.0,1.0,0.0
before,cpu,103,1,1.0,1.0,1.0,0.0
before,cpu,104,1,1.0,1.0,1.0,0.0
before,cpu,105,1,1.0,1.0,1.0,0.0
before,cpu,106,1,1.0,1.0,1.0,0.0
before,cpu,107,1,1.0,1.0,1.0,0.0
before,cpu,108,1,1.0,1.0,1.0,0.0
before,cpu,109,1,1.0,1.0,1.0,0.0
before,cpu,110,1,1.0,1.0,1.0,0.0
before,cpu,111,1,1.0,1.0,1.0,0.0
before,cpu,112,1,1.0,1.0,1.0,0.0
before,cpu,113,1,1.0,1.0,1.0,0.0
before,cpu,114,1,1.0,1.0,1.0,0.0
before,cpu,115,1,1.0,1.0,1.0,0.0
before,cpu,116,1,1.0,1.0,1.0,0.0
before,cpu,117,1,1.0,1.0,1.0,0.0
before,cpu,118,1,1.0,1.0,1.0,0.0
before,cpu,119,1,1.0,1.0,1.0,0.0
before,cpu,120,1,1.0,1.0,1.0,0.0
before,cpu,121,1,1.0,1.0,1.0,0.0
before,cpu,122,1,1.0,1.0,1.0,0.0
before,cpu,123,1,1.0,1.0,1.0,0.0
before,cpu,124,1,1.0,1.0,1.0,0.0
before,cpu,125,1,1.0,1.0,1.0,0.0
before,cpu,126,1,1.0,1.0,1.0,0.0
before,cpu,127,1,1.0,1.0,1.0,0.0
before,cpu,128,1,1.0,1.0,1.0,0.0
before,cpu,129,1,1.0,1.0,1.0,0.0
before,cpu,130,1,1.0,1.0,1.0,0.0
before,cpu,131,1,1.0,1.0,1.0,0.0
before,cpu,132,1,1.0,1.0,1.0,0.0
before,cpu,133,1,1.0,1.0,1.0,0.0
before,cpu,134,1,1.0,1.0,1.0,0.0
before,cpu,135,1,1.0,1.0,1.0,0.0
before,cpu,136,1,1.0,1.0,1.0,0.0
before,cpu,137,1,1.0,1.0,1.0,0.0
before,cpu,138,1,1.0,1.0,1.0,0.0
before,cpu,139,1,1.0,1.0,1.0,0.0
before,cpu,140,1,1.0,1.0,1.0,0.0
before,cpu,141,1,1.0,1.0,1.0,0.0
before,cpu,142,1,1.0,1.0,1.0,0.0
before,cpu,143,1,1.0,1.0,1.0,0.0
before,cpu,144,1,1.0,1.0,1.0,0.0
before,cpu,145,1,1.0,1.0,1.0,0.0
before,cpu,146,1,1.0,1.0,1.0,0.0
before,cpu,147,1,1.0,1.0,1.0,0.0
before,cpu,148,1,1.0,1.0,1.0,0.0
before,cpu,149,1,1.0,1.0,1.0,0.0
before,cpu,150,1,1.0,1.0,1.0,0.0
before,cpu,151,1,1.0,1.0,1.0,0.0
before,cpu,152,1,1.0,1.0,1.0,0.0
before,cpu,153,1,1.0,1.0,1.0,0.0
before,cpu,154,1,1.0,1.0,1.0,0.0
before,cpu,155,1,1.0,1.0,1.0,0.0
before,cpu,156,1,1.0,1.0,1.0,0.0
before,cpu,157,1,1.0,1.0,1.0,0.0
before,cpu,158,1,1.0,1.0,1.0,0.0
before,cpu,159,1,1.0,1.0,1.0,0.0
before,cpu,160,1,1.0,1.0,1.0,0.0
before,cpu,161,1,1.0,1.0,1.0,0.0
before,cpu,162,1,1.0,1.0,1.0,0.0
before,cpu,163,1,1.0,1.0,1.0,0.0
before,cpu,164,1,1.0,1.0,1.0,0.0
before,cpu,165,1,1.0,1.0,1.0,0.0
before,cpu,166,1,1.0,1.0,1.0,0.0
before,cpu,167,1,1.0,1.0,1.0,0.0
before,cpu,168,1,1.0,1.0,1.0,0.0
before,cpu,169,1,1.0,1.0,1.0,0.0
before,cpu,170,1,1.0,1.0,1.0,0.0
before,cpu,171,1,1.0,1.0,1.0,0.0
before,cpu,172,1,1.0,1.0,1.0,0.0
before,cpu,173,1,1.0,1.0,1.0,0.0
before,cpu,174,1,1.0,1.0,1.0,0.0
before,cpu,175,1,1.0,1.0,1.0,0.0
before,cpu,176,1,1.0,1.0,1.0,0.0
before,cpu,177,1,1.0,1.0,1.0,0.0
before,cpu,178,1,1.0,1.0,1.0,0.0
before,cpu,179,1,1.0,1.0,1.0,0.0
before,cpu,180,1,1.0,1.0,1.0,0.0
before,cpu,181,1,1.0,1.0,1.0,0.0
before,cpu,182,1,1.0,1.0,1.0,0.0
before,cpu,183,1,1.0,1.0,1.0,0.0
before,cpu,184,1,1.0,1.0,1.0,0.0
before,cpu,185,1,1.0,1.0,1.0,0.0
before,cpu,186,1,1.0,1.0,1.0,0.0
before,cpu,187,1,1.0,1.0,1.0,0.0
before,cpu,188,1,1.0,1.0,1.0,0.0
before,cpu,189,1,1.0,1.0,1.0,0.0
before,cpu,190,1,1.0,1.0,1.0,0.0
before,cpu,191,1,1.0,1.0,1.0,0.0
before,cpu,192,1,1.0,1.0,1.0,0.0
before,cpu,193,1,1.0,1.0,1.0,0.0
before,cpu,194,1,1.0,1.0,1.0,0.0
before,cpu,195,1,1.0,1.0,1.0,0.0
before,cpu,196,1,1.0,1.0,1.0,0.0
before,cpu,197,1,1.0,1.0,1.0,0.0
before,cpu,198,1,1.0,1.0,1.0,0.0
before,cpu,199,1,1.0,1.0,1.0,0.0
before,cpu,200,1,1.0,1.0,1.0,0.0
before,cpu,201,1,1.0,1.0,1.0,0.0
before,cpu,202,1,1.0,1.0,1.0,0.0
before,cpu,203,1,1.0,1.0,1.0,0.0
before,cpu,204,1,1.0,1.0,1.0,0.0
before,cpu,205,1,1.0,1.0,1.0,0.0
before,cpu,206,1,1.0,1.0,1.0,0.0
before,cpu,207,1,1.0,1.0,1.0,0.0
before,cpu,208,1,1.0,1.0,1.0,0.0
before,cpu,209,1,1.0,1.0,1.0,0.0
before,cpu,210,1,1.0,1.0,1.0,0.0
before,cpu,211,1,1.0,1.0,1.0,0.0
before,cpu,212,1,1.0,1.0,1.0,0.0
before,cpu,213,1,1.0,1.0,1.0,0.0
before,cpu,214,1,1.0,1.0,1.0,0.0
before,cpu,215,1,1.0,1.0,1.0,0.0
before,cpu,216,1,1.0,1.0,1.0,0.0
before,cpu,217,1,1.0,1.0,1.0,0.0
before,cpu,218,1,1.0,1.0,1.0,0.0
before,cpu,219,1,1.0,1.0,1.0,0.0
before,cpu,220,1,1.0,1.0,1.0,0.0
before,cpu,221,1,1.0,1.0,1.0,0.0
before,cpu,222,1,1.0,1.0,1.0,0.0
before,cpu,223,1,1.0,1.0,1.0,0.0
before,cpu,224,1,1.0,1.0,1.0,0.0
before,cpu,225,1,1.0,1.0,1.0,0.0
before,cpu,226,1,1.0,1.0,1.0,0.0
before,cpu,227,1,1.0,1.0,1.0,0.0
before,cpu,228,1,1.0,1.0,1.0,0.0
before,cpu,229,1,1.0,1.0,1.0,0.0
before,cpu,230,1,1.0,1.0,1.0,0.0
before,cpu,231,1,1.0,1.0,1.0,0.0
before,cpu,232,1,1.0,1.0,1.0,0.0
before,cpu,233,1,1.0,1.0,1.0,0.0
before,cpu,234,1,1.0,1.0,1.0,0.0
before,cpu,235,1,1.0,1.0,1.0,0.0
before,cpu,236,1,1.0,1.0,1.0,0.0
before,cpu,237,1,1.0,1.0,1.0,0.0
before,cpu,238,1,1.0,1.0,1.0,0.0
before,cpu,239,1,1.0,1.0,1.0,0.0
before,cpu,240,1,1.0,1.0,1.0,0.0
before,cpu,241,1,1.0,1.0,1.0,0.0
before,cpu,242,1,1.0,1.0,1.0,0.0
before,cpu,243,1,1.0,1.0,1.0,0.0
before,cpu,244,1,1.0,1.0,1.0,0.0
before,cpu,245,1,1.0,1.0,1.0,0.0
before,cpu,246,1,1.0,1.0,1.0,0.0
before,cpu,247,1,1.0,1.0,1.0,0.0
before,cpu,248,1,1.0,1.0,1.0,0.0
before,cpu,249,1,1.0,1.0,1.0,0.0
before,cpu,250,1,1.0,1.0,1.0,0.0
before,cpu,251,1,1.0,1.0,1.0,0.0
before,cpu,252,1,1.0,1.0,1.0,0.0
before,cpu,253,1,1.0,1.0,1.0,0.0
before,cpu,254,1,1.0,1.0,1.0,0.0
before,cpu,255,1,1.0,1.0,1.0,0.0
before,cpu,256,1,1.0,1.0,1.0,0.0
before,cpu,257,1,1.0,1.0,1.0,0.0
before,cpu,258,1,1.0,1.0,1.0,0.0
before,cpu,259,1,1.0,1.0,1.0,0.0
before,cpu,260,1,1.0,1.0,1.0,0.0
before,cpu,261,1,1.0,1.0,1.0,0.0
before,cpu,262,1,1.0,1.0,1.0,0.0
before,cpu,263,1,1.0,1.0,1.0,0.0
before,cpu,264,1,1.0,1.0,1.0,0.0
before,cpu,265,1,1.0,1.0,1.0,0.0
before,cpu,266,1,1.0,1.0,1.0,0.0
before,cpu,267,1,1.0,1.0,1.0,0.0
before,cpu,268,1,1.0,1.0,1.0,0.0
before,cpu,269,1,1.0,1.0,1.0,0.0
before,cpu,270,1,1.0,1.0,1.0,0.0
before,cpu,271,1,1.0,1.0,1.0,0.0
before,cpu,272,1,1.0,1.0,1.0,0.0
before,cpu,273,1,1.0,1.0,1.0,0.0
before,cpu,274,1,1.0,1.0,1.0,0.0
before,cpu,275,1,1.0,1.0,1.0,0.0
before,cpu,276,1,1.0,1.0,1.0,0.0
before,cpu,277,1,1.0,1.0,1.0,0.0
before,cpu,278,1,1.0,1.0,1.0,0.0
before,cpu,279,1,1.0,1.0,1.0,0.0
before,cpu,280,1,1.0,1.0,1.0,0.0
before,cpu,281,1,1.0,1.0,1.0,0.0
before,cpu,282,1,1.0,1.0,1.0,0.0
before,cpu,283,1,1.0,1.0,1.0,0.0
before,cpu,284,1,1.0,1.0,1.0,0.0
before,cpu,285,1,1.0,1.0,1.0,0.0
before,cpu,286,1,1.0,1.0,1.0,0.0
before,cpu,287,1,1.0,1.0,1.0,0.0
before,cpu,288,1,1.0,1.0,1.0,0.0
before,cpu,289,1,1.0,1.0,1.0,0.0
before,cpu,290,1,1.0,1.0,1.0,0.0
before,cpu,291,1,1.0,1.0,1.0,0.0
before,cpu,292,1,1.0,1.0,1.0,0.0
before,cpu,293,1,1.0,1.0,1.0,0.0
before,cpu,294,1,1.0,1.0,1.0,0.0
before,cpu,295,1,1.0,1.0,1.0,0.0
before,cpu,296,1,1.0,1.0,1.0,0.0
before,cpu,297,1,1.0,1.0,1.0,0.0
before,cpu,298,1,1.0,1.0,1.0,0.0
before,cpu,299,1,1.0,1.0,1.0,0.0
before,cpu,300,1,1.0,1.0,1.0,0.0
before,cpu,301,1,1.0,1.0,1.0,0.0
before,cpu,302,1,1.0,1.0,1.0,0.0
before,cpu,303,1,1.0,1.0,1.0,0.0
before,cpu,304,1,1.0,1.0,1.0,0.0
before,cpu,305,1,1.0,1.0,1.0,0.0
before,cpu,306,1,1.0,1.0,1.0,0.0
before,cpu,307,1,1.0,1.0,1.0,0.0
before,cpu,308,1,1.0,1.0,1.0,0.0
before,cpu,309,1,1.0,1.0,1.0,0.0
before,cpu,310,1,1.0,1.0,1.0,0.0
before,cpu,311,1,1.0,1.0,1.0,0.0
before,cpu,312,1,1.0,1.0,1.0,0.0
before,cpu,313,1,1.0,1.0,1.0,0.0
before,cpu,314,1,1.0,1.0,1.0,0.0
before,cpu,315,1,1.0,1.0,1.0,0.0
before,cpu,316,1,1.0,1.0,1.0,0.0
before,cpu,317,1,1.0,1.0,1.0,0.0
before,cpu,318,1,1.0,1.0,1.0,0.0
before,cpu,319,1,1.0,1.0,1.0,0.0
before,cpu,320,1,1.0,1.0,1.0,0.0
before,cpu,321,1,1.0,1.0,1.0,0.0
before,cpu,322,1,1.0,1.0,1.0,0.0
before,cpu,323,1,1.0,1.0,1.0,0.0
before,cpu,324,1,1.0,1.0,1.0,0.0
before,cpu,325,1,1.0,1.0,1.0,0.0
before,cpu,326,1,1.0,1.0,1.0,0.0
before,cpu,327,1,1.0,1.0,1.0,0.0
before,cpu,328,1,1.0,1.0,1.0,0.0
before,cpu,329,1,1.0,1.0,1.0,0.0
before,cpu,330,1,1.0,1.0,1.0,0.0
before,cpu,331,1,1.0,1.0,1.0,0.0
before,cpu,332,1,1.0,1.0,1.0,0.0
before,cpu,333,1,1.0,1.0,1.0,0.0
before,cpu,334,1,1.0,1.0,1.0,0.0
before,cpu,335,1,1.0,1.0,1.0,0.0
before,cpu,336,1,1.0,1.0,1.0,0.0
before,cpu,337,1,1.0,1.0,1.0,0.0
before,cpu,338,1,1.0,1.0,1.0,0.0
before,cpu,339,1,1.0,1.0,1.0,0.0
before,cpu,340,1,1.0,1.0,1.0,0.0
before,cpu,341,1,1.0,1.0,1.0,0.0
before,cpu,342,1,1.0,1.0,1.0,0.0
before,cpu,343,1,1.0,1.0,1.0,0.0
before,cpu,344,1,1.0,1.0,1.0,0.0
before,cpu,345,1,1.0,1.0,1.0,0.0
before,cpu,346,1,1.0,1.0,1.0,0.0
before,cpu,347,1,1.0,1.0,1.0,0.0
before,cpu,348,1,1.0,1.0,1.0,0.0
before,cpu,349,1,1.0,1.0,1.0,0.0
before,cpu,350,1,1.0,1.0,1.0,0.0
before,cpu,351,1,1.0,1.0,1.0,0.0
before,cpu,352,1,1.0,1.0,1.0,0.0
before,cpu,353,1,1.0,1.0,1.0,0.0
before,cpu,354,1,1.0,1.0,1.0,0.0
before,cpu,355,1,1.0,1.0,1.0,0.0
before,cpu,356,1,1.0,1.0,1.0,0.0
before,cpu,357,1,1.0,1.0,1.0,0.0
before,cpu,358,1,1.0,1.0,1.0,0.0
before,cpu,359,1,1.0,1.0,1.0,0.0
before,cpu,360,1,1.0,1.0,1.0,0.0
before,cpu,361,1,1.0,1.0,1.0,0.0
before,cpu,362,1,1.0,1.0,1.0,0.0
before,cpu,363,1,1.0,1.0,1.0,0.0
before,cpu,364,1,1.0,1.0,1.0,0.0
before,cpu,365,1,1.0,1.0,1.0,0.0
before,cpu,366,1,1.0,1.0,1.0,0.0
before,cpu,367,1,1.0,1.0,1.0,0.0
before,cpu,368,1,1.0,1.0,1.0,0.0
before,cpu,369,1,1.0,1.0,1.0,0.0
before,cpu,370,1,1.0,1.0,1.0,0.0
before,cpu,371,1,1.0,1.0,1.0,0.0
before,cpu,372,1,1.0,1.0,1.0,0.0
before,cpu,373,1,1.0,1.0,1.0,0.0
before,cpu,374,1,1.0,1.0,1.0,0.0
before,cpu,375,1,1.0,1.0,1.0,0.0
before,cpu,376,1,1.0,1.0,1.0,0.0
before,cpu,377,1,1.0,1.0,1.0,0.0
before,cpu,378,1,1.0,1.0,1.0,0.0
before,cpu,379,1,1.0,1.0,1.0,0.0
before,cpu,380,1,1.0,1.0,1.0,0.0
before,cpu,381,1,1.0,1.0,1.0,0.0
before,cpu,382,1,1.0,1.0,1.0,0.0
before,cpu,383,1,1.0,1.0,1.0,0.0
before,cpu,384,1,1.0,1.0,1.0,0.0
before,cpu,385,1,1.0,1.0,1.0,0.0
before,cpu,386,1,1.0,1.0,1.0,0.0
before,cpu,387,1,1.0,1.0,1.0,0.0
before,cpu,388,1,1.0,1.0,1.0,0.0
before,cpu,389,1,1.0,1.0,1.0,0.0
before,cpu,390,1,1.0,1.0,1.0,0.0
before,cpu,391,1,1.0,1.0,1.0,0.0
before,cpu,392,1,1.0,1.0,1.0,0.0
before,cpu,393,1,1.0,1.0,1.0,0.0
before,cpu,394,1,1.0,1.0,1.0,0.0
before,cpu,395,1,1.0,1.0,1.0,0.0
before,cpu,396,1,1.0,1.0,1.0,0.0
before,cpu,397,1,1.0,1.0,1.0,0.0
before,cpu,398,1,1.0,1.0,1.0,0.0
before,cpu,399,1,1.0,1.0,1.0,0.0
before,cpu,400,1,1.0,1.0,1.0,0.0
before,cpu,401,1,1.0,1.0,1.0,0.0
before,cpu,402,1,1.0,1.0,1.0,0.0
before,cpu,403,1,1.0,1.0,1.0,0.0
before,cpu,404,1,1.0,1.0,1.0,0.0
before,cpu,405,1,1.0,1.0,1.0,0.0
before,cpu,406,1,1.0,1.0,1.0,0.0
before,cpu,407,1,1.0,1.0,1.0,0.0
before,cpu,408,1,1.0,1.0,1.0,0.0
before,cpu,409,1,1.0,1.0,1.0,0.0
before,cpu,410,1,1.0,1.0,1.0,0.0
before,cpu,411,1,1.0,1.0,1.0,0.0
before,cpu,412,1,1.0,1.0,1.0,0.0
before,cpu,413,1,1.0,1.0,1.0,0.0
before,cpu,414,1,1.0,1.0,1.0,0.0
before,cpu,415,1,1.0,1.0,1.0,0.0
before,cpu,416,1,1.0,1.0,1.0,0.0
before,cpu,417,1,1.0,1.0,1.0,0.0
before,cpu,418,1,1.0,1.0,1.0,0.0
before,cpu,419,1,1.0,1.0,1.0,0.0
before,cpu,420,1,1.0,1.0,1.0,0.0
before,cpu,421,1,1.0,1.0,1.0,0.0
before,cpu,422,1,1.0,1.0,1.0,0.0
before,cpu,423,1,1.0,1.0,1.0,0.0
before,cpu,424,1,1.0,1.0,1.0,0.0
before,cpu,425,1,1.0,1.0,1.0,0.0
before,cpu,426,1,1.0,1.0,1.0,0.0
before,cpu,427,1,1.0,1.0,1.0,0.0
before,cpu,428,1,1.0,1.0,1.0,0.0
before,cpu,429,1,1.0,1.0,1.0,0.0
before,cpu,430,1,1.0,1.0,1.0,0.0
before,cpu,431,1,1.0,1.0,1.0,0.0
before,cpu,432,1,1.0,1.0,1.0,0.0
before,cpu,433,1,1.0,1.0,1.0,0.0
before,cpu,434,1,1.0,1.0,1.0,0.0
before,cpu,435,1,1.0,1.0,1.0,0.0
before,cpu,436,1,1.0,1.0,1.0,0.0
before,cpu,437,1,1.0,1.0,1.0,0.0
before,cpu,438,1,1.0,1.0,1.0,0.0
before,cpu,439,1,1.0,1.0,1.0,0.0
before,cpu,440,1,1.0,1.0,1.0,0.0
before,cpu,441,1,1.0,1.0,1.0,0.0
before,cpu,442,1,1.0,1.0,1.0,0.0
before,cpu,443,1,1.0,1.0,1.0,0.0
before,cpu,444,1,1.0,1.0,1.0,0.0
before,cpu,445,1,1.0,1.0,1.0,0.0
before,cpu,446,1,1.0,1.0,1.0,0.0
before,cpu,447,1,1.0,1.0,1.0,0.0
before,cpu,448,1,1.0,1.0,1.0,0.0
before,cpu,449,1,1.0,1.0,1.0,0.0
before,cpu,450,1,1.0,1.0,1.0,0.0
before,cpu,451,1,1.0,1.0,1.0,0.0
before,cpu,452,1,1.0,1.0,1.0,0.0
before,cpu,453,1,1.0,1.0,1.0,0.0
before,cpu,454,1,1.0,1.0,1.0,0.0
before,cpu,455,1,1.0,1.0,1.0,0.0
before,cpu,456,1,1.0,1.0,1.0,0.0
before,cpu,457,1,1.0,1.0,1.0,0.0
before,cpu,458,1,1.0,1.0,1.0,0.0
before,cpu,459,1,1.0,1.0,1.0,0.0
before,cpu,460,1,1.0,1.0,1.0,0.0
before,cpu,461,1,1.0,1.0,1.0,0.0
before,cpu,462,1,1.0,1.0,1.0,0.0
before,cpu,463,1,1.0,1.0,1.0,0.0
before,cpu,464,1,1.0,1.0,1.0,0.0
before,cpu,465,1,1.0,1.0,1.0,0.0
before,cpu,466,1,1.0,1.0,1.0,0.0
before,cpu,467,1,1.0,1.0,1.0,0.0
before,cpu,468,1,1.0,1.0,1.0,0.0
before,cpu,469,1,1.0,1.0,1.0,0.0
before,cpu,470,1,1.0,1.0,1.0,0.0
before,cpu,471,1,1.0,1.0,1.0,0.0
before,cpu,472,1,1.0,1.0,1.0,0.0
before,cpu,473,1,1.0,1.0,1.0,0.0
before,cpu,474,1,1.0,1.0,1.0,0.0
before,cpu,475,1,1.0,1.0,1.0,0.0
before,cpu,476,1,1.0,1.0,1.0,0.0
before,cpu,477,1,1.0,1.0,1.0,0.0
before,cpu,478,1,1.0,1.0,1.0,0.0
before,cpu,479,1,1.0,1.0,1.0,0.0
before,cpu,480,1,1.0,1.0,1.0,0.0
before,cpu,481,1,1.0,1.0,1.0,0.0
before,cpu,482,1,1.0,1.0,1.0,0.0
before,cpu,483,1,1.0,1.0,1.0,0.0
before,cpu,484,1,1.0,1.0,1.0,0.0
before,cpu,485,1,1.0,1.0,1.0,0.0
before,cpu,486,1,1.0,1.0,1.0,0.0
before,cpu,487,1,1.0,1.0,1.0,0.0
before,cpu,488,1,1.0,1.0,1.0,0.0
before,cpu,489,1,1.0,1.0,1.0,0.0
before,cpu,490,1,1.0,1.0,1.0,0.0
before,cpu,491,1,1.0,1.0,1.0,0.0
before,cpu,492,1,1.0,1.0,1.0,0.0
before,cpu,493,1,1.0,1.0,1.0,0.0
before,cpu,494,1,1.0,1.0,1.0,0.0
before,cpu,495,1,1.0,1.0,1.0,0.0
before,cpu,496,1,1.0,1.0,1.0,0.0
before,cpu,497,1,1.0,1.0,1.0,0.0
before,cpu,498,1,1.0,1.0,1.0,0.0
before,cpu,499,1,1.0,1.0,1.0,0.0
before,cpu,500,1,1.0,1.0,1.0,0.0
before,cpu,501,1,1.0,1.0,1.0,0.0
before,cpu,502,1,1.0,1.0,1.0,0.0
before,cpu,503,1,1.0,1.0,1.0,0.0
before,cpu,504,1,1.0,1.0,1.0,0.0
before,cpu,505,1,1.0,1.0,1.0,0.0
before,cpu,506,1,1.0,1.0,1.0,0.0
before,cpu,507,1,1.0,1.0,1.0,0.0
before,cpu,508,1,1.0,1.0,1.0,0.0
before,cpu,509,1,1.0,1.0,1.0,0.0
before,cpu,510,1,1.0,1.0,1.0,0.0
before,cpu,511,1,1.0,1.0,1.0,0.0
before,cpu,512,1,1.0,1.0,1.0,0.0
before,cpu,513,1,1.0,1.0,1.0,0.0
before,cpu,514,1,1.0,1.0,1.0,0.0
before,cpu,515,1,1.0,1.0,1.0,0.0
before,cpu,516,1,1.0,1.0,1.0,0.0
before,cpu,517,1,1.0,1.0,1.0,0.0
before,cpu,518,1,1.0,1.0,1.0,0.0
before,cpu,519,1,1.0,1.0,1.0,0.0
before,cpu,520,1,1.0,1.0,1.0,0.0
before,cpu,521,1,1.0,1.0,1.0,0.0
before,cpu,522,1,1.0,1.0,1.0,0.0
before,cpu,523,1,1.0,1.0,1.0,0.0
before,cpu,524,1,1.0,1.0,1.0,0.0
before,cpu,525,1,1.0,1.0,1.0,0.0
before,cpu,526,1,1.0,1.0,1.0,0.0
before,cpu,527,1,1.0,1.0,1.0,0.0
before,cpu,528,1,1.0,1.0,1.0,0.0
before,cpu,529,1,1.0,1.0,1.0,0.0
before,cpu,530,1,1.0,1.0,1.0,0.0
before,cpu,531,1,1.0,1.0,1.0,0.0
before,cpu,532,1,1.0,1.0,1.0,0.0
before,cpu,533,1,1.0,1.0,1.0,0.0
before,cpu,534,1,1.0,1.0,1.0,0.0
before,cpu,535,1,1.0,1.0,1.0,0.0
before,cpu,536,1,1.0,1.0,1.0,0.0
before,cpu,537,1,1.0,1.0,1.0,0.0
before,cpu,538,1,1.0,1.0,1.0,0.0
before,cpu,539,1,1.0,1.0,1.0,0.0
before,cpu,540,1,1.0,1.0,1.0,0.0
before,cpu,541,1,1.0,1.0,1.0,0.0
before,cpu,542,1,1.0,1.0,1.0,0.0
before,cpu,543,1,1.0,1.0,1.0,0.0
before,cpu,544,1,1.0,1.0,1.0,0.0
before,cpu,545,1,1.0,1.0,1.0,0.0
before,cpu,546,1,1.0,1.0,1.0,0.0
before,cpu,547,1,1.0,1.0,1.0,0.0
before,cpu,548,1,1.0,1.0,1.0,0.0
before,cpu,549,1,1.0,1.0,1.0,0.0
before,cpu,550,1,1.0,1.0,1.0,0.0
before,cpu,551,1,1.0,1.0,1.0,0.0
before,cpu,552,1,1.0,1.0,1.0,0.0
before,cpu,553,1,1.0,1.0,1.0,0.0
before,cpu,554,1,1.0,1.0,1.0,0.0
before,cpu,555,1,1.0,1.0,1.0,0.0
before,cpu,556,1,1.0,1.0,1.0,0.0
before,cpu,557,1,1.0,1.0,1.0,0.0
before,cpu,558,1,1.0,1.0,1.0,0.0
before,cpu,559,1,1.0,1.0,1.0,0.0
before,cpu,560,1,1.0,1.0,1.0,0.0
before,cpu,561,1,1.0,1.0,1.0,0.0
before,cpu,562,1,1.0,1.0,1.0,0.0
before,cpu,563,1,1.0,1.0,1.0,0.0
before,cpu,564,1,1.0,1.0,1.0,0.0
before,cpu,565,1,1.0,1.0,1.0,0.0
before,cpu,566,1,1.0,1.0,1.0,0.0
before,cpu,567,1,1.0,1.0,1.0,0.0
before,cpu,568,1,1.0,1.0,1.0,0.0
before,cpu,569,1,1.0,1.0,1.0,0.0
before,cpu,570,1,1.0,1.0,1.0,0.0
before,cpu,571,1,1.0,1.0,1.0,0.0
before,cpu,572,1,1.0,1.0,1.0,0.0
before,cpu,573,1,1.0,1.0,1.0,0.0
before,cpu,574,1,1.0,1.0,1.0,0.0
before,cpu,575,1,1.0,1.0,1.0,0.0
before,cpu,576,1,1.0,1.0,1.0,0.0
before,cpu,577,1,1.0,1.0,1.0,0.0
before,cpu,578,1,1.0,1.0,1.0,0.0
before,cpu,579,1,1.0,1.0,1.0,0.0
before,cpu,580,1,1.0,1.0,1.0,0.0
before,cpu,581,1,1.0,1.0,1.0,0.0
before,cpu,582,1,1.0,1.0,1.0,0.0
before,cpu,583,1,1.0,1.0,1.0,0.0
before,cpu,584,1,1.0,1.0,1.0,0.0
before,cpu,585,1,1.0,1.0,1.0,0.0
before,cpu,586,1,1.0,1.0,1.0,0.0
before,cpu,587,1,1.0,1.0,1.0,0.0
before,cpu,588,1,1.0,1.0,1.0,0.0
before,cpu,589,1,1.0,1.0,1.0,0.0
before,cpu,590,1,1.0,1.0,1.0,0.0
before,cpu,591,1,1.0,1.0,1.0,0.0
before,cpu,592,1,1.0,1.0,1.0,0.0
before,cpu,593,1,1.0,1.0,1.0,0.0
before,cpu,594,1,1.0,1.0,1.0,0.0
before,cpu,595,1,1.0,1.0,1.0,0.0
before,cpu,596,1,1.0,1.0,1.0,0.0
before,cpu,597,1,1.0,1.0,1.0,0.0
before,cpu,598,1,1.0,1.0,1.0,0.0
before,cpu,599,1,1.0,1.0,1.0,0.0
before,cpu,600,1,1.0,1.0,1.0,0.0
before,cpu,601,1,1.0,1.0,1.0,0.0
before,cpu,602,1,1.0,1.0,1.0,0.0
before,cpu,603,1,1.0,1.0,1.0,0.0
before,cpu,604,1,1.0,1.0,1.0,0.0
before,cpu,605,1,1.0,1.0,1.0,0.0
before,cpu,606,1,1.0,1.0,1.0,0.0
before,cpu,607,1,1.0,1.0,1.0,0.0
before,cpu,608,1,1.0,1.0,1.0,0.0
before,cpu,609,1,1.0,1.0,1.0,0.0
before,cpu,610,1,1.0,1.0,1.0,0.0
before,cpu,611,1,1.0,1.0,1.0,0.0
before,cpu,612,1,1.0,1.0,1.0,0.0
before,cpu,613,1,1.0,1.0,1.0,0.0
before,cpu,614,1,1.0,1.0,1.0,0.0
before,cpu,615,1,1.0,1.0,1.0,0.0
before,cpu,616,1,1.0,1.0,1.0,0.0
before,cpu,617,1,1.0,1.0,1.0,0.0
before,cpu,618,1,1.0,1.0,1.0,0.0
before,cpu,619,1,1.0,1.0,1.0,0.0
before,cpu,620,1,1.0,1.0,1.0,0.0
before,cpu,621,1,1.0,1.0,1.0,0.0
before,cpu,622,1,1.0,1.0,1.0,0.0
before,cpu,623,1,1.0,1.0,1.0,0.0
before,cpu,624,1,1.0,1.0,1.0,0.0
before,cpu,625,1,1.0,1.0,1.0,0.0
before,cpu,626,1,1.0,1.0,1.0,0.0
before,cpu,627,1,1.0,1.0,1.0,0.0
before,cpu,628,1,1.0,1.0,1.0,0.0
before,cpu,629,1,1.0,1.0,1.0,0.0
before,cpu,630,1,1.0,1.0,1.0,0.0
before,cpu,631,1,1.0,1.0,1.0,0.0
before,cpu,632,1,1.0,1.0,1.0,0.0
before,cpu,633,1,1.0,1.0,1.0,0.0
before,cpu,634,1,1.0,1.0,1.0,0.0
before,cpu,635,1,1.0,1.0,1.0,0.0
before,cpu,636,1,1.0,1.0,1.0,0.0
before,cpu,637,1,1.0,1.0,1.0,0.0
before,cpu,638,1,1.0,1.0,1.0,0.0
before,cpu,639,1,1.0,1.0,1.0,0.0
before,cpu,640,1,1.0,1.0,1.0,0.0
before,cpu,641,1,1.0,1.0,1.0,0.0
before,cpu,642,1,1.0,1.0,1.0,0.0
before,cpu,643,1,1.0,1.0,1.0,0.0
before,cpu,644,1,1.0,1.0,1.0,0.0
before,cpu,645,1,1.0,1.0,1.0,0.0
before,cpu,646,1,1.0,1.0,1.0,0.0
before,cpu,647,1,1.0,1.0,1.0,0.0
before,cpu,648,1,1.0,1.0,1.0,0.0
before,cpu,649,1,1.0,1.0,1.0,0.0
before,cpu,650,1,1.0,1.0,1.0,0.0
before,cpu,651,1,1.0,1.0,1.0,0.0
before,cpu,652,1,1.0,1.0,1.0,0.0
before,cpu,653,1,1.0,1.0,1.0,0.0
before,cpu,654,1,1.0,1.0,1.0,0.0
before,cpu,655,1,1.0,1.0,1.0,0.0
before,cpu,656,1,1.0,1.0,1.0,0.0
before,cpu,657,1,1.0,1.0,1.0,0.0
before,cpu,658,1,1.0,1.0,1.0,0.0
before,cpu,659,1,1.0,1.0,1.0,0.0
before,cpu,660,1,1.0,1.0,1.0,0.0
before,cpu,661,1,1.0,1.0,1.0,0.0
before,cpu,662,1,1.0,1.0,1.0,0.0
before,cpu,663,1,1.0,1.0,1.0,0.0
before,cpu,664,1,1.0,1.0,1.0,0.0
before,cpu,665,1,1.0,1.0,1.0,0.0
before,cpu,666,1,1.0,1.0,1.0,0.0
before,cpu,667,1,1.0,1.0,1.0,0.0
before,cpu,668,1,1.0,1.0,1.0,0.0
before,cpu,669,1,1.0,1.0,1.0,0.0
before,cpu,670,1,1.0,1.0,1.0,0.0
before,cpu,671,1,1.0,1.0,1.0,0.0
before,cpu,672,1,1.0,1.0,1.0,0.0
before,cpu,673,1,1.0,1.0,1.0,0.0
before,cpu,674,1,1.0,1.0,1.0,0.0
before,cpu,675,1,1.0,1.0,1.0,0.0
before,cpu,676,1,1.0,1.0,1.0,0.0
before,cpu,677,1,1.0,1.0,1.0,0.0
before,cpu,678,1,1.0,1.0,1.0,0.0
before,cpu,679,1,1.0,1.0,1.0,0.0
before,cpu,680,1,1.0,1.0,1.0,0.0
before,cpu,681,1,1.0,1.0,1.0,0.0
before,cpu,682,1,1.0,1.0,1.0,0.0
before,cpu,683,1,1.0,1.0,1.0,0.0
before,cpu,684,1,1.0,1.0,1.0,0.0
before,cpu,685,1,1.0,1.0,1.0,0.0
before,cpu,686,1,1.0,1.0,1.0,0.0
before,cpu,687,1,1.0,1.0,1.0,0.0
before,cpu,688,1,1.0,1.0,1.0,0.0
before,cpu,689,1,1.0,1.0,1.0,0.0
before,cpu,690,1,1.0,1.0,1.0,0.0
before,cpu,691,1,1.0,1.0,1.0,0.0
before,cpu,692,1,1.0,1.0,1.0,0.0
before,cpu,693,1,1.0,1.0,1.0,0.0
before,cpu,694,1,1.0,1.0,1.0,0.0
before,cpu,695,1,1.0,1.0,1.0,0.0
before,cpu,696,1,1.0,1.0,1.0,0.0
before,cpu,697,1,1.0,1.0,1.0,0.0
before,cpu,698,1,1.0,1.0,1.0,0.0
before,cpu,699,1,1.0,1.0,1.0,0.0
before,cpu,700,1,1.0,1.0,1.0,0.0
before,cpu,701,1,1.0,1.0,1.0,0.0
before,cpu,702,1,1.0,1.0,1.0,0.0
before,cpu,703,1,1.0,1.0,1.0,0.0
before,cpu,704,1,1.0,1.0,1.0,0.0
before,cpu,705,1,1.0,1.0,1.0,0.0
before,cpu,706,1,1.0,1.0,1.0,0.0
before,cpu,707,1,1.0,1.0,1.0,0.0
before,cpu,708,1,1.0,1.0,1.0,0.0
before,cpu,709,1,1.0,1.0,1.0,0.0
before,cpu,710,1,1.0,1.0,1.0,0.0
before,cpu,711,1,1.0,1.0,1.0,0.0
before,cpu,712,1,1.0,1.0,1.0,0.0
before,cpu,713,1,1.0,1.0,1.0,0.0
before,cpu,714,1,1.0,1.0,1.0,0.0
before,cpu,715,1,1.0,1.0,1.0,0.0
before,cpu,716,1,1.0,1.0,1.0,0.0
before,cpu,717,1,1.0,1.0,1.0,0.0
before,cpu,718,1,1.0,1.0,1.0,0.0
before,cpu,719,1,1.0,1.0,1.0,0.0
before,cpu,720,1,1.0,1.0,1.0,0.0
before,cpu,721,1,1.0,1.0,1.0,0.0
before,cpu,722,1,1.0,1.0,1.0,0.0
before,cpu,723,1,1.0,1.0,1.0,0.0
before,cpu,724,1,1.0,1.0,1.0,0.0
before,cpu,725,1,1.0,1.0,1.0,0.0
before,cpu,726,1,1.0,1.0,1.0,0.0
before,cpu,727,1,1.0,1.0,1.0,0.0
before,cpu,728,1,1.0,1.0,1.0,0.0
before,cpu,729,1,1.0,1.0,1.0,0.0
before,cpu,730,1,1.0,1.0,1.0,0.0
before,cpu,731,1,1.0,1.0,1.0,0.0
before,cpu,732,1,1.0,1.0,1.0,0.0
before,cpu,733,1,1.0,1.0,1.0,0.0
before,cpu,734,1,1.0,1.0,1.0,0.0
before,cpu,735,1,1.0,1.0,1.0,0.0
before,cpu,736,1,1.0,1.0,1.0,0.0
before,cpu,737,1,1.0,1.0,1.0,0.0
before,cpu,738,1,1.0,1.0,1.0,0.0
before,cpu,739,1,1.0,1.0,1.0,0.0
before,cpu,740,1,1.0,1.0,1.0,0.0
before,cpu,741,1,1.0,1.0,1.0,0.0
before,cpu,742,1,1.0,1.0,1.0,0.0
before,cpu,743,1,1.0,1.0,1.0,0.0
before,cpu,744,1,1.0,1.0,1.0,0.0
before,cpu,745,1,1.0,1.0,1.0,0.0
before,cpu,746,1,1.0,1.0,1.0,0.0
before,cpu,747,1,1.0,1.0,1.0,0.0
before,cpu,748,1,1.0,1.0,1.0,0.0
before,cpu,749,1,1.0,1.0,1.0,0.0
before,cpu,750,1,1.0,1.0,1.0,0.0
before,cpu,751,1,1.0,1.0,1.0,0.0
before,cpu,752,1,1.0,1.0,1.0,0.0
before,cpu,753,1,1.0,1.0,1.0,0.0
before,cpu,754,1,1.0,1.0,1.0,0.0
before,cpu,755,1,1.0,1.0,1.0,0.0
before,cpu,756,1,1.0,1.0,1.0,0.0
before,cpu,757,1,1.0,1.0,1.0,0.0
before,cpu,758,1,1.0,1.0,1.0,0.0
before,cpu,759,1,1.0,1.0,1.0,0.0
before,cpu,760,1,1.0,1.0,1.0,0.0
before,cpu,761,1,1.0,1.0,1.0,0.0
before,cpu,762,1,1.0,1.0,1.0,0.0
before,cpu,763,1,1.0,1.0,1.0,0.0
before,cpu,764,1,1.0,1.0,1.0,0.0
before,cpu,765,1,1.0,1.0,1.0,0.0
before,cpu,766,1,1.0,1.0,1.0,0.0
before,cpu,767,1,1.0,1.0,1.0,0.0
before,cpu,768,1,1.0,1.0,1.0,0.0
before,cpu,769,1,1.0,1.0,1.0,0.0
before,cpu,770,1,1.0,1.0,1.0,0.0
before,cpu,771,1,1.0,1.0,1.0,0.0
before,cpu,772,1,1.0,1.0,1.0,0.0
before,cpu,773,1,1.0,1.0,1.0,0.0
before,cpu,774,1,1.0,1.0,1.0,0.0
before,cpu,775,1,1.0,1.0,1.0,0.0
before,cpu,776,1,1.0,1.0,1.0,0.0
before,cpu,777,1,1.0,1.0,1.0,0.0
before,cpu,778,1,1.0,1.0,1.0,0.0
before,cpu,779,1,1.0,1.0,1.0,0.0
before,cpu,780,1,1.0,1.0,1.0,0.0
before,cpu,781,1,1.0,1.0,1.0,0.0
before,cpu,782,1,1.0,1.0,1.0,0.0
before,cpu,783,1,1.0,1.0,1.0,0.0
before,cpu,784,1,1.0,1.0,1.0,0.0
before,cpu,785,1,1.0,1.0,1.0,0.0
before,cpu,786,1,1.0,1.0,1.0,0.0
before,cpu,787,1,1.0,1.0,1.0,0.0
before,cpu,788,1,1.0,1.0,1.0,0.0
before,cpu,789,1,1.0,1.0,1.0,0.0
before,cpu,790,1,1.0,1.0,1.0,0.0
before,cpu,791,1,1.0,1.0,1.0,0.0
before,cpu,792,1,1.0,1.0,1.0,0.0
before,cpu,793,1,1.0,1.0,1.0,0.0
before,cpu,794,1,1.0,1.0,1.0,0.0
before,cpu,795,1,1.0,1.0,1.0,0.0
before,cpu,796,1,1.0,1.0,1.0,0.0
before,cpu,797,1,1.0,1.0,1.0,0.0
before,cpu,798,1,1.0,1.0,1.0,0.0
before,cpu,799,1,1.0,1.0,1.0,0.0
before,cpu,800,1,1.0,1.0,1.0,0.0
before,cpu,801,1,1.0,1.0,1.0,0.0
before,cpu,802,1,1.0,1.0,1.0,0.0
before,cpu,803,1,1.0,1.0,1.0,0.0
before,cpu,804,1,1.0,1.0,1.0,0.0
before,cpu,805,1,1.0,1.0,1.0,0.0
before,cpu,806,1,1.0,1.0,1.0,0.0
before,cpu,807,1,1.0,1.0,1.0,0.0
before,cpu,808,1,1.0,1.0,1.0,0.0
before,cpu,809,1,1.0,1.0,1.0,0.0
before,cpu,810,1,1.0,1.0,1.0,0.0
before,cpu,811,1,1.0,1.0,1.0,0.0
before,cpu,812,1,1.0,1.0,1.0,0.0
before,cpu,813,1,1.0,1.0,1.0,0.0
before,cpu,814,1,1.0,1.0,1.0,0.0
before,cpu,815,1,1.0,1.0,1.0,0.0
before,cpu,816,1,1.0,1.0,1.0,0.0
before,cpu,817,1,1.0,1.0,1.0,0.0
before,cpu,818,1,1.0,1.0,1.0,0.0
before,cpu,819,1,1.0,1.0,1.0,0.0
before,cpu,820,1,1.0,1.0,1.0,0.0
before,cpu,821,1,1.0,1.0,1.0,0.0
before,cpu,822,1,1.0,1.0,1.0,0.0
before,cpu,823,1,1.0,1.0,1.0,0.0
before,cpu,824,1,1.0,1.0,1.0,0.0
before,cpu,825,1,1.0,1.0,1.0,0.0
before,cpu,826,1,1.0,1.0,1.0,0.0
before,cpu,827,1,1.0,1.0,1.0,0.0
before,cpu,828,1,1.0,1.0,1.0,0.0
before,cpu,829,1,1.0,1.0,1.0,0.0
before,cpu,830,1,1.0,1.0,1.0,0.0
before,cpu,831,1,1.0,1.0,1.0,0.0
before,cpu,832,1,1.0,1.0,1.0,0.0
before,cpu,833,1,1.0,1.0,1.0,0.0
before,cpu,834,1,1.0,1.0,1.0,0.0
before,cpu,835,1,1.0,1.0,1.0,0.0
before,cpu,836,1,1.0,1.0,1.0,0.0
before,cpu,837,1,1.0,1.0,1.0,0.0
before,cpu,838,1,1.0,1.0,1.0,0.0
before,cpu,839,1,1.0,1.0,1.0,0.0
before,cpu,840,1,1.0,1.0,1.0,0.0
before,cpu,841,1,1.0,1.0,1.0,0.0
before,cpu,842,1,1.0,1.0,1.0,0.0
before,cpu,843,1,1.0,1.0,1.0,0.0
before,cpu,844,1,1.0,1.0,1.0,0.0
before,cpu,845,1,1.0,1.0,1.0,0.0
before,cpu,846,1,1.0,1.0,1.0,0.0
before,cpu,847,1,1.0,1.0,1.0,0.0
before,cpu,848,1,1.0,1.0,1.0,0.0
before,cpu,849,1,1.0,1.0,1.0,0.0
before,cpu,850,1,1.0,1.0,1.0,0.0
before,cpu,851,1,1.0,1.0,1.0,0.0
before,cpu,852,1,1.0,1.0,1.0,0.0
before,cpu,853,1,1.0,1.0,1.0,0.0
before,cpu,854,1,1.0,1.0,1.0,0.0
before,cpu,855,1,1.0,1.0,1.0,0.0
before,cpu,856,1,1.0,1.0,1.0,0.0
before,cpu,857,1,1.0,1.0,1.0,0.0
before,cpu,858,1,1.0,1.0,1.0,0.0
before,cpu,859,1,1.0,1.0,1.0,0.0
before,cpu,860,1,1.0,1.0,1.0,0.0
before,cpu,861,1,1.0,1.0,1.0,0.0
before,cpu,862,1,1.0,1.0,1.0,0.0
before,cpu,863,1,1.0,1.0,1.0,0.0
before,cpu,864,1,1.0,1.0,1.0,0.0
before,cpu,865,1,1.0,1.0,1.0,0.0
before,cpu,866,1,1.0,1.0,1.0,0.0
before,cpu,867,1,1.0,1.0,1.0,0.0
before,cpu,868,1,1.0,1.0,1.0,0.0
before,cpu,869,1,1.0,1.0,1.0,0.0
before,cpu,870,1,1.0,1.0,1.0,0.0
before,cpu,871,1,1.0,1.0,1.0,0.0
before,cpu,872,1,1.0,1.0,1.0,0.0
before,cpu,873,1,1.0,1.0,1.0,0.0
before,cpu,874,1,1.0,1.0,1.0,0.0
before,cpu,875,1,1.0,1.0,1.0,0.0
before,cpu,876,1,1.0,1.0,1.0,0.0
before,cpu,877,1,1.0,1.0,1.0,0.0
before,cpu,878,1,1.0,1.0,1.0,0.0
before,cpu,879,1,1.0,1.0,1.0,0.0
before,cpu,880,1,1.0,1.0,1.0,0.0
before,cpu,881,1,1.0,1.0,1.0,0.0
before,cpu,882,1,1.0,1.0,1.0,0.0
before,cpu,883,1,1.0,1.0,1.0,0.0
before,cpu,884,1,1.0,1.0,1.0,0.0
before,cpu,885,1,1.0,1.0,1.0,0.0
before,cpu,886,1,1.0,1.0,1.0,0.0
before,cpu,887,1,1.0,1.0,1.0,0.0
before,cpu,888,1,1.0,1.0,1.0,0.0
before,cpu,889,1,1.0,1.0,1.0,0.0
before,cpu,890,1,1.0,1.0,1.0,0.0
before,cpu,891,1,1.0,1.0,1.0,0.0
before,cpu,892,1,1.0,1.0,1.0,0.0
before,cpu,893,1,1.0,1.0,1.0,0.0
before,cpu,894,1,1.0,1.0,1.0,0.0
before,cpu,895,1,1.0,1.0,1.0,0.0
before,cpu,896,1,1.0,1.0,1.0,0.0
before,cpu,897,1,1.0,1.0,1.0,0.0
before,cpu,898,1,1.0,1.0,1.0,0.0
before,cpu,899,1,1.0,1.0,1.0,0.0
before,cpu,900,1,1.0,1.0,1.0,0.0
before,cpu,901,1,1.0,1.0,1.0,0.0
before,cpu,902,1,1.0,1.0,1.0,0.0
before,cpu,903,1,1.0,1.0,1.0,0.0
before,cpu,904,1,1.0,1.0,1.0,0.0
before,cpu,905,1,1.0,1.0,1.0,0.0
before,cpu,906,1,1.0,1.0,1.0,0.0
before,cpu,907,1,1.0,1.0,1.0,0.0
before,cpu,908,1,1.0,1.0,1.0,0.0
before,cpu,909,1,1.0,1.0,1.0,0.0
before,cpu,910,1,1.0,1.0,1.0,0.0
before,cpu,911,1,1.0,1.0,1.0,0.0
before,cpu,912,1,1.0,1.0,1.0,0.0
before,cpu,913,1,1.0,1.0,1.0,0.0
before,cpu,914,1,1.0,1.0,1.0,0.0
before,cpu,915,1,1.0,1.0,1.0,0.0
before,cpu,916,1,1.0,1.0,1.0,0.0
before,cpu,917,1,1.0,1.0,1.0,0.0
before,cpu,918,1,1.0,1.0,1.0,0.0
before,cpu,919,1,1.0,1.0,1.0,0.0
before,cpu,920,1,1.0,1.0,1.0,0.0
before,cpu,921,1,1.0,1.0,1.0,0.0
before,cpu,922,1,1.0,1.0,1.0,0.0
before,cpu,923,1,1.0,1.0,1.0,0.0
before,cpu,924,1,1.0,1.0,1.0,0.0
before,cpu,925,1,1.0,1.0,1.0,0.0
before,cpu,926,1,1.0,1.0,1.0,0.0
before,cpu,927,1,1.0,1.0,1.0,0.0
before,cpu,928,1,1.0,1.0,1.0,0.0
before,cpu,929,1,1.0,1.0,1.0,0.0
before,cpu,930,1,1.0,1.0,1.0,0.0
before,cpu,931,1,1.0,1.0,1.0,0.0
before,cpu,932,1,1.0,1.0,1.0,0.0
before,cpu,933,1,1.0,1.0,1.0,0.0
before,cpu,934,1,1.0,1.0,1.0,0.0
before,cpu,935,1,1.0,1.0,1.0,0.0
before,cpu,936,1,1.0,1.0,1.0,0.0
before,cpu,937,1,1.0,1.0,1.0,0.0
before,cpu,938,1,1.0,1.0,1.0,0.0
before,cpu,939,1,1.0,1.0,1.0,0.0
before,cpu,940,1,1.0,1.0,1.0,0.0
before,cpu,941,1,1.0,1.0,1.0,0.0
before,cpu,942,1,1.0,1.0,1.0,0.0
before,cpu,943,1,1.0,1.0,1.0,0.0
before,cpu,944,1,1.0,1.0,1.0,0.0
before,cpu,945,1,1.0,1.0,1.0,0.0
before,cpu,946,1,1.0,1.0,1.0,0.0
before,cpu,947,1,1.0,1.0,1.0,0.0
before,cpu,948,1,1.0,1.0,1.0,0.0
before,cpu,949,1,1.0,1.0,1.0,0.0
before,cpu,950,1,1.0,1.0,1.0,0.0
before,cpu,951,1,1.0,1.0,1.0,0.0
before,cpu,952,1,1.0,1.0,1.0,0.0
before,cpu,953,1,1.0,1.0,1.0,0.0
before,cpu,954,1,1.0,1.0,1.0,0.0
before,cpu,955,1,1.0,1.0,1.0,0.0
before,cpu,956,1,1.0,1.0,1.0,0.0
before,cpu,957,1,1.0,1.0,1.0,0.0
before,cpu,958,1,1.0,1.0,1.0,0.0
before,cpu,959,1,1.0,1.0,1.0,0.0
before,cpu,960,1,1.0,1.0,1.0,0.0
before,cpu,961,1,1.0,1.0,1.0,0.0
before,cpu,962,1,1.0,1.0,1.0,0.0
before,cpu,963,1,1.0,1.0,1.0,0.0
before,cpu,964,1,1.0,1.0,1.0,0.0
before,cpu,965,1,1.0,1.0,1.0,0.0
before,cpu,966,1,1.0,1.0,1.0,0.0
before,cpu,967,1,1.0,1.0,1.0,0.0
before,cpu,968,1,1.0,1.0,1.0,0.0
before,cpu,969,1,1.0,1.0,1.0,0.0
before,cpu,970,1,1.0,1.0,1.0,0.0
before,cpu,971,1,1.0,1.0,1.0,0.0
before,cpu,972,1,1.0,1.0,1.0,0.0
before,cpu,973,1,1.0,1.0,1.0,0.0
before,cpu,974,1,1.0,1.0,1.0,0.0
before,cpu,975,1,1.0,1.0,1.0,0.0
before,cpu,976,1,1.0,1.0,1.0,0.0
before,cpu,977,1,1.0,1.0,1.0,0.0
before,cpu,978,1,1.0,1.0,1.0,0.0
before,cpu,979,1,1.0,1.0,1.0,0.0
before,cpu,980,1,1.0,1.0,1.0,0.0
before,cpu,981,1,1.0,1.0,1.0,0.0
before,cpu,982,1,1.0,1.0,1.0,0.0
before,cpu,983,1,1.0,1.0,1.0,0.0
before,cpu,984,1,1.0,1.0,1.0,0.0
before,cpu,985,1,1.0,1.0,1.0,0.0
before,cpu,986,1,1.0,1.0,1.0,0.0
before,cpu,987,1,1.0,1.0,1.0,0.0
before,cpu,988,1,1.0,1.0,1.0,0.0
before,cpu,989,1,1.0,1.0,1.0,0.0
before,cpu,990,1,1.0,1.0,1.0,0.0
before,cpu,991,1,1.0,1.0,1.0,0.0
before,cpu,992,1,1.0,1.0,1.0,0.0
before,cpu,993,1,1.0,1.0,1.0,0.0
before,cpu,994,1,1.0,1.0,1.0,0.0
before,cpu,995,1,1.0,1.0,1.0,0.0
before,cpu,996,1,1.0,1.0,1.0,0.0
before,cpu,997,1,1.0,1.0,1.0,0.0
before,cpu,998,1,1.0,1.0,1.0,0.0
before,cpu,999,1,1.0,1.0,1.0,0.0
before,cpu,1000,1,1.0,1.0,1.0,0.0
before,cpu,1001,1,1.0,1.0,1.0,0.0
before,cpu,1002,1,1.0,1.0,1.0,0.0
before,cpu,1003,1,1.0,1.0,1.0,0.0
before,cpu,1004,1,1.0,1.0,1.0,0.0
before,cpu,1005,1,1.0,1.0,1.0,0.0
before,cpu,1006,1,1.0,1.0,1.0,0.0
before,cpu,1007,1,1.0,1.0,1.0,0.0
before,cpu,1008,1,1.0,1.0,1.0,0.0
before,cpu,1009,1,1.0,1.0,1.0,0.0
before,cpu,1010,1,1.0,1.0,1.0,0.0
before,cpu,1011,1,1.0,1.0,1.0,0.0
before,cpu,1012,1,1.0,1.0,1.0,0.0
before,cpu,1013,1,1.0,1.0,1.0,0.0
before,cpu,1014,1,1.0,1.0,1.0,0.0
before,cpu,1015,1,1.0,1.0,1.0,0.0
before,cpu,1016,1,1.0,1.0,1.0,0.0
before,cpu,1017,1,1.0,1.0,1.0,0.0
before,cpu,1018,1,1.0,1.0,1.0,0.0
before,cpu,1019,1,1.0,1.0,1.0,0.0
before,cpu,1020,1,1.0,1.0,1.0,0.0
before,cpu,1021,1,1.0,1.0,1.0,0.0
before,cpu,1022,1,1.0,1.0,1.0,0.0
before,cpu,1023,1,1.0,1.0,1.0,0.0
before,cpu,1024,1,1.0,1.0,1.0,0.0
before,cpu,1025,1,1.0,1.0,1.0,0.0
before,cpu,1026,1,1.0,1.0,1.0,0.0
before,cpu,1027,1,1.0,1.0,1.0,0.0
before,cpu,1028,1,1.0,1.0,1.0,0.0
before,cpu,1029,1,1.0,1.0,1.0,0.0
before,cpu,1030,1,1.0,1.0,1.0,0.0
before,cpu,1031,1,1.0,1.0,1.0,0.0
before,cpu,1032,1,1.0,1.0,1.0,0.0
before,cpu,1033,1,1.0,1.0,1.0,0.0
before,cpu,1034,1,1.0,1.0,1.0,0.0
before,cpu,1035,1,1.0,1.0,1.0,0.0
before,cpu,1036,1,1.0,1.0,1.0,0.0
before,cpu,1037,1,1.0,1.0,1.0,0.0
before,cpu,1038,1,1.0,1.0,1.0,0.0
before,cpu,1039,1,1.0,1.0,1.0,0.0
before,cpu,1040,1,1.0,1.0,1.0,0.0
before,cpu,1041,1,1.0,1.0,1.0,0.0
before,cpu,1042,1,1.0,1.0,1.0,0.0
before,cpu,1043,1,1.0,1.0,1.0,0.0
before,cpu,1044,1,1.0,1.0,1.0,0.0
before,cpu,1045,1,1.0,1.0,1.0,0.0
before,cpu,1046,1,1.0,1.0,1.0,0.0
before,cpu,1047,1,1.0,1.0,1.0,0.0
before,cpu,1048,1,1.0,1.0,1.0,0.0
before,cpu,1049,1,1.0,1.0,1.0,0.0
before,cpu,1050,1,1.0,1.0,1.0,0.0
before,cpu,1051,1,1.0,1.0,1.0,0.0
before,cpu,1052,1,1.0,1.0,1.0,0.0
before,cpu,1053,1,1.0,1.0,1.0,0.0
before,cpu,1054,1,1.0,1.0,1.0,0.0
before,cpu,1055,1,1.0,1.0,1.0,0.0
before,cpu,1056,1,1.0,1.0,1.0,0.0
before,cpu,1057,1,1.0,1.0,1.0,0.0
before,cpu,1058,1,1.0,1.0,1.0,0.0
before,cpu,1059,1,1.0,1.0,1.0,0.0
before,cpu,1060,1,1.0,1.0,1.0,0.0
before,cpu,1061,1,1.0,1.0,1.0,0.0
before,cpu,1062,1,1.0,1.0,1.0,0.0
before,cpu,1063,1,1.0,1.0,1.0,0.0
before,cpu,1064,1,1.0,1.0,1.0,0.0
before,cpu,1065,1,1.0,1.0,1.0,0.0
before,cpu,1066,1,1.0,1.0,1.0,0.0
before,cpu,1067,1,1.0,1.0,1.0,0.0
before,cpu,1068,1,1.0,1.0,1.0,0.0
before,cpu,1069,1,1.0,1.0,1.0,0.0
before,cpu,1070,1,1.0,1.0,1.0,0.0
before,cpu,1071,1,1.0,1.0,1.0,0.0
before,cpu,1072,1,1.0,1.0,1.0,0.0
before,cpu,1073,1,1.0,1.0,1.0,0.0
before,cpu,1074,1,1.0,1.0,1.0,0.0
before,cpu,1075,1,1.0,1.0,1.0,0.0
before,cpu,1076,1,1.0,1.0,1.0,0.0
before,cpu,1077,1,1.0,1.0,1.0,0.0
before,cpu,1078,1,1.0,1.0,1.0,0.0
before,cpu,1079,1,1.0,1.0,1.0,0.0
before,cpu,1080,1,1.0,1.0,1.0,0.0
before,cpu,1081,1,1.0,1.0,1.0,0.0
before,cpu,1082,1,1.0,1.0,1.0,0.0
before,cpu,1083,1,1.0,1.0,1.0,0.0
before,cpu,1084,1,1.0,1.0,1.0,0.0
before,cpu,1085,1,1.0,1.0,1.0,0.0
before,cpu,1086,1,1.0,1.0,1.0,0.0
before,cpu,1087,1,1.0,1.0,1.0,0.0
before,cpu,1088,1,1.0,1.0,1.0,0.0
before,cpu,1089,1,1.0,1.0,1.0,0.0
before,cpu,1090,1,1.0,1.0,1.0,0.0
before,cpu,1091,1,1.0,1.0,1.0,0.0
before,cpu,1092,1,1.0,1.0,1.0,0.0
before,cpu,1093,1,1.0,1.0,1.0,0.0
before,cpu,1094,1,1.0,1.0,1.0,0.0
before,cpu,1095,1,1.0,1.0,1.0,0.0
before,cpu,1096,1,1.0,1.0,1.0,0.0
before,cpu,1097,1,1.0,1.0,1.0,0.0
before,cpu,1098,1,1.0,1.0,1.0,0.0
before,cpu,1099,1,1.0,1.0,1.0,0.0
before,cpu,1100,1,1.0,1.0,1.0,0.0
before,cpu,1101,1,1.0,1.0,1.0,0.0
before,cpu,1102,1,1.0,1.0,1.0,0.0
before,cpu,1103,1,1.0,1.0,1.0,0.0
before,cpu,1104,1,1.0,1.0,1.0,0.0
before,cpu,1105,1,1.0,1.0,1.0,0.0
before,cpu,1106,1,1.0,1.0,1.0,0.0
before,cpu,1107,1,1.0,1.0,1.0,0.0
before,cpu,1108,1,1.0,1.0,1.0,0.0
before,cpu,1109,1,1.0,1.0,1.0,0.0
before,cpu,1110,1,1.0,1.0,1.0,0.0
before,cpu,1111,1,1.0,1.0,1.0,0.0
before,cpu,1112,1,1.0,1.0,1.0,0.0
before,cpu,1113,1,1.0,1.0,1.0,0.0
before,cpu,1114,1,1.0,1.0,1.0,0.0
before,cpu,1115,1,1.0,1.0,1.0,0.0
before,cpu,1116,1,1.0,1.0,1.0,0.0
before,cpu,1117,1,1.0,1.0,1.0,0.0
before,cpu,1118,1,1.0,1.0,1.0,0.0
before,cpu,1119,1,1.0,1.0,1.0,0.0
before,cpu,1120,1,1.0,1.0,1.0,0.0
before,cpu,1121,1,1.0,1.0,1.0,0.0
before,cpu,1122,1,1.0,1.0,1.0,0.0
before,cpu,1123,1,1.0,1.0,1.0,0.0
before,cpu,1124,1,1.0,1.0,1.0,0.0
before,cpu,1125,1,1.0,1.0,1.0,0.0
before,cpu,1126,1,1.0,1.0,1.0,0.0
before,cpu,1127,1,1.0,1.0,1.0,0.0
before,cpu,1128,1,1.0,1.0,1.0,0.0
before,cpu,1129,1,1.0,1.0,1.0,0.0
before,cpu,1130,1,1.0,1.0,1.0,0.0
before,cpu,1131,1,1.0,1.0,1.0,0.0
before,cpu,1132,1,1.0,1.0,1.0,0.0
before,cpu,1133,1,1.0,1.0,1.0,0.0
before,cpu,1134,1,1.0,1.0,1.0,0.0
before,cpu,1135,1,1.0,1.0,1.0,0.0
before,cpu,1136,1,1.0,1.0,1.0,0.0
before,cpu,1137,1,1.0,1.0,1.0,0.0
before,cpu,1138,1,1.0,1.0,1.0,0.0
before,cpu,1139,1,1.0,1.0,1.0,0.0
before,cpu,1140,1,1.0,1.0,1.0,0.0
before,cpu,1141,1,1.0,1.0,1.0,0.0
before,cpu,1142,1,1.0,1.0,1.0,0.0
before,cpu,1143,1,1.0,1.0,1.0,0.0
before,cpu,1144,1,1.0,1.0,1.0,0.0
before,cpu,1145,1,1.0,1.0,1.0,0.0
before,cpu,1146,1,1.0,1.0,1.0,0.0
before,cpu,1147,1,1.0,1.0,1.0,0.0
before,cpu,1148,1,1.0,1.0,1.0,0.0
before,cpu,1149,1,1.0,1.0,1.0,0.0
before,cpu,1150,1,1.0,1.0,1.0,0.0
before,cpu,1151,1,1.0,1.0,1.0,0.0
before,cpu,1152,1,1.0,1.0,1.0,0.0
before,cpu,1153,1,1.0,1.0,1.0,0.0
before,cpu,1154,1,1.0,1.0,1.0,0.0
before,cpu,1155,1,1.0,1.0,1.0,0.0
before,cpu,1156,1,1.0,1.0,1.0,0.0
before,cpu,1157,1,1.0,1.0,1.0,0.0
before,cpu,1158,1,1.0,1.0,1.0,0.0
before,cpu,1159,1,1.0,1.0,1.0,0.0
before,cpu,1160,1,1.0,1.0,1.0,0.0
before,cpu,1161,1,1.0,1.0,1.0,0.0
before,cpu,1162,1,1.0,1.0,1.0,0.0
before,cpu,1163,1,1.0,1.0,1.0,0.0
before,cpu,1164,1,1.0,1.0,1.0,0.0
before,cpu,1165,1,1.0,1.0,1.0,0.0
before,cpu,1166,1,1.0,1.0,1.0,0.0
before,cpu,1167,1,1.0,1.0,1.0,0.0
before,cpu,1168,1,1.0,1.0,1.0,0.0
before,cpu,1169,1,1.0,1.0,1.0,0.0
before,cpu,1170,1,1.0,1.0,1.0,0.0
before,cpu,1171,1,1.0,1.0,1.0,0.0
before,cpu,1172,1,1.0,1.0,1.0,0.0
before,cpu,1173,1,1.0,1.0,1.0,0.0
before,cpu,1174,1,1.0,1.0,1.0,0.0
before,cpu,1175,1,1.0,1.0,1.0,0.0
before,cpu,1176,1,1.0,1.0,1.0,0.0
before,cpu,1177,1,1.0,1.0,1.0,0.0
before,cpu,1178,1,1.0,1.0,1.0,0.0
before,cpu,1179,1,1.0,1.0,1.0,0.0
before,cpu,1180,1,1.0,1.0,1.0,0.0
before,cpu,1181,1,1.0,1.0,1.0,0.0
before,cpu,1182,1,1.0,1.0,1.0,0.0
before,cpu,1183,1,1.0,1.0,1.0,0.0
before,cpu,1184,1,1.0,1.0,1.0,0.0
before,cpu,1185,1,1.0,1.0,1.0,0.0
before,cpu,1186,1,1.0,1.0,1.0,0.0
before,cpu,1187,1,1.0,1.0,1.0,0.0
before,cpu,1188,1,1.0,1.0,1.0,0.0
before,cpu,1189,1,1.0,1.0,1.0,0.0
before,cpu,1190,1,1.0,1.0,1.0,0.0
before,cpu,1191,1,1.0,1.0,1.0,0.0
before,cpu,1192,1,1.0,1.0,1.0,0.0
before,cpu,1193,1,1.0,1.0,1.0,0.0
before,cpu,1194,1,1.0,1.0,1.0,0.0
before,cpu,1195,1,1.0,1.0,1.0,0.0
before,cpu,1196,1,1.0,1.0,1.0,0.0
before,cpu,1197,1,1.0,1.0,1.0,0.0
before,cpu,1198,1,1.0,1.0,1.0,0.0
before,cpu,1199,1,1.0,1.0,1.0,0.0
before,cpu,1200,1,1.0,1.0,1.0,0.0
before,cpu,1201,1,1.0,1.0,1.0,0.0
before,cpu,1202,1,1.0,1.0,1.0,0.0
before,cpu,1203,1,1.0,1.0,1.0,0.0
before,cpu,1204,1,1.0,1.0,1.0,0.0
before,cpu,1205,1,1.0,1.0,1.0,0.0
before,cpu,1206,1,1.0,1.0,1.0,0.0
before,cpu,1207,1,1.0,1.0,1.0,0.0
before,cpu,1208,1,1.0,1.0,1.0,0.0
before,cpu,1209,1,1.0,1.0,1.0,0.0
before,cpu,1210,1,1.0,1.0,1.0,0.0
before,cpu,1211,1,1.0,1.0,1.0,0.0
before,cpu,1212,1,1.0,1.0,1.0,0.0
before,cpu,1213,1,1.0,1.0,1.0,0.0
before,cpu,1214,1,1.0,1.0,1.0,0.0
before,cpu,1215,1,1.0,1.0,1.0,0.0
before,cpu,1216,1,1.0,1.0,1.0,0.0
before,cpu,1217,1,1.0,1.0,1.0,0.0
before,cpu,1218,1,1.0,1.0,1.0,0.0
before,cpu,1219,1,1.0,1.0,1.0,0.0
before,cpu,1220,1,1.0,1.0,1.0,0.0
before,cpu,1221,1,1.0,1.0,1.0,0.0
before,cpu,1222,1,1.0,1.0,1.0,0.0
before,cpu,1223,1,1.0,1.0,1.0,0.0
before,cpu,1224,1,1.0,1.0,1.0,0.0
before,cpu,1225,1,1.0,1.0,1.0,0.0
before,cpu,1226,1,1.0,1.0,1.0,0.0
before,cpu,1227,1,1.0,1.0,1.0,0.0
before,cpu,1228,1,1.0,1.0,1.0,0.0
before,cpu,1229,1,1.0,1.0,1.0,0.0
before,cpu,1230,1,1.0,1.0,1.0,0.0
before,cpu,1231,1,1.0,1.0,1.0,0.0
before,cpu,1232,1,1.0,1.0,1.0,0.0
before,cpu,1233,1,1.0,1.0,1.0,0.0
before,cpu,1234,1,1.0,1.0,1.0,0.0
before,cpu,1235,1,1.0,1.0,1.0,0.0
before,cpu,1236,1,1.0,1.0,1.0,0.0
before,cpu,1237,1,1.0,1.0,1.0,0.0
before,cpu,1238,1,1.0,1.0,1.0,0.0
before,cpu,1239,1,1.0,1.0,1.0,0.0
before,cpu,1240,1,1.0,1.0,1.0,0.0
before,cpu,1241,1,1.0,1.0,1.0,0.0
before,cpu,1242,1,1.0,1.0,1.0,0.0
before,cpu,1243,1,1.0,1.0,1.0,0.0
before,cpu,1244,1,1.0,1.0,1.0,0.0
before,cpu,1245,1,1.0,1.0,1.0,0.0
before,cpu,1246,1,1.0,1.0,1.0,0.0
before,cpu,1247,1,1.0,1.0,1.0,0.0
before,cpu,1248,1,1.0,1.0,1.0,0.0
before,cpu,1249,1,1.0,1.0,1.0,0.0
before,cpu,1250,1,1.0,1.0,1.0,0.0
before,cpu,1251,1,1.0,1.0,1.0,0.0
before,cpu,1252,1,1.0,1.0,1.0,0.0
before,cpu,1253,1,1.0,1.0,1.0,0.0
before,cpu,1254,1,1.0,1.0,1.0,0.0
before,cpu,1255,1,1.0,1.0,1.0,0.0
before,cpu,1256,1,1.0,1.0,1.0,0.0
before,cpu,1257,1,1.0,1.0,1.0,0.0
before,cpu,1258,1,1.0,1.0,1.0,0.0
before,cpu,1259,1,1.0,1.0,1.0,0.0
before,cpu,1260,1,1.0,1.0,1.0,0.0
before,cpu,1261,1,1.0,1.0,1.0,0.0
before,cpu,1262,1,1.0,1.0,1.0,0.0
before,cpu,1263,1,1.0,1.0,1.0,0.0
before,cpu,1264,1,1.0,1.0,1.0,0.0
before,cpu,1265,1,1.0,1.0,1.0,0.0
before,cpu,1266,1,1.0,1.0,1.0,0.0
before,cpu,1267,1,1.0,1.0,1.0,0.0
before,cpu,1268,1,1.0,1.0,1.0,0.0
before,cpu,1269,1,1.0,1.0,1.0,0.0
before,cpu,1270,1,1.0,1.0,1.0,0.0
before,cpu,1271,1,1.0,1.0,1.0,0.0
before,cpu,1272,1,1.0,1.0,1.0,0.0
before,cpu,1273,1,1.0,1.0,1.0,0.0
before,cpu,1274,1,1.0,1.0,1.0,0.0
before,cpu,1275,1,1.0,1.0,1.0,0.0
before,cpu,1276,1,1.0,1.0,1.0,0.0
before,cpu,1277,1,1.0,1.0,1.0,0.0
before,cpu,1278,1,1.0,1.0,1.0,0.0
before,cpu,1279,1,1.0,1.0,1.0,0.0
before,cpu,1280,1,1.0,1.0,1.0,0.0
before,cpu,1281,1,1.0,1.0,1.0,0.0
before,cpu,1282,1,1.0,1.0,1.0,0.0
before,cpu,1283,1,1.0,1.0,1.0,0.0
before,cpu,1284,1,1.0,1.0,1.0,0.0
before,cpu,1285,1,1.0,1.0,1.0,0.0
before,cpu,1286,1,1.0,1.0,1.0,0.0
before,cpu,1287,1,1.0,1.0,1.0,0.0
before,cpu,1288,1,1.0,1.0,1.0,0.0
before,cpu,1289,1,1.0,1.0,1.0,0.0
before,cpu,1290,1,1.0,1.0,1.0,0.0
before,cpu,1291,1,1.0,1.0,1.0,0.0
before,cpu,1292,1,1.0,1.0,1.0,0.0
before,cpu,1293,1,1.0,1.0,1.0,0.0
before,cpu,1294,1,1.0,1.0,1.0,0.0
before,cpu,1295,1,1.0,1.0,1.0,0.0
before,cpu,1296,1,1.0,1.0,1.0,0.0
before,cpu,1297,1,1.0,1.0,1.0,0.0
before,cpu,1298,1,1.0,1.0,1.0,0.0
before,cpu,1299,1,1.0,1.0,1.0,0.0
before,cpu,1300,1,1.0,1.0,1.0,0.0
before,cpu,1301,1,1.0,1.0,1.0,0.0
before,cpu,1302,1,1.0,1.0,1.0,0.0
before,cpu,1303,1,1.0,1.0,1.0,0.0
before,cpu,1304,1,1.0,1.0,1.0,0.0
before,cpu,1305,1,1.0,1.0,1.0,0.0
before,cpu,1306,1,1.0,1.0,1.0,0.0
before,cpu,1307,1,1.0,1.0,1.0,0.0
before,cpu,1308,1,1.0,1.0,1.0,0.0
before,cpu,1309,1,1.0,1.0,1.0,0.0
before,cpu,1310,1,1.0,1.0,1.0,0.0
before,cpu,1311,1,1.0,1.0,1.0,0.0
before,cpu,1312,1,1.0,1.0,1.0,0.0
before,cpu,1313,1,1.0,1.0,1.0,0.0
before,cpu,1314,1,1.0,1.0,1.0,0.0
before,cpu,1315,1,1.0,1.0,1.0,0.0
before,cpu,1316,1,1.0,1.0,1.0,0.0
before,cpu,1317,1,1.0,1.0,1.0,0.0
before,cpu,1318,1,1.0,1.0,1.0,0.0
before,cpu,1319,1,1.0,1.0,1.0,0.0
before,cpu,1320,1,1.0,1.0,1.0,0.0
before,cpu,1321,1,1.0,1.0,1.0,0.0
before,cpu,1322,1,1.0,1.0,1.0,0.0
before,cpu,1323,1,1.0,1.0,1.0,0.0
before,cpu,1324,1,1.0,1.0,1.0,0.0
before,cpu,1325,1,1.0,1.0,1.0,0.0
before,cpu,1326,1,1.0,1.0,1.0,0.0
before,cpu,1327,1,1.0,1.0,1.0,0.0
before,cpu,1328,1,1.0,1.0,1.0,0.0
before,cpu,1329,1,1.0,1.0,1.0,0.0
before,cpu,1330,1,1.0,1.0,1.0,0.0
before,cpu,1331,1,1.0,1.0,1.0,0.0
before,cpu,1332,1,1.0,1.0,1.0,0.0
before,cpu,1333,1,1.0,1.0,1.0,0.0
before,cpu,1334,1,1.0,1.0,1.0,0.0
before,cpu,1335,1,1.0,1.0,1.0,0.0
before,cpu,1336,1,1.0,1.0,1.0,0.0
before,cpu,1337,1,1.0,1.0,1.0,0.0
before,cpu,1338,1,1.0,1.0,1.0,0.0
before,cpu,1339,1,1.0,1.0,1.0,0.0
before,cpu,1340,1,1.0,1.0,1.0,0.0
before,cpu,1341,1,1.0,1.0,1.0,0.0
before,cpu,1342,1,1.0,1.0,1.0,0.0
before,cpu,1343,1,1.0,1.0,1.0,0.0
before,cpu,1344,1,1.0,1.0,1.0,0.0
before,cpu,1345,1,1.0,1.0,1.0,0.0
before,cpu,1346,1,1.0,1.0,1.0,0.0
before,cpu,1347,1,1.0,1.0,1.0,0.0
before,cpu,1348,1,1.0,1.0,1.0,0.0
before,cpu,1349,1,1.0,1.0,1.0,0.0
before,cpu,1350,1,1.0,1.0,1.0,0.0
before,cpu,1351,1,1.0,1.0,1.0,0.0
before,cpu,1352,1,1.0,1.0,1.0,0.0
before,cpu,1353,1,1.0,1.0,1.0,0.0
before,cpu,1354,1,1.0,1.0,1.0,0.0
before,cpu,1355,1,1.0,1.0,1.0,0.0
before,cpu,1356,1,1.0,1.0,1.0,0.0
before,cpu,1357,1,1.0,1.0,1.0,0.0
before,cpu,1358,1,1.0,1.0,1.0,0.0
before,cpu,1359,1,1.0,1.0,1.0,0.0
before,cpu,1360,1,1.0,1.0,1.0,0.0
before,cpu,1361,1,1.0,1.0,1.0,0.0
before,cpu,1362,1,1.0,1.0,1.0,0.0
before,cpu,1363,1,1.0,1.0,1.0,0.0
before,cpu,1364,1,1.0,1.0,1.0,0.0
before,cpu,1365,1,1.0,1.0,1.0,0.0
before,cpu,1366,1,1.0,1.0,1.0,0.0
before,cpu,1367,1,1.0,1.0,1.0,0.0
before,cpu,1368,1,1.0,1.0,1.0,0.0
before,cpu,1369,1,1.0,1.0,1.0,0.0
before,cpu,1370,1,1.0,1.0,1.0,0.0
before,cpu,1371,1,1.0,1.0,1.0,0.0
before,cpu,1372,1,1.0,1.0,1.0,0.0
before,cpu,1373,1,1.0,1.0,1.0,0.0
before,cpu,1374,1,1.0,1.0,1.0,0.0
before,cpu,1375,1,1.0,1.0,1.0,0.0
before,cpu,1376,1,1.0,1.0,1.0,0.0
before,cpu,1377,1,1.0,1.0,1.0,0.0
before,cpu,1378,1,1.0,1.0,1.0,0.0
before,cpu,1379,1,1.0,1.0,1.0,0.0
before,cpu,1380,1,1.0,1.0,1.0,0.0
before,cpu,1381,1,1.0,1.0,1.0,0.0
before,cpu,1382,1,1.0,1.0,1.0,0.0
before,cpu,1383,1,1.0,1.0,1.0,0.0
before,cpu,1384,1,1.0,1.0,1.0,0.0
before,cpu,1385,1,1.0,1.0,1.0,0.0
before,cpu,1386,1,1.0,1.0,1.0,0.0
before,cpu,1387,1,1.0,1.0,1.0,0.0
before,cpu,1388,1,1.0,1.0,1.0,0.0
before,cpu,1389,1,1.0,1.0,1.0,0.0
before,cpu,1390,1,1.0,1.0,1.0,0.0
before,cpu,1391,1,1.0,1.0,1.0,0.0
before,cpu,1392,1,1.0,1.0,1.0,0.0
before,cpu,1393,1,1.0,1.0,1.0,0.0
before,cpu,1394,1,1.0,1.0,1.0,0.0
before,cpu,1395,1,1.0,1.0,1.0,0.0
before,cpu,1396,1,1.0,1.0,1.0,0.0
before,cpu,1397,1,1.0,1.0,1.0,0.0
before,cpu,1398,1,1.0,1.0,1.0,0.0
before,cpu,1399,1,1.0,1.0,1.0,0.0
before,cpu,1400,1,1.0,1.0,1.0,0.0
before,cpu,1401,1,1.0,1.0,1.0,0.0
before,cpu,1402,1,1.0,1.0,1.0,0.0
before,cpu,1403,1,1.0,1.0,1.0,0.0
before,cpu,1404,1,1.0,1.0,1.0,0.0
before,cpu,1405,1,1.0,1.0,1.0,0.0
before,cpu,1406,1,1.0,1.0,1.0,0.0
before,cpu,1407,1,1.0,1.0,1.0,0.0
before,cpu,1408,1,1.0,1.0,1.0,0.0
before,cpu,1409,1,1.0,1.0,1.0,0.0
before,cpu,1410,1,1.0,1.0,1.0,0.0
before,cpu,1411,1,1.0,1.0,1.0,0.0
before,cpu,1412,1,1.0,1.0,1.0,0.0
before,cpu,1413,1,1.0,1.0,1.0,0.0
before,cpu,1414,1,1.0,1.0,1.0,0.0
before,cpu,1415,1,1.0,1.0,1.0,0.0
before,cpu,1416,1,1.0,1.0,1.0,0.0
before,cpu,1417,1,1.0,1.0,1.0,0.0
before,cpu,1418,1,1.0,1.0,1.0,0.0
before,cpu,1419,1,1.0,1.0,1.0,0.0
before,cpu,1420,1,1.0,1.0,1.0,0.0
before,cpu,1421,1,1.0,1.0,1.0,0.0
before,cpu,1422,1,1.0,1.0,1.0,0.0
before,cpu,1423,1,1.0,1.0,1.0,0.0
before,cpu,1424,1,1.0,1.0,1.0,0.0
before,cpu,1425,1,1.0,1.0,1.0,0.0
before,cpu,1426,1,1.0,1.0,1.0,0.0
before,cpu,1427,1,1.0,1.0,1.0,0.0
before,cpu,1428,1,1.0,1.0,1.0,0.0
before,cpu,1429,1,1.0,1.0,1.0,0.0
before,cpu,1430,1,1.0,1.0,1.0,0.0
before,cpu,1431,1,1.0,1.0,1.0,0.0
before,cpu,1432,1,1.0,1.0,1.0,0.0
before,cpu,1433,1,1.0,1.0,1.0,0.0
before,cpu,1434,1,1.0,1.0,1.0,0.0
before,cpu,1435,1,1.0,1.0,1.0,0.0
before,cpu,1436,1,1.0,1.0,1.0,0.0
before,cpu,1437,1,1.0,1.0,1.0,0.0
before,cpu,1438,1,1.0,1.0,1.0,0.0
before,cpu,1439,1,1.0,1.0,1.0,0.0
before,cpu,1440,1,1.0,1.0,1.0,0.0
before,cpu,1441,1,1.0,1.0,1.0,0.0
before,cpu,1442,1,1.0,1.0,1.0,0.0
before,cpu,1443,1,1.0,1.0,1.0,0.0
before,cpu,1444,1,1.0,1.0,1.0,0.0
before,cpu,1445,1,1.0,1.0,1.0,0.0
before,cpu,1446,1,1.0,1.0,1.0,0.0
before,cpu,1447,1,1.0,1.0,1.0,0.0
before,cpu,1448,1,1.0,1.0,1.0,0.0
before,cpu,1449,1,1.0,1.0,1.0,0.0
before,cpu,1450,1,1.0,1.0,1.0,0.0
before,cpu,1451,1,1.0,1.0,1.0,0.0
before,cpu,1452,1,1.0,1.0,1.0,0.0
before,cpu,1453,1,1.0,1.0,1.0,0.0
before,cpu,1454,1,1.0,1.0,1.0,0.0
before,cpu,1455,1,1.0,1.0,1.0,0.0
before,cpu,1456,1,1.0,1.0,1.0,0.0
before,cpu,1457,1,1.0,1.0,1.0,0.0
before,cpu,1458,1,1.0,1.0,1.0,0.0
before,cpu,1459,1,1.0,1.0,1.0,0.0
before,cpu,1460,1,1.0,1.0,1.0,0.0
before,cpu,1461,1,1.0,1.0,1.0,0.0
before,cpu,1462,1,1.0,1.0,1.0,0.0
before,cpu,1463,1,1.0,1.0,1.0,0.0
before,cpu,1464,1,1.0,1.0,1.0,0.0
before,cpu,1465,1,1.0,1.0,1.0,0.0
before,cpu,1466,1,1.0,1.0,1.0,0.0
before,cpu,1467,1,1.0,1.0,1.0,0.0
before,cpu,1468,1,1.0,1.0,1.0,0.0
before,cpu,1469,1,1.0,1.0,1.0,0.0
before,cpu,1470,1,1.0,1.0,1.0,0.0
before,cpu,1471,1,1.0,1.0,1.0,0.0
before,cpu,1472,1,1.0,1.0,1.0,0.0
before,cpu,1473,1,1.0,1.0,1.0,0.0
before,cpu,1474,1,1.0,1.0,1.0,0.0
before,cpu,1475,1,1.0,1.0,1.0,0.0
before,cpu,1476,1,1.0,1.0,1.0,0.0
before,cpu,1477,1,1.0,1.0,1.0,0.0
before,cpu,1478,1,1.0,1.0,1.0,0.0
before,cpu,1479,1,1.0,1.0,1.0,0.0
before,cpu,1480,1,1.0,1.0,1.0,0.0
before,cpu,1481,1,1.0,1.0,1.0,0.0
before,cpu,1482,1,1.0,1.0,1.0,0.0
before,cpu,1483,1,1.0,1.0,1.0,0.0
before,cpu,1484,1,1.0,1.0,1.0,0.0
before,cpu,1485,1,1.0,1.0,1.0,0.0
before,cpu,1486,1,1.0,1.0,1.0,0.0
before,cpu,1487,1,1.0,1.0,1.0,0.0
before,cpu,1488,1,1.0,1.0,1.0,0.0
before,cpu,1489,1,1.0,1.0,1.0,0.0
before,cpu,1490,1,1.0,1.0,1.0,0.0
before,cpu,1491,1,1.0,1.0,1.0,0.0
before,cpu,1492,1,1.0,1.0,1.0,0.0
before,cpu,1493,1,1.0,1.0,1.0,0.0
before,cpu,1494,1,1.0,1.0,1.0,0.0
before,cpu,1495,1,1.0,1.0,1.0,0.0
before,cpu,1496,1,1.0,1.0,1.0,0.0
before,cpu,1497,1,1.0,1.0,1.0,0.0
before,cpu,1498,1,1.0,1.0,1.0,0.0
before,cpu,1499,1,1.0,1.0,1.0,0.0
before,cpu,1500,1,1.0,1.0,1.0,0.0
before,cpu,1501,1,1.0,1.0,1.0,0.0
before,cpu,1502,1,1.0,1.0,1.0,0.0
before,cpu,1503,1,1.0,1.0,1.0,0.0
before,cpu,1504,1,1.0,1.0,1.0,0.0
before,cpu,1505,1,1.0,1.0,1.0,0.0
before,cpu,1506,1,1.0,1.0,1.0,0.0
before,cpu,1507,1,1.0,1.0,1.0,0.0
before,cpu,1508,1,1.0,1.0,1.0,0.0
before,cpu,1509,1,1.0,1.0,1.0,0.0
before,cpu,1510,1,1.0,1.0,1.0,0.0
before,cpu,1511,1,1.0,1.0,1.0,0.0
before,cpu,1512,1,1.0,1.0,1.0,0.0
before,cpu,1513,1,1.0,1.0,1.0,0.0
before,cpu,1514,1,1.0,1.0,1.0,0.0
before,cpu,1515,1,1.0,1.0,1.0,0.0
before,cpu,1516,1,1.0,1.0,1.0,0.0
before,cpu,1517,1,1.0,1.0,1.0,0.0
before,cpu,1518,1,1.0,1.0,1.0,0.0
before,cpu,1519,1,1.0,1.0,1.0,0.0
before,cpu,1520,1,1.0,1.0,1.0,0.0
before,cpu,1521,1,1.0,1.0,1.0,0.0
before,cpu,1522,1,1.0,1.0,1.0,0.0
before,cpu,1523,1,1.0,1.0,1.0,0.0
before,cpu,1524,1,1.0,1.0,1.0,0.0
before,cpu,1525,1,1.0,1.0,1.0,0.0
before,cpu,1526,1,1.0,1.0,1.0,0.0
before,cpu,1527,1,1.0,1.0,1.0,0.0
before,cpu,1528,1,1.0,1.0,1.0,0.0
before,cpu,1529,1,1.0,1.0,1.0,0.0
before,cpu,1530,1,1.0,1.0,1.0,0.0
before,cpu,1531,1,1.0,1.0,1.0,0.0
before,cpu,1532,1,1.0,1.0,1.0,0.0
before,cpu,1533,1,1.0,1.0,1.0,0.0
before,cpu,1534,1,1.0,1.0,1.0,0.0
before,cpu,1535,1,1.0,1.0,1.0,0.0
before,cpu,1536,1,1.0,1.0,1.0,0.0
before,cpu,1537,1,1.0,1.0,1.0,0.0
before,cpu,1538,1,1.0,1.0,1.0,0.0
before,cpu,1539,1,1.0,1.0,1.0,0.0
before,cpu,1540,1,1.0,1.0,1.0,0.0
before,cpu,1541,1,1.0,1.0,1.0,0.0
before,cpu,1542,1,1.0,1.0,1.0,0.0
before,cpu,1543,1,1.0,1.0,1.0,0.0
before,cpu,1544,1,1.0,1.0,1.0,0.0
before,cpu,1545,1,1.0,1.0,1.0,0.0
before,cpu,1546,1,1.0,1.0,1.0,0.0
before,cpu,1547,1,1.0,1.0,1.0,0.0
before,cpu,1548,1,1.0,1.0,1.0,0.0
before,cpu,1549,1,1.0,1.0,1.0,0.0
before,cpu,1550,1,1.0,1.0,1.0,0.0
before,cpu,1551,1,1.0,1.0,1.0,0.0
before,cpu,1552,1,1.0,1.0,1.0,0.0
before,cpu,1553,1,1.0,1.0,1.0,0.0
before,cpu,1554,1,1.0,1.0,1.0,0.0
before,cpu,1555,1,1.0,1.0,1.0,0.0
before,cpu,1556,1,1.0,1.0,1.0,0.0
before,cpu,1557,1,1.0,1.0,1.0,0.0
before,cpu,1558,1,1.0,1.0,1.0,0.0
before,cpu,1559,1,1.0,1.0,1.0,0.0
before,cpu,1560,1,1.0,1.0,1.0,0.0
before,cpu,1561,1,1.0,1.0,1.0,0.0
before,cpu,1562,1,1.0,1.0,1.0,0.0
before,cpu,1563,1,1.0,1.0,1.0,0.0
before,cpu,1564,1,1.0,1.0,1.0,0.0
before,cpu,1565,1,1.0,1.0,1.0,0.0
before,cpu,1566,1,1.0,1.0,1.0,0.0
before,cpu,1567,1,1.0,1.0,1.0,0.0
before,cpu,1568,1,1.0,1.0,1.0,0.0
before,cpu,1569,1,1.0,1.0,1.0,0.0
before,cpu,1570,1,1.0,1.0,1.0,0.0
before,cpu,1571,1,1.0,1.0,1.0,0.0
before,cpu,1572,1,1.0,1.0,1.0,0.0
before,cpu,1573,1,1.0,1.0,1.0,0.0
before,cpu,1574,1,1.0,1.0,1.0,0.0
before,cpu,1575,1,1.0,1.0,1.0,0.0
before,cpu,1576,1,1.0,1.0,1.0,0.0
before,cpu,1577,1,1.0,1.0,1.0,0.0
before,cpu,1578,1,1.0,1.0,1.0,0.0
before,cpu,1579,1,1.0,1.0,1.0,0.0
before,cpu,1580,1,1.0,1.0,1.0,0.0
before,cpu,1581,1,1.0,1.0,1.0,0.0
before,cpu,1582,1,1.0,1.0,1.0,0.0
before,cpu,1583,1,1.0,1.0,1.0,0.0
before,cpu,1584,1,1.0,1.0,1.0,0.0
before,cpu,1585,1,1.0,1.0,1.0,0.0
before,cpu,1586,1,1.0,1.0,1.0,0.0
before,cpu,1587,1,1.0,1.0,1.0,0.0
before,cpu,1588,1,1.0,1.0,1.0,0.0
before,cpu,1589,1,1.0,1.0,1.0,0.0
before,cpu,1590,1,1.0,1.0,1.0,0.0
before,cpu,1591,1,1.0,1.0,1.0,0.0
before,cpu,1592,1,1.0,1.0,1.0,0.0
before,cpu,1593,1,1.0,1.0,1.0,0.0
before,cpu,1594,1,1.0,1.0,1.0,0.0
before,cpu,1595,1,1.0,1.0,1.0,0.0
before,cpu,1596,1,1.0,1.0,1.0,0.0
before,cpu,1597,1,1.0,1.0,1.0,0.0
before,cpu,1598,1,1.0,1.0,1.0,0.0
before,cpu,1599,1,1.0,1.0,1.0,0.0
before,cpu,1600,1,1.0,1.0,1.0,0.0
before,cpu,1601,1,1.0,1.0,1.0,0.0
before,cpu,1602,1,1.0,1.0,1.0,0.0
before,cpu,1603,1,1.0,1.0,1.0,0.0
before,cpu,1604,1,1.0,1.0,1.0,0.0
before,cpu,1605,1,1.0,1.0,1.0,0.0
before,cpu,1606,1,1.0,1.0,1.0,0.0
before,cpu,1607,1,1.0,1.0,1.0,0.0
before,cpu,1608,1,1.0,1.0,1.0,0.0
before,cpu,1609,1,1.0,1.0,1.0,0.0
before,cpu,1610,1,1.0,1.0,1.0,0.0
before,cpu,1611,1,1.0,1.0,1.0,0.0
before,cpu,1612,1,1.0,1.0,1.0,0.0
before,cpu,1613,1,1.0,1.0,1.0,0.0
before,cpu,1614,1,1.0,1.0,1.0,0.0
before,cpu,1615,1,1.0,1.0,1.0,0.0
before,cpu,1616,1,1.0,1.0,1.0,0.0
before,cpu,1617,1,1.0,1.0,1.0,0.0
before,cpu,1618,1,1.0,1.0,1.0,0.0
before,cpu,1619,1,1.0,1.0,1.0,0.0
before,cpu,1620,1,1.0,1.0,1.0,0.0
before,cpu,1621,1,1.0,1.0,1.0,0.0
before,cpu,1622,1,1.0,1.0,1.0,0.0
before,cpu,1623,1,1.0,1.0,1.0,0.0
before,cpu,1624,1,1.0,1.0,1.0,0.0
before,cpu,1625,1,1.0,1.0,1.0,0.0
before,cpu,1626,1,1.0,1.0,1.0,0.0
before,cpu,1627,1,1.0,1.0,1.0,0.0
before,cpu,1628,1,1.0,1.0,1.0,0.0
before,cpu,1629,1,1.0,1.0,1.0,0.0
before,cpu,1630,1,1.0,1.0,1.0,0.0
before,cpu,1631,1,1.0,1.0,1.0,0.0
before,cpu,1632,1,1.0,1.0,1.0,0.0
before,cpu,1633,1,1.0,1.0,1.0,0.0
before,cpu,1634,1,1.0,1.0,1.0,0.0
before,cpu,1635,1,1.0,1.0,1.0,0.0
before,cpu,1636,1,1.0,1.0,1.0,0.0
before,cpu,1637,1,1.0,1.0,1.0,0.0
before,cpu,1638,1,1.0,1.0,1.0,0.0
before,cpu,1639,1,1.0,1.0,1.0,0.0
before,cpu,1640,1,1.0,1.0,1.0,0.0
before,cpu,1641,1,1.0,1.0,1.0,0.0
before,cpu,1642,1,1.0,1.0,1.0,0.0
before,cpu,1643,1,1.0,1.0,1.0,0.0
before,cpu,1644,1,1.0,1.0,1.0,0.0
before,cpu,1645,1,1.0,1.0,1.0,0.0
before,cpu,1646,1,1.0,1.0,1.0,0.0
before,cpu,1647,1,1.0,1.0,1.0,0.0
before,cpu,1648,1,1.0,1.0,1.0,0.0
before,cpu,1649,1,1.0,1.0,1.0,0.0
before,cpu,1650,1,1.0,1.0,1.0,0.0
before,cpu,1651,1,1.0,1.0,1.0,0.0
before,cpu,1652,1,1.0,1.0,1.0,0.0
before,cpu,1653,1,1.0,1.0,1.0,0.0
before,cpu,1654,1,1.0,1.0,1.0,0.0
before,cpu,1655,1,1.0,1.0,1.0,0.0
before,cpu,1656,1,1.0,1.0,1.0,0.0
before,cpu,1657,1,1.0,1.0,1.0,0.0
before,cpu,1658,1,1.0,1.0,1.0,0.0
before,cpu,1659,1,1.0,1.0,1.0,0.0
before,cpu,1660,1,1.0,1.0,1.0,0.0
before,cpu,1661,1,1.0,1.0,1.0,0.0
before,cpu,1662,1,1.0,1.0,1.0,0.0
before,cpu,1663,1,1.0,1.0,1.0,0.0
before,cpu,1664,1,1.0,1.0,1.0,0.0
before,cpu,1665,1,1.0,1.0,1.0,0.0
before,cpu,1666,1,1.0,1.0,1.0,0.0
before,cpu,1667,1,1.0,1.0,1.0,0.0
before,cpu,1668,1,1.0,1.0,1.0,0.0
before,cpu,1669,1,1.0,1.0,1.0,0.0
before,cpu,1670,1,1.0,1.0,1.0,0.0
before,cpu,1671,1,1.0,1.0,1.0,0.0
before,cpu,1672,1,1.0,1.0,1.0,0.0
before,cpu,1673,1,1.0,1.0,1.0,0.0
before,cpu,1674,1,1.0,1.0,1.0,0.0
before,cpu,1675,1,1.0,1.0,1.0,0.0
before,cpu,1676,1,1.0,1.0,1.0,0.0
before,cpu,1677,1,1.0,1.0,1.0,0.0
before,cpu,1678,1,1.0,1.0,1.0,0.0
before,cpu,1679,1,1.0,1.0,1.0,0.0
before,cpu,1680,1,1.0,1.0,1.0,0.0
before,cpu,1681,1,1.0,1.0,1.0,0.0
before,cpu,1682,1,1.0,1.0,1.0,0.0
before,cpu,1683,1,1.0,1.0,1.0,0.0
before,cpu,1684,1,1.0,1.0,1.0,0.0
before,cpu,1685,1,1.0,1.0,1.0,0.0
before,cpu,1686,1,1.0,1.0,1.0,0.0
before,cpu,1687,1,1.0,1.0,1.0,0.0
before,cpu,1688,1,1.0,1.0,1.0,0.0
before,cpu,1689,1,1.0,1.0,1.0,0.0
before,cpu,1690,1,1.0,1.0,1.0,0.0
before,cpu,1691,1,1.0,1.0,1.0,0.0
before,cpu,1692,1,1.0,1.0,1.0,0.0
before,cpu,1693,1,1.0,1.0,1.0,0.0
before,cpu,1694,1,1.0,1.0,1.0,0.0
before,cpu,1695,1,1.0,1.0,1.0,0.0
before,cpu,1696,1,1.0,1.0,1.0,0.0
before,cpu,1697,1,1.0,1.0,1.0,0.0
before,cpu,1698,1,1.0,1.0,1.0,0.0
before,cpu,1699,1,1.0,1.0,1.0,0.0
before,cpu,1700,1,1.0,1.0,1.0,0.0
before,cpu,1701,1,1.0,1.0,1.0,0.0
before,cpu,1702,1,1.0,1.0,1.0,0.0
before,cpu,1703,1,1.0,1.0,1.0,0.0
before,cpu,1704,1,1.0,1.0,1.0,0.0
before,cpu,1705,1,1.0,1.0,1.0,0.0
before,cpu,1706,1,1.0,1.0,1.0,0.0
before,cpu,1707,1,1.0,1.0,1.0,0.0
before,cpu,1708,1,1.0,1.0,1.0,0.0
before,cpu,1709,1,1.0,1.0,1.0,0.0
before,cpu,1710,1,1.0,1.0,1.0,0.0
before,cpu,1711,1,1.0,1.0,1.0,0.0
before,cpu,1712,1,1.0,1.0,1.0,0.0
before,cpu,1713,1,1.0,1.0,1.0,0.0
before,cpu,1714,1,1.0,1.0,1.0,0.0
before,cpu,1715,1,1.0,1.0,1.0,0.0
before,cpu,1716,1,1.0,1.0,1.0,0.0
before,cpu,1717,1,1.0,1.0,1.0,0.0
before,cpu,1718,1,1.0,1.0,1.0,0.0
before,cpu,1719,1,1.0,1.0,1.0,0.0
before,cpu,1720,1,1.0,1.0,1.0,0.0
before,cpu,1721,1,1.0,1.0,1.0,0.0
before,cpu,1722,1,1.0,1.0,1.0,0.0
before,cpu,1723,1,1.0,1.0,1.0,0.0
before,cpu,1724,1,1.0,1.0,1.0,0.0
before,cpu,1725,1,1.0,1.0,1.0,0.0
before,cpu,1726,1,1.0,1.0,1.0,0.0
before,cpu,1727,1,1.0,1.0,1.0,0.0
before,cpu,1728,1,1.0,1.0,1.0,0.0
before,cpu,1729,1,1.0,1.0,1.0,0.0
before,cpu,1730,1,1.0,1.0,1.0,0.0
before,cpu,1731,1,1.0,1.0,1.0,0.0
before,cpu,1732,1,1.0,1.0,1.0,0.0
before,cpu,1733,1,1.0,1.0,1.0,0.0
before,cpu,1734,1,1.0,1.0,1.0,0.0
before,cpu,1735,1,1.0,1.0,1.0,0.0
before,cpu,1736,1,1.0,1.0,1.0,0.0
before,cpu,1737,1,1.0,1.0,1.0,0.0
before,cpu,1738,1,1.0,1.0,1.0,0.0
before,cpu,1739,1,1.0,1.0,1.0,0.0
before,cpu,1740,1,1.0,1.0,1.0,0.0
before,cpu,1741,1,1.0,1.0,1.0,0.0
before,cpu,1742,1,1.0,1.0,1.0,0.0
before,cpu,1743,1,1.0,1.0,1.0,0.0
before,cpu,1744,1,1.0,1.0,1.0,0.0
before,cpu,1745,1,1.0,1.0,1.0,0.0
before,cpu,1746,1,1.0,1.0,1.0,0.0
before,cpu,1747,1,1.0,1.0,1.0,0.0
before,cpu,1748,1,1.0,1.0,1.0,0.0
before,cpu,1749,1,1.0,1.0,1.0,0.0
before,cpu,1750,1,1.0,1.0,1.0,0.0
before,cpu,1751,1,1.0,1.0,1.0,0.0
before,cpu,1752,1,1.0,1.0,1.0,0.0
before,cpu,1753,1,1.0,1.0,1.0,0.0
before,cpu,1754,1,1.0,1.0,1.0,0.0
before,cpu,1755,1,1.0,1.0,1.0,0.0
before,cpu,1756,1,1.0,1.0,1.0,0.0
before,cpu,1757,1,1.0,1.0,1.0,0.0
before,cpu,1758,1,1.0,1.0,1.0,0.0
before,cpu,1759,1,1.0,1.0,1.0,0.0
before,cpu,1760,1,1.0,1.0,1.0,0.0
before,cpu,1761,1,1.0,1.0,1.0,0.0
before,cpu,1762,1,1.0,1.0,1.0,0.0
before,cpu,1763,1,1.0,1.0,1.0,0.0
before,cpu,1764,1,1.0,1.0,1.0,0.0
before,cpu,1765,1,1.0,1.0,1.0,0.0
before,cpu,1766,1,1.0,1.0,1.0,0.0
before,cpu,1767,1,1.0,1.0,1.0,0.0
before,cpu,1768,1,1.0,1.0,1.0,0.0
before,cpu,1769,1,1.0,1.0,1.0,0.0
before,cpu,1770,1,1.0,1.0,1.0,0.0
before,cpu,1771,1,1.0,1.0,1.0,0.0
before,cpu,1772,1,1.0,1.0,1.0,0.0
before,cpu,1773,1,1.0,1.0,1.0,0.0
before,cpu,1774,1,1.0,1.0,1.0,0.0
before,cpu,1775,1,1.0,1.0,1.0,0.0
before,cpu,1776,1,1.0,1.0,1.0,0.0
before,cpu,1777,1,1.0,1.0,1.0,0.0
before,cpu,1778,1,1.0,1.0,1.0,0.0
before,cpu,1779,1,1.0,1.0,1.0,0.0
before,cpu,1780,1,1.0,1.0,1.0,0.0
before,cpu,1781,1,1.0,1.0,1.0,0.0
before,cpu,1782,1,1.0,1.0,1.0,0.0
before,cpu,1783,1,1.0,1.0,1.0,0.0
before,cpu,1784,1,1.0,1.0,1.0,0.0
before,cpu,1785,1,1.0,1.0,1.0,0.0
before,cpu,1786,1,1.0,1.0,1.0,0.0
before,cpu,1787,1,1.0,1.0,1.0,0.0
before,cpu,1788,1,1.0,1.0,1.0,0.0
before,cpu,1789,1,1.0,1.0,1.0,0.0
before,cpu,1790,1,1.0,1.0,1.0,0.0
before,cpu,1791,1,1.0,1.0,1.0,0.0
before,cpu,1792,1,1.0,1.0,1.0,0.0
before,cpu,1793,1,1.0,1.0,1.0,0.0
before,cpu,1794,1,1.0,1.0,1.0,0.0
before,cpu,1795,1,1.0,1.0,1.0,0.0
before,cpu,1796,1,1.0,1.0,1.0,0.0
before,cpu,1797,1,1.0,1.0,1.0,0.0
before,cpu,1798,1,1.0,1.0,1.0,0.0
before,cpu,1799,1,1.0,1.0,1.0,0.0
before,cpu,1800,1,1.0,1.0,1.0,0.0
before,cpu,1801,1,1.0,1.0,1.0,0.0
before,cpu,1802,1,1.0,1.0,1.0,0.0
before,cpu,1803,1,1.0,1.0,1.0,0.0
before,cpu,1804,1,1.0,1.0,1.0,0.0
before,cpu,1805,1,1.0,1.0,1.0,0.0
before,cpu,1806,1,1.0,1.0,1.0,0.0
before,cpu,1807,1,1.0,1.0,1.0,0.0
before,cpu,1808,1,1.0,1.0,1.0,0.0
before,cpu,1809,1,1.0,1.0,1.0,0.0
before,cpu,1810,1,1.0,1.0,1.0,0.0
before,cpu,1811,1,1.0,1.0,1.0,0.0
before,cpu,1812,1,1.0,1.0,1.0,0.0
before,cpu,1813,1,1.0,1.0,1.0,0.0
before,cpu,1814,1,1.0,1.0,1.0,0.0
before,cpu,1815,1,1.0,1.0,1.0,0.0
before,cpu,1816,1,1.0,1.0,1.0,0.0
before,cpu,1817,1,1.0,1.0,1.0,0.0
before,cpu,1818,1,1.0,1.0,1.0,0.0
before,cpu,1819,1,1.0,1.0,1.0,0.0
before,cpu,1820,1,1.0,1.0,1.0,0.0
before,cpu,1821,1,1.0,1.0,1.0,0.0
before,cpu,1822,1,1.0,1.0,1.0,0.0
before,cpu,1823,1,1.0,1.0,1.0,0.0
before,cpu,1824,1,1.0,1.0,1.0,0.0
before,cpu,1825,1,1.0,1.0,1.0,0.0
before,cpu,1826,1,1.0,1.0,1.0,0.0
before,cpu,1827,1,1.0,1.0,1.0,0.0
before,cpu,1828,1,1.0,1.0,1.0,0.0
before,cpu,1829,1,1.0,1.0,1.0,0.0
before,cpu,1830,1,1.0,1.0,1.0,0.0
before,cpu,1831,1,1.0,1.0,1.0,0.0
before,cpu,1832,1,1.0,1.0,1.0,0.0
before,cpu,1833,1,1.0,1.0,1.0,0.0
before,cpu,1834,1,1.0,1.0,1.0,0.0
before,cpu,1835,1,1.0,1.0,1.0,0.0
before,cpu,1836,1,1.0,1.0,1.0,0.0
before,cpu,1837,1,1.0,1.0,1.0,0.0
before,cpu,1838,1,1.0,1.0,1.0,0.0
before,cpu,1839,1,1.0,1.0,1.0,0.0
before,cpu,1840,1,1.0,1.0,1.0,0.0
before,cpu,1841,1,1.0,1.0,1.0,0.0
before,cpu,1842,1,1.0,1.0,1.0,0.0
before,cpu,1843,1,1.0,1.0,1.0,0.0
before,cpu,1844,1,1.0,1.0,1.0,0.0
before,cpu,1845,1,1.0,1.0,1.0,0.0
before,cpu,1846,1,1.0,1.0,1.0,0.0
before,cpu,1847,1,1.0,1.0,1.0,0.0
before,cpu,1848,1,1.0,1.0,1.0,0.0
before,cpu,1849,1,1.0,1.0,1.0,0.0
before,cpu,1850,1,1.0,1.0,1.0,0.0
before,cpu,1851,1,1.0,1.0,1.0,0.0
before,cpu,1852,1,1.0,1.0,1.0,0.0
before,cpu,1853,1,1.0,1.0,1.0,0.0
before,cpu,1854,1,1.0,1.0,1.0,0.0
before,cpu,1855,1,1.0,1.0,1.0,0.0
before,cpu,1856,1,1.0,1.0,1.0,0.0
before,cpu,1857,1,1.0,1.0,1.0,0.0
before,cpu,1858,1,1.0,1.0,1.0,0.0
before,cpu,1859,1,1.0,1.0,1.0,0.0
before,cpu,1860,1,1.0,1.0,1.0,0.0
before,cpu,1861,1,1.0,1.0,1.0,0.0
before,cpu,1862,1,1.0,1.0,1.0,0.0
before,cpu,1863,1,1.0,1.0,1.0,0.0
before,cpu,1864,1,1.0,1.0,1.0,0.0
before,cpu,1865,1,1.0,1.0,1.0,0.0
before,cpu,1866,1,1.0,1.0,1.0,0.0
before,cpu,1867,1,1.0,1.0,1.0,0.0
before,cpu,1868,1,1.0,1.0,1.0,0.0
before,cpu,1869,1,1.0,1.0,1.0,0.0
before,cpu,1870,1,1.0,1.0,1.0,0.0
before,cpu,1871,1,1.0,1.0,1.0,0.0
before,cpu,1872,1,1.0,1.0,1.0,0.0
before,cpu,1873,1,1.0,1.0,1.0,0.0
before,cpu,1874,1,1.0,1.0,1.0,0.0
before,cpu,1875,1,1.0,1.0,1.0,0.0
before,cpu,1876,1,1.0,1.0,1.0,0.0
before,cpu,1877,1,1.0,1.0,1.0,0.0
before,cpu,1878,1,1.0,1.0,1.0,0.0
before,cpu,1879,1,1.0,1.0,1.0,0.0
before,cpu,1880,1,1.0,1.0,1.0,0.0
before,cpu,1881,1,1.0,1.0,1.0,0.0
before,cpu,1882,1,1.0,1.0,1.0,0.0
before,cpu,1883,1,1.0,1.0,1.0,0.0
before,cpu,1884,1,1.0,1.0,1.0,0.0
before,cpu,1885,1,1.0,1.0,1.0,0.0
before,cpu,1886,1,1.0,1.0,1.0,0.0
before,cpu,1887,1,1.0,1.0,1.0,0.0
before,cpu,1888,1,1.0,1.0,1.0,0.0
before,cpu,1889,1,1.0,1.0,1.0,0.0
before,cpu,1890,1,1.0,1.0,1.0,0.0
before,cpu,1891,1,1.0,1.0,1.0,0.0
before,cpu,1892,1,1.0,1.0,1.0,0.0
before,cpu,1893,1,1.0,1.0,1.0,0.0
before,cpu,1894,1,1.0,1.0,1.0,0.0
before,cpu,1895,1,1.0,1.0,1.0,0.0
before,cpu,1896,1,1.0,1.0,1.0,0.0
before,cpu,1897,1,1.0,1.0,1.0,0.0
before,cpu,1898,1,1.0,1.0,1.0,0.0
before,cpu,1899,1,1.0,1.0,1.0,0.0
before,cpu,1900,1,1.0,1.0,1.0,0.0
before,cpu,1901,1,1.0,1.0,1.0,0.0
before,cpu,1902,1,1.0,1.0,1.0,0.0
before,cpu,1903,1,1.0,1.0,1.0,0.0
before,cpu,1904,1,1.0,1.0,1.0,0.0
before,cpu,1905,1,1.0,1.0,1.0,0.0
before,cpu,1906,1,1.0,1.0,1.0,0.0
before,cpu,1907,1,1.0,1.0,1.0,0.0
before,cpu,1908,1,1.0,1.0,1.0,0.0
before,cpu,1909,1,1.0,1.0,1.0,0.0
before,cpu,1910,1,1.0,1.0,1.0,0.0
before,cpu,1911,1,1.0,1.0,1.0,0.0
before,cpu,1912,1,1.0,1.0,1.0,0.0
before,cpu,1913,1,1.0,1.0,1.0,0.0
before,cpu,1914,1,1.0,1.0,1.0,0.0
before,cpu,1915,1,1.0,1.0,1.0,0.0
before,cpu,1916,1,1.0,1.0,1.0,0.0
before,cpu,1917,1,1.0,1.0,1.0,0.0
before,cpu,1918,1,1.0,1.0,1.0,0.0
before,cpu,1919,1,1.0,1.0,1.0,0.0
before,cpu,1920,1,1.0,1.0,1.0,0.0
before,cpu,1921,1,1.0,1.0,1.0,0.0
before,cpu,1922,1,1.0,1.0,1.0,0.0
before,cpu,1923,1,1.0,1.0,1.0,0.0
before,cpu,1924,1,1.0,1.0,1.0,0.0
before,cpu,1925,1,1.0,1.0,1.0,0.0
before,cpu,1926,1,1.0,1.0,1.0,0.0
before,cpu,1927,1,1.0,1.0,1.0,0.0
before,cpu,1928,1,1.0,1.0,1.0,0.0
before,cpu,1929,1,1.0,1.0,1.0,0.0
before,cpu,1930,1,1.0,1.0,1.0,0.0
before,cpu,1931,1,1.0,1.0,1.0,0.0
before,cpu,1932,1,1.0,1.0,1.0,0.0
before,cpu,1933,1,1.0,1.0,1.0,0.0
before,cpu,1934,1,1.0,1.0,1.0,0.0
before,cpu,1935,1,1.0,1.0,1.0,0.0
before,cpu,1936,1,1.0,1.0,1.0,0.0
before,cpu,1937,1,1.0,1.0,1.0,0.0
before,cpu,1938,1,1.0,1.0,1.0,0.0
before,cpu,1939,1,1.0,1.0,1.0,0.0
before,cpu,1940,1,1.0,1.0,1.0,0.0
before,cpu,1941,1,1.0,1.0,1.0,0.0
before,cpu,1942,1,1.0,1.0,1.0,0.0
before,cpu,1943,1,1.0,1.0,1.0,0.0
before,cpu,1944,1,1.0,1.0,1.0,0.0
before,cpu,1945,1,1.0,1.0,1.0,0.0
before,cpu,1946,1,1.0,1.0,1.0,0.0
before,cpu,1947,1,1.0,1.0,1.0,0.0
before,cpu,1948,1,1.0,1.0,1.0,0.0
before,cpu,1949,1,1.0,1.0,1.0,0.0
before,cpu,1950,1,1.0,1.0,1.0,0.0
before,cpu,1951,1,1.0,1.0,1.0,0.0
before,cpu,1952,1,1.0,1.0,1.0,0.0
before,cpu,1953,1,1.0,1.0,1.0,0.0
before,cpu,1954,1,1.0,1.0,1.0,0.0
before,cpu,1955,1,1.0,1.0,1.0,0.0
before,cpu,1956,1,1.0,1.0,1.0,0.0
before,cpu,1957,1,1.0,1.0,1.0,0.0
before,cpu,1958,1,1.0,1.0,1.0,0.0
before,cpu,1959,1,1.0,1.0,1.0,0.0
before,cpu,1960,1,1.0,1.0,1.0,0.0
before,cpu,1961,1,1.0,1.0,1.0,0.0
before,cpu,1962,1,1.0,1.0,1.0,0.0
before,cpu,1963,1,1.0,1.0,1.0,0.0
before,cpu,1964,1,1.0,1.0,1.0,0.0
before,cpu,1965,1,1.0,1.0,1.0,0.0
before,cpu,1966,1,1.0,1.0,1.0,0.0
before,cpu,1967,1,1.0,1.0,1.0,0.0
before,cpu,1968,1,1.0,1.0,1.0,0.0
before,cpu,1969,1,1.0,1.0,1.0,0.0
before,cpu,1970,1,1.0,1.0,1.0,0.0
before,cpu,1971,0,0.0,0.0,0.0,1.0
before,cpu,1972,0,0.0,0.0,0.0,1.0
before,cpu,1973,0,0.0,0.0,0.0,1.0
before,cpu,1974,0,0.0,0.0,0.0,1.0
before,cpu,1975,0,0.0,0.0,0.0,1.0
before,cpu,1976,0,0.0,0.0,0.0,1.0
before,cpu,1977,0,0.0,0.0,0.0,1.0
before,cpu,1978,0,0.0,0.0,0.0,1.0
before,cpu,1979,0,0.0,0.0,0.0,1.0
before,cpu,1980,0,0.0,0.0,0.0,1.0
before,cpu,1981,0,0.0,0.0,0.0,1.0
before,cpu,1982,0,0.0,0.0,0.0,1.0
before,cpu,1983,0,0.0,0.0,0.0,1.0
before,cpu,1984,0,0.0,0.0,0.0,1.0
before,cpu,1985,0,0.0,0.0,0.0,1.0
before,cpu,1986,0,0.0,0.0,0.0,1.0
before,cpu,1987,0,0.0,0.0,0.0,1.0
before,cpu,1988,0,0.0,0.0,0.0,1.0
before,cpu,1989,0,0.0,0.0,0.0,1.0
before,cpu,1990,0,0.0,0.0,0.0,1.0
before,cpu,1991,0,0.0,0.0,0.0,1.0
before,cpu,1992,0,0.0,0.0,0.0,1.0
before,cpu,1993,0,0.0,0.0,0.0,1.0
before,cpu,1994,0,0.0,0.0,0.0,1.0
before,cpu,1995,0,0.0,0.0,0.0,1.0
before,cpu,1996,0,0.0,0.0,0.0,1.0
before,cpu,1997,0,0.0,0.0,0.0,1.0
before,cpu,1998,0,0.0,0.0,0.0,1.0
before,cpu,1999,0,0.0,0.0,0.0,1.0
before,cpu,2000,0,0.0,0.0,0.0,1.0
before,cpu,2001,0,0.0,0.0,0.0,1.0
before,cpu,2002,0,0.0,0.0,0.0,1.0
before,cpu,2003,0,0.0,0.0,0.0,1.0
before,cpu,2004,0,0.0,0.0,0.0,1.0
before,cpu,2005,0,0.0,0.0,0.0,1.0
before,cpu,2006,0,0.0,0.0,0.0,1.0
before,cpu,2007,0,0.0,0.0,0.0,1.0
before,cpu,2008,0,0.0,0.0,0.0,1.0
before,cpu,2009,0,0.0,0.0,0.0,1.0
before,cpu,2010,0,0.0,0.0,0.0,1.0
before,cpu,2011,0,0.0,0.0,0.0,1.0
before,cpu,2012,0,0.0,0.0,0.0,1.0
before,cpu,2013,0,0.0,0.0,0.0,1.0
before,cpu,2014,0,0.0,0.0,0.0,1.0
before,cpu,2015,0,0.0,0.0,0.0,1.0
before,cpu,2016,0,0.0,0.0,0.0,1.0
before,cpu,2017,0,0.0,0.0,0.0,1.0
before,cpu,2018,0,0.0,0.0,0.0,1.0
before,cpu,2019,0,0.0,0.0,0.0,1.0
before,cpu,2020,0,0.0,0.0,0.0,1.0
before,cpu,2021,0,0.0,0.0,0.0,1.0
before,cpu,2022,0,0.0,0.0,0.0,1.0
before,cpu,2023,0,0.0,0.0,0.0,1.0
before,cpu,2024,0,0.0,0.0,0.0,1.0
before,cpu,2025,0,0.0,0.0,0.0,1.0
before,cpu,2026,0,0.0,0.0,0.0,1.0
before,cpu,2027,0,0.0,0.0,0.0,1.0
before,cpu,2028,0,0.0,0.0,0.0,1.0
before,cpu,2029,0,0.0,0.0,0.0,1.0
before,cpu,2030,0,0.0,0.0,0.0,1.0
before,cpu,2031,0,0.0,0.0,0.0,1.0
before,cpu,2032,0,0.0,0.0,0.0,1.0
before,cpu,2033,0,0.0,0.0,0.0,1.0
before,cpu,2034,0,0.0,0.0,0.0,1.0
before,cpu,2035,0,0.0,0.0,0.0,1.0
before,cpu,2036,0,0.0,0.0,0.0,1.0
before,cpu,2037,0,0.0,0.0,0.0,1.0
before,cpu,2038,0,0.0,0.0,0.0,1.0
before,cpu,2039,0,0.0,0.0,0.0,1.0
before,cpu,2040,0,0.0,0.0,0.0,1.0
before,cpu,2041,0,0.0,0.0,0.0,1.0
before,cpu,2042,0,0.0,0.0,0.0,1.0
before,cpu,2043,0,0.0,0.0,0.0,1.0
before,cpu,2044,0,0.0,0.0,0.0,1.0
before,cpu,2045,0,0.0,0.0,0.0,1.0
before,cpu,2046,0,0.0,0.0,0.0,1.0
before,cpu,2047,0,0.0,0.0,0.0,1.0
before,cuda:0,0,78,78.0,78.0,78.0,77.0
before,cuda:0,1,1,1.0,1.0,1.0,0.0
before,cuda:0,2,1,1.0,1.0,1.0,0.0
before,cuda:0,3,1,1.0,1.0,1.0,0.0
before,cuda:0,4,1,1.0,1.0,1.0,0.0
before,cuda:0,5,1,1.0,1.0,1.0,0.0
before,cuda:0,6,1,1.0,1.0,1.0,0.0
before,cuda:0,7,1,1.0,1.0,1.0,0.0
before,cuda:0,8,1,1.0,1.0,1.0,0.0
before,cuda:0,9,1,1.0,1.0,1.0,0.0
before,cuda:0,10,1,1.0,1.0,1.0,0.0
before,cuda:0,11,1,1.0,1.0,1.0,0.0
before,cuda:0,12,1,1.0,1.0,1.0,0.0
before,cuda:0,13,1,1.0,1.0,1.0,0.0
before,cuda:0,14,1,1.0,1.0,1.0,0.0
before,cuda:0,15,1,1.0,1.0,1.0,0.0
before,cuda:0,16,1,1.0,1.0,1.0,0.0
before,cuda:0,17,1,1.0,1.0,1.0,0.0
before,cuda:0,18,1,1.0,1.0,1.0,0.0
before,cuda:0,19,1,1.0,1.0,1.0,0.0
before,cuda:0,20,1,1.0,1.0,1.0,0.0
before,cuda:0,21,1,1.0,1.0,1.0,0.0
before,cuda:0,22,1,1.0,1.0,1.0,0.0
before,cuda:0,23,1,1.0,1.0,1.0,0.0
before,cuda:0,24,1,1.0,1.0,1.0,0.0
before,cuda:0,25,1,1.0,1.0,1.0,0.0
before,cuda:0,26,1,1.0,1.0,1.0,0.0
before,cuda:0,27,1,1.0,1.0,1.0,0.0
before,cuda:0,28,1,1.0,1.0,1.0,0.0
before,cuda:0,29,1,1.0,1.0,1.0,0.0
before,cuda:0,30,1,1.0,1.0,1.0,0.0
before,cuda:0,31,1,1.0,1.0,1.0,0.0
before,cuda:0,32,1,1.0,1.0,1.0,0.0
before,cuda:0,33,1,1.0,1.0,1.0,0.0
before,cuda:0,34,1,1.0,1.0,1.0,0.0
before,cuda:0,35,1,1.0,1.0,1.0,0.0
before,cuda:0,36,1,1.0,1.0,1.0,0.0
before,cuda:0,37,1,1.0,1.0,1.0,0.0
before,cuda:0,38,1,1.0,1.0,1.0,0.0
before,cuda:0,39,1,1.0,1.0,1.0,0.0
before,cuda:0,40,1,1.0,1.0,1.0,0.0
before,cuda:0,41,1,1.0,1.0,1.0,0.0
before,cuda:0,42,1,1.0,1.0,1.0,0.0
before,cuda:0,43,1,1.0,1.0,1.0,0.0
before,cuda:0,44,1,1.0,1.0,1.0,0.0
before,cuda:0,45,1,1.0,1.0,1.0,0.0
before,cuda:0,46,1,1.0,1.0,1.0,0.0
before,cuda:0,47,1,1.0,1.0,1.0,0.0
before,cuda:0,48,1,1.0,1.0,1.0,0.0
before,cuda:0,49,1,1.0,1.0,1.0,0.0
before,cuda:0,50,1,1.0,1.0,1.0,0.0
before,cuda:0,51,1,1.0,1.0,1.0,0.0
before,cuda:0,52,1,1.0,1.0,1.0,0.0
before,cuda:0,53,1,1.0,1.0,1.0,0.0
before,cuda:0,54,1,1.0,1.0,1.0,0.0
before,cuda:0,55,1,1.0,1.0,1.0,0.0
before,cuda:0,56,1,1.0,1.0,1.0,0.0
before,cuda:0,57,1,1.0,1.0,1.0,0.0
before,cuda:0,58,1,1.0,1.0,1.0,0.0
before,cuda:0,59,1,1.0,1.0,1.0,0.0
before,cuda:0,60,1,1.0,1.0,1.0,0.0
before,cuda:0,61,1,1.0,1.0,1.0,0.0
before,cuda:0,62,1,1.0,1.0,1.0,0.0
before,cuda:0,63,1,1.0,1.0,1.0,0.0
before,cuda:0,64,1,1.0,1.0,1.0,0.0
before,cuda:0,65,1,1.0,1.0,1.0,0.0
before,cuda:0,66,1,1.0,1.0,1.0,0.0
before,cuda:0,67,1,1.0,1.0,1.0,0.0
before,cuda:0,68,1,1.0,1.0,1.0,0.0
before,cuda:0,69,1,1.0,1.0,1.0,0.0
before,cuda:0,70,1,1.0,1.0,1.0,0.0
before,cuda:0,71,1,1.0,1.0,1.0,0.0
before,cuda:0,72,1,1.0,1.0,1.0,0.0
before,cuda:0,73,1,1.0,1.0,1.0,0.0
before,cuda:0,74,1,1.0,1.0,1.0,0.0
before,cuda:0,75,1,1.0,1.0,1.0,0.0
before,cuda:0,76,1,1.0,1.0,1.0,0.0
before,cuda:0,77,1,1.0,1.0,1.0,0.0
before,cuda:0,78,1,1.0,1.0,1.0,0.0
before,cuda:0,79,1,1.0,1.0,1.0,0.0
before,cuda:0,80,1,1.0,1.0,1.0,0.0
before,cuda:0,81,1,1.0,1.0,1.0,0.0
before,cuda:0,82,1,1.0,1.0,1.0,0.0
before,cuda:0,83,1,1.0,1.0,1.0,0.0
before,cuda:0,84,1,1.0,1.0,1.0,0.0
before,cuda:0,85,1,1.0,1.0,1.0,0.0
before,cuda:0,86,1,1.0,1.0,1.0,0.0
before,cuda:0,87,1,1.0,1.0,1.0,0.0
before,cuda:0,88,1,1.0,1.0,1.0,0.0
before,cuda:0,89,1,1.0,1.0,1.0,0.0
before,cuda:0,90,1,1.0,1.0,1.0,0.0
before,cuda:0,91,1,1.0,1.0,1.0,0.0
before,cuda:0,92,1,1.0,1.0,1.0,0.0
before,cuda:0,93,1,1.0,1.0,1.0,0.0
before,cuda:0,94,1,1.0,1.0,1.0,0.0
before,cuda:0,95,1,1.0,1.0,1.0,0.0
before,cuda:0,96,1,1.0,1.0,1.0,0.0
before,cuda:0,97,1,1.0,1.0,1.0,0.0
before,cuda:0,98,1,1.0,1.0,1.0,0.0
before,cuda:0,99,1,1.0,1.0,1.0,0.0
before,cuda:0,100,1,1.0,1.0,1.0,0.0
before,cuda:0,101,1,1.0,1.0,1.0,0.0
before,cuda:0,102,1,1.0,1.0,1.0,0.0
before,cuda:0,103,1,1.0,1.0,1.0,0.0
before,cuda:0,104,1,1.0,1.0,1.0,0.0
before,cuda:0,105,1,1.0,1.0,1.0,0.0
before,cuda:0,106,1,1.0,1.0,1.0,0.0
before,cuda:0,107,1,1.0,1.0,1.0,0.0
before,cuda:0,108,1,1.0,1.0,1.0,0.0
before,cuda:0,109,1,1.0,1.0,1.0,0.0
before,cuda:0,110,1,1.0,1.0,1.0,0.0
before,cuda:0,111,1,1.0,1.0,1.0,0.0
before,cuda:0,112,1,1.0,1.0,1.0,0.0
before,cuda:0,113,1,1.0,1.0,1.0,0.0
before,cuda:0,114,1,1.0,1.0,1.0,0.0
before,cuda:0,115,1,1.0,1.0,1.0,0.0
before,cuda:0,116,1,1.0,1.0,1.0,0.0
before,cuda:0,117,1,1.0,1.0,1.0,0.0
before,cuda:0,118,1,1.0,1.0,1.0,0.0
before,cuda:0,119,1,1.0,1.0,1.0,0.0
before,cuda:0,120,1,1.0,1.0,1.0,0.0
before,cuda:0,121,1,1.0,1.0,1.0,0.0
before,cuda:0,122,1,1.0,1.0,1.0,0.0
before,cuda:0,123,1,1.0,1.0,1.0,0.0
before,cuda:0,124,1,1.0,1.0,1.0,0.0
before,cuda:0,125,1,1.0,1.0,1.0,0.0
before,cuda:0,126,1,1.0,1.0,1.0,0.0
before,cuda:0,127,1,1.0,1.0,1.0,0.0
before,cuda:0,128,1,1.0,1.0,1.0,0.0
before,cuda:0,129,1,1.0,1.0,1.0,0.0
before,cuda:0,130,1,1.0,1.0,1.0,0.0
before,cuda:0,131,1,1.0,1.0,1.0,0.0
before,cuda:0,132,1,1.0,1.0,1.0,0.0
before,cuda:0,133,1,1.0,1.0,1.0,0.0
before,cuda:0,134,1,1.0,1.0,1.0,0.0
before,cuda:0,135,1,1.0,1.0,1.0,0.0
before,cuda:0,136,1,1.0,1.0,1.0,0.0
before,cuda:0,137,1,1.0,1.0,1.0,0.0
before,cuda:0,138,1,1.0,1.0,1.0,0.0
before,cuda:0,139,1,1.0,1.0,1.0,0.0
before,cuda:0,140,1,1.0,1.0,1.0,0.0
before,cuda:0,141,1,1.0,1.0,1.0,0.0
before,cuda:0,142,1,1.0,1.0,1.0,0.0
before,cuda:0,143,1,1.0,1.0,1.0,0.0
before,cuda:0,144,1,1.0,1.0,1.0,0.0
before,cuda:0,145,1,1.0,1.0,1.0,0.0
before,cuda:0,146,1,1.0,1.0,1.0,0.0
before,cuda:0,147,1,1.0,1.0,1.0,0.0
before,cuda:0,148,1,1.0,1.0,1.0,0.0
before,cuda:0,149,1,1.0,1.0,1.0,0.0
before,cuda:0,150,1,1.0,1.0,1.0,0.0
before,cuda:0,151,1,1.0,1.0,1.0,0.0
before,cuda:0,152,1,1.0,1.0,1.0,0.0
before,cuda:0,153,1,1.0,1.0,1.0,0.0
before,cuda:0,154,1,1.0,1.0,1.0,0.0
before,cuda:0,155,1,1.0,1.0,1.0,0.0
before,cuda:0,156,1,1.0,1.0,1.0,0.0
before,cuda:0,157,1,1.0,1.0,1.0,0.0
before,cuda:0,158,1,1.0,1.0,1.0,0.0
before,cuda:0,159,1,1.0,1.0,1.0,0.0
before,cuda:0,160,1,1.0,1.0,1.0,0.0
before,cuda:0,161,1,1.0,1.0,1.0,0.0
before,cuda:0,162,1,1.0,1.0,1.0,0.0
before,cuda:0,163,1,1.0,1.0,1.0,0.0
before,cuda:0,164,1,1.0,1.0,1.0,0.0
before,cuda:0,165,1,1.0,1.0,1.0,0.0
before,cuda:0,166,1,1.0,1.0,1.0,0.0
before,cuda:0,167,1,1.0,1.0,1.0,0.0
before,cuda:0,168,1,1.0,1.0,1.0,0.0
before,cuda:0,169,1,1.0,1.0,1.0,0.0
before,cuda:0,170,1,1.0,1.0,1.0,0.0
before,cuda:0,171,1,1.0,1.0,1.0,0.0
before,cuda:0,172,1,1.0,1.0,1.0,0.0
before,cuda:0,173,1,1.0,1.0,1.0,0.0
before,cuda:0,174,1,1.0,1.0,1.0,0.0
before,cuda:0,175,1,1.0,1.0,1.0,0.0
before,cuda:0,176,1,1.0,1.0,1.0,0.0
before,cuda:0,177,1,1.0,1.0,1.0,0.0
before,cuda:0,178,1,1.0,1.0,1.0,0.0
before,cuda:0,179,1,1.0,1.0,1.0,0.0
before,cuda:0,180,1,1.0,1.0,1.0,0.0
before,cuda:0,181,1,1.0,1.0,1.0,0.0
before,cuda:0,182,1,1.0,1.0,1.0,0.0
before,cuda:0,183,1,1.0,1.0,1.0,0.0
before,cuda:0,184,1,1.0,1.0,1.0,0.0
before,cuda:0,185,1,1.0,1.0,1.0,0.0
before,cuda:0,186,1,1.0,1.0,1.0,0.0
before,cuda:0,187,1,1.0,1.0,1.0,0.0
before,cuda:0,188,1,1.0,1.0,1.0,0.0
before,cuda:0,189,1,1.0,1.0,1.0,0.0
before,cuda:0,190,1,1.0,1.0,1.0,0.0
before,cuda:0,191,1,1.0,1.0,1.0,0.0
before,cuda:0,192,1,1.0,1.0,1.0,0.0
before,cuda:0,193,1,1.0,1.0,1.0,0.0
before,cuda:0,194,1,1.0,1.0,1.0,0.0
before,cuda:0,195,1,1.0,1.0,1.0,0.0
before,cuda:0,196,1,1.0,1.0,1.0,0.0
before,cuda:0,197,1,1.0,1.0,1.0,0.0
before,cuda:0,198,1,1.0,1.0,1.0,0.0
before,cuda:0,199,1,1.0,1.0,1.0,0.0
before,cuda:0,200,1,1.0,1.0,1.0,0.0
before,cuda:0,201,1,1.0,1.0,1.0,0.0
before,cuda:0,202,1,1.0,1.0,1.0,0.0
before,cuda:0,203,1,1.0,1.0,1.0,0.0
before,cuda:0,204,1,1.0,1.0,1.0,0.0
before,cuda:0,205,1,1.0,1.0,1.0,0.0
before,cuda:0,206,1,1.0,1.0,1.0,0.0
before,cuda:0,207,1,1.0,1.0,1.0,0.0
before,cuda:0,208,1,1.0,1.0,1.0,0.0
before,cuda:0,209,1,1.0,1.0,1.0,0.0
before,cuda:0,210,1,1.0,1.0,1.0,0.0
before,cuda:0,211,1,1.0,1.0,1.0,0.0
before,cuda:0,212,1,1.0,1.0,1.0,0.0
before,cuda:0,213,1,1.0,1.0,1.0,0.0
before,cuda:0,214,1,1.0,1.0,1.0,0.0
before,cuda:0,215,1,1.0,1.0,1.0,0.0
before,cuda:0,216,1,1.0,1.0,1.0,0.0
before,cuda:0,217,1,1.0,1.0,1.0,0.0
before,cuda:0,218,1,1.0,1.0,1.0,0.0
before,cuda:0,219,1,1.0,1.0,1.0,0.0
before,cuda:0,220,1,1.0,1.0,1.0,0.0
before,cuda:0,221,1,1.0,1.0,1.0,0.0
before,cuda:0,222,1,1.0,1.0,1.0,0.0
before,cuda:0,223,1,1.0,1.0,1.0,0.0
before,cuda:0,224,1,1.0,1.0,1.0,0.0
before,cuda:0,225,1,1.0,1.0,1.0,0.0
before,cuda:0,226,1,1.0,1.0,1.0,0.0
before,cuda:0,227,1,1.0,1.0,1.0,0.0
before,cuda:0,228,1,1.0,1.0,1.0,0.0
before,cuda:0,229,1,1.0,1.0,1.0,0.0
before,cuda:0,230,1,1.0,1.0,1.0,0.0
before,cuda:0,231,1,1.0,1.0,1.0,0.0
before,cuda:0,232,1,1.0,1.0,1.0,0.0
before,cuda:0,233,1,1.0,1.0,1.0,0.0
before,cuda:0,234,1,1.0,1.0,1.0,0.0
before,cuda:0,235,1,1.0,1.0,1.0,0.0
before,cuda:0,236,1,1.0,1.0,1.0,0.0
before,cuda:0,237,1,1.0,1.0,1.0,0.0
before,cuda:0,238,1,1.0,1.0,1.0,0.0
before,cuda:0,239,1,1.0,1.0,1.0,0.0
before,cuda:0,240,1,1.0,1.0,1.0,0.0
before,cuda:0,241,1,1.0,1.0,1.0,0.0
before,cuda:0,242,1,1.0,1.0,1.0,0.0
before,cuda:0,243,1,1.0,1.0,1.0,0.0
before,cuda:0,244,1,1.0,1.0,1.0,0.0
before,cuda:0,245,1,1.0,1.0,1.0,0.0
before,cuda:0,246,1,1.0,1.0,1.0,0.0
before,cuda:0,247,1,1.0,1.0,1.0,0.0
before,cuda:0,248,1,1.0,1.0,1.0,0.0
before,cuda:0,249,1,1.0,1.0,1.0,0.0
before,cuda:0,250,1,1.0,1.0,1.0,0.0
before,cuda:0,251,1,1.0,1.0,1.0,0.0
before,cuda:0,252,1,1.0,1.0,1.0,0.0
before,cuda:0,253,1,1.0,1.0,1.0,0.0
before,cuda:0,254,1,1.0,1.0,1.0,0.0
before,cuda:0,255,1,1.0,1.0,1.0,0.0
before,cuda:0,256,1,1.0,1.0,1.0,0.0
before,cuda:0,257,1,1.0,1.0,1.0,0.0
before,cuda:0,258,1,1.0,1.0,1.0,0.0
before,cuda:0,259,1,1.0,1.0,1.0,0.0
before,cuda:0,260,1,1.0,1.0,1.0,0.0
before,cuda:0,261,1,1.0,1.0,1.0,0.0
before,cuda:0,262,1,1.0,1.0,1.0,0.0
before,cuda:0,263,1,1.0,1.0,1.0,0.0
before,cuda:0,264,1,1.0,1.0,1.0,0.0
before,cuda:0,265,1,1.0,1.0,1.0,0.0
before,cuda:0,266,1,1.0,1.0,1.0,0.0
before,cuda:0,267,1,1.0,1.0,1.0,0.0
before,cuda:0,268,1,1.0,1.0,1.0,0.0
before,cuda:0,269,1,1.0,1.0,1.0,0.0
before,cuda:0,270,1,1.0,1.0,1.0,0.0
before,cuda:0,271,1,1.0,1.0,1.0,0.0
before,cuda:0,272,1,1.0,1.0,1.0,0.0
before,cuda:0,273,1,1.0,1.0,1.0,0.0
before,cuda:0,274,1,1.0,1.0,1.0,0.0
before,cuda:0,275,1,1.0,1.0,1.0,0.0
before,cuda:0,276,1,1.0,1.0,1.0,0.0
before,cuda:0,277,1,1.0,1.0,1.0,0.0
before,cuda:0,278,1,1.0,1.0,1.0,0.0
before,cuda:0,279,1,1.0,1.0,1.0,0.0
before,cuda:0,280,1,1.0,1.0,1.0,0.0
before,cuda:0,281,1,1.0,1.0,1.0,0.0
before,cuda:0,282,1,1.0,1.0,1.0,0.0
before,cuda:0,283,1,1.0,1.0,1.0,0.0
before,cuda:0,284,1,1.0,1.0,1.0,0.0
before,cuda:0,285,1,1.0,1.0,1.0,0.0
before,cuda:0,286,1,1.0,1.0,1.0,0.0
before,cuda:0,287,1,1.0,1.0,1.0,0.0
before,cuda:0,288,1,1.0,1.0,1.0,0.0
before,cuda:0,289,1,1.0,1.0,1.0,0.0
before,cuda:0,290,1,1.0,1.0,1.0,0.0
before,cuda:0,291,1,1.0,1.0,1.0,0.0
before,cuda:0,292,1,1.0,1.0,1.0,0.0
before,cuda:0,293,1,1.0,1.0,1.0,0.0
before,cuda:0,294,1,1.0,1.0,1.0,0.0
before,cuda:0,295,1,1.0,1.0,1.0,0.0
before,cuda:0,296,1,1.0,1.0,1.0,0.0
before,cuda:0,297,1,1.0,1.0,1.0,0.0
before,cuda:0,298,1,1.0,1.0,1.0,0.0
before,cuda:0,299,1,1.0,1.0,1.0,0.0
before,cuda:0,300,1,1.0,1.0,1.0,0.0
before,cuda:0,301,1,1.0,1.0,1.0,0.0
before,cuda:0,302,1,1.0,1.0,1.0,0.0
before,cuda:0,303,1,1.0,1.0,1.0,0.0
before,cuda:0,304,1,1.0,1.0,1.0,0.0
before,cuda:0,305,1,1.0,1.0,1.0,0.0
before,cuda:0,306,1,1.0,1.0,1.0,0.0
before,cuda:0,307,1,1.0,1.0,1.0,0.0
before,cuda:0,308,1,1.0,1.0,1.0,0.0
before,cuda:0,309,1,1.0,1.0,1.0,0.0
before,cuda:0,310,1,1.0,1.0,1.0,0.0
before,cuda:0,311,1,1.0,1.0,1.0,0.0
before,cuda:0,312,1,1.0,1.0,1.0,0.0
before,cuda:0,313,1,1.0,1.0,1.0,0.0
before,cuda:0,314,1,1.0,1.0,1.0,0.0
before,cuda:0,315,1,1.0,1.0,1.0,0.0
before,cuda:0,316,1,1.0,1.0,1.0,0.0
before,cuda:0,317,1,1.0,1.0,1.0,0.0
before,cuda:0,318,1,1.0,1.0,1.0,0.0
before,cuda:0,319,1,1.0,1.0,1.0,0.0
before,cuda:0,320,1,1.0,1.0,1.0,0.0
before,cuda:0,321,1,1.0,1.0,1.0,0.0
before,cuda:0,322,1,1.0,1.0,1.0,0.0
before,cuda:0,323,1,1.0,1.0,1.0,0.0
before,cuda:0,324,1,1.0,1.0,1.0,0.0
before,cuda:0,325,1,1.0,1.0,1.0,0.0
before,cuda:0,326,1,1.0,1.0,1.0,0.0
before,cuda:0,327,1,1.0,1.0,1.0,0.0
before,cuda:0,328,1,1.0,1.0,1.0,0.0
before,cuda:0,329,1,1.0,1.0,1.0,0.0
before,cuda:0,330,1,1.0,1.0,1.0,0.0
before,cuda:0,331,1,1.0,1.0,1.0,0.0
before,cuda:0,332,1,1.0,1.0,1.0,0.0
before,cuda:0,333,1,1.0,1.0,1.0,0.0
before,cuda:0,334,1,1.0,1.0,1.0,0.0
before,cuda:0,335,1,1.0,1.0,1.0,0.0
before,cuda:0,336,1,1.0,1.0,1.0,0.0
before,cuda:0,337,1,1.0,1.0,1.0,0.0
before,cuda:0,338,1,1.0,1.0,1.0,0.0
before,cuda:0,339,1,1.0,1.0,1.0,0.0
before,cuda:0,340,1,1.0,1.0,1.0,0.0
before,cuda:0,341,1,1.0,1.0,1.0,0.0
before,cuda:0,342,1,1.0,1.0,1.0,0.0
before,cuda:0,343,1,1.0,1.0,1.0,0.0
before,cuda:0,344,1,1.0,1.0,1.0,0.0
before,cuda:0,345,1,1.0,1.0,1.0,0.0
before,cuda:0,346,1,1.0,1.0,1.0,0.0
before,cuda:0,347,1,1.0,1.0,1.0,0.0
before,cuda:0,348,1,1.0,1.0,1.0,0.0
before,cuda:0,349,1,1.0,1.0,1.0,0.0
before,cuda:0,350,1,1.0,1.0,1.0,0.0
before,cuda:0,351,1,1.0,1.0,1.0,0.0
before,cuda:0,352,1,1.0,1.0,1.0,0.0
before,cuda:0,353,1,1.0,1.0,1.0,0.0
before,cuda:0,354,1,1.0,1.0,1.0,0.0
before,cuda:0,355,1,1.0,1.0,1.0,0.0
before,cuda:0,356,1,1.0,1.0,1.0,0.0
before,cuda:0,357,1,1.0,1.0,1.0,0.0
before,cuda:0,358,1,1.0,1.0,1.0,0.0
before,cuda:0,359,1,1.0,1.0,1.0,0.0
before,cuda:0,360,1,1.0,1.0,1.0,0.0
before,cuda:0,361,1,1.0,1.0,1.0,0.0
before,cuda:0,362,1,1.0,1.0,1.0,0.0
before,cuda:0,363,1,1.0,1.0,1.0,0.0
before,cuda:0,364,1,1.0,1.0,1.0,0.0
before,cuda:0,365,1,1.0,1.0,1.0,0.0
before,cuda:0,366,1,1.0,1.0,1.0,0.0
before,cuda:0,367,1,1.0,1.0,1.0,0.0
before,cuda:0,368,1,1.0,1.0,1.0,0.0
before,cuda:0,369,1,1.0,1.0,1.0,0.0
before,cuda:0,370,1,1.0,1.0,1.0,0.0
before,cuda:0,371,1,1.0,1.0,1.0,0.0
before,cuda:0,372,1,1.0,1.0,1.0,0.0
before,cuda:0,373,1,1.0,1.0,1.0,0.0
before,cuda:0,374,1,1.0,1.0,1.0,0.0
before,cuda:0,375,1,1.0,1.0,1.0,0.0
before,cuda:0,376,1,1.0,1.0,1.0,0.0
before,cuda:0,377,1,1.0,1.0,1.0,0.0
before,cuda:0,378,1,1.0,1.0,1.0,0.0
before,cuda:0,379,1,1.0,1.0,1.0,0.0
before,cuda:0,380,1,1.0,1.0,1.0,0.0
before,cuda:0,381,1,1.0,1.0,1.0,0.0
before,cuda:0,382,1,1.0,1.0,1.0,0.0
before,cuda:0,383,1,1.0,1.0,1.0,0.0
before,cuda:0,384,1,1.0,1.0,1.0,0.0
before,cuda:0,385,1,1.0,1.0,1.0,0.0
before,cuda:0,386,1,1.0,1.0,1.0,0.0
before,cuda:0,387,1,1.0,1.0,1.0,0.0
before,cuda:0,388,1,1.0,1.0,1.0,0.0
before,cuda:0,389,1,1.0,1.0,1.0,0.0
before,cuda:0,390,1,1.0,1.0,1.0,0.0
before,cuda:0,391,1,1.0,1.0,1.0,0.0
before,cuda:0,392,1,1.0,1.0,1.0,0.0
before,cuda:0,393,1,1.0,1.0,1.0,0.0
before,cuda:0,394,1,1.0,1.0,1.0,0.0
before,cuda:0,395,1,1.0,1.0,1.0,0.0
before,cuda:0,396,1,1.0,1.0,1.0,0.0
before,cuda:0,397,1,1.0,1.0,1.0,0.0
before,cuda:0,398,1,1.0,1.0,1.0,0.0
before,cuda:0,399,1,1.0,1.0,1.0,0.0
before,cuda:0,400,1,1.0,1.0,1.0,0.0
before,cuda:0,401,1,1.0,1.0,1.0,0.0
before,cuda:0,402,1,1.0,1.0,1.0,0.0
before,cuda:0,403,1,1.0,1.0,1.0,0.0
before,cuda:0,404,1,1.0,1.0,1.0,0.0
before,cuda:0,405,1,1.0,1.0,1.0,0.0
before,cuda:0,406,1,1.0,1.0,1.0,0.0
before,cuda:0,407,1,1.0,1.0,1.0,0.0
before,cuda:0,408,1,1.0,1.0,1.0,0.0
before,cuda:0,409,1,1.0,1.0,1.0,0.0
before,cuda:0,410,1,1.0,1.0,1.0,0.0
before,cuda:0,411,1,1.0,1.0,1.0,0.0
before,cuda:0,412,1,1.0,1.0,1.0,0.0
before,cuda:0,413,1,1.0,1.0,1.0,0.0
before,cuda:0,414,1,1.0,1.0,1.0,0.0
before,cuda:0,415,1,1.0,1.0,1.0,0.0
before,cuda:0,416,1,1.0,1.0,1.0,0.0
before,cuda:0,417,1,1.0,1.0,1.0,0.0
before,cuda:0,418,1,1.0,1.0,1.0,0.0
before,cuda:0,419,1,1.0,1.0,1.0,0.0
before,cuda:0,420,1,1.0,1.0,1.0,0.0
before,cuda:0,421,1,1.0,1.0,1.0,0.0
before,cuda:0,422,1,1.0,1.0,1.0,0.0
before,cuda:0,423,1,1.0,1.0,1.0,0.0
before,cuda:0,424,1,1.0,1.0,1.0,0.0
before,cuda:0,425,1,1.0,1.0,1.0,0.0
before,cuda:0,426,1,1.0,1.0,1.0,0.0
before,cuda:0,427,1,1.0,1.0,1.0,0.0
before,cuda:0,428,1,1.0,1.0,1.0,0.0
before,cuda:0,429,1,1.0,1.0,1.0,0.0
before,cuda:0,430,1,1.0,1.0,1.0,0.0
before,cuda:0,431,1,1.0,1.0,1.0,0.0
before,cuda:0,432,1,1.0,1.0,1.0,0.0
before,cuda:0,433,1,1.0,1.0,1.0,0.0
before,cuda:0,434,1,1.0,1.0,1.0,0.0
before,cuda:0,435,1,1.0,1.0,1.0,0.0
before,cuda:0,436,1,1.0,1.0,1.0,0.0
before,cuda:0,437,1,1.0,1.0,1.0,0.0
before,cuda:0,438,1,1.0,1.0,1.0,0.0
before,cuda:0,439,1,1.0,1.0,1.0,0.0
before,cuda:0,440,1,1.0,1.0,1.0,0.0
before,cuda:0,441,1,1.0,1.0,1.0,0.0
before,cuda:0,442,1,1.0,1.0,1.0,0.0
before,cuda:0,443,1,1.0,1.0,1.0,0.0
before,cuda:0,444,1,1.0,1.0,1.0,0.0
before,cuda:0,445,1,1.0,1.0,1.0,0.0
before,cuda:0,446,1,1.0,1.0,1.0,0.0
before,cuda:0,447,1,1.0,1.0,1.0,0.0
before,cuda:0,448,1,1.0,1.0,1.0,0.0
before,cuda:0,449,1,1.0,1.0,1.0,0.0
before,cuda:0,450,1,1.0,1.0,1.0,0.0
before,cuda:0,451,1,1.0,1.0,1.0,0.0
before,cuda:0,452,1,1.0,1.0,1.0,0.0
before,cuda:0,453,1,1.0,1.0,1.0,0.0
before,cuda:0,454,1,1.0,1.0,1.0,0.0
before,cuda:0,455,1,1.0,1.0,1.0,0.0
before,cuda:0,456,1,1.0,1.0,1.0,0.0
before,cuda:0,457,1,1.0,1.0,1.0,0.0
before,cuda:0,458,1,1.0,1.0,1.0,0.0
before,cuda:0,459,1,1.0,1.0,1.0,0.0
before,cuda:0,460,1,1.0,1.0,1.0,0.0
before,cuda:0,461,1,1.0,1.0,1.0,0.0
before,cuda:0,462,1,1.0,1.0,1.0,0.0
before,cuda:0,463,1,1.0,1.0,1.0,0.0
before,cuda:0,464,1,1.0,1.0,1.0,0.0
before,cuda:0,465,1,1.0,1.0,1.0,0.0
before,cuda:0,466,1,1.0,1.0,1.0,0.0
before,cuda:0,467,1,1.0,1.0,1.0,0.0
before,cuda:0,468,1,1.0,1.0,1.0,0.0
before,cuda:0,469,1,1.0,1.0,1.0,0.0
before,cuda:0,470,1,1.0,1.0,1.0,0.0
before,cuda:0,471,1,1.0,1.0,1.0,0.0
before,cuda:0,472,1,1.0,1.0,1.0,0.0
before,cuda:0,473,1,1.0,1.0,1.0,0.0
before,cuda:0,474,1,1.0,1.0,1.0,0.0
before,cuda:0,475,1,1.0,1.0,1.0,0.0
before,cuda:0,476,1,1.0,1.0,1.0,0.0
before,cuda:0,477,1,1.0,1.0,1.0,0.0
before,cuda:0,478,1,1.0,1.0,1.0,0.0
before,cuda:0,479,1,1.0,1.0,1.0,0.0
before,cuda:0,480,1,1.0,1.0,1.0,0.0
before,cuda:0,481,1,1.0,1.0,1.0,0.0
before,cuda:0,482,1,1.0,1.0,1.0,0.0
before,cuda:0,483,1,1.0,1.0,1.0,0.0
before,cuda:0,484,1,1.0,1.0,1.0,0.0
before,cuda:0,485,1,1.0,1.0,1.0,0.0
before,cuda:0,486,1,1.0,1.0,1.0,0.0
before,cuda:0,487,1,1.0,1.0,1.0,0.0
before,cuda:0,488,1,1.0,1.0,1.0,0.0
before,cuda:0,489,1,1.0,1.0,1.0,0.0
before,cuda:0,490,1,1.0,1.0,1.0,0.0
before,cuda:0,491,1,1.0,1.0,1.0,0.0
before,cuda:0,492,1,1.0,1.0,1.0,0.0
before,cuda:0,493,1,1.0,1.0,1.0,0.0
before,cuda:0,494,1,1.0,1.0,1.0,0.0
before,cuda:0,495,1,1.0,1.0,1.0,0.0
before,cuda:0,496,1,1.0,1.0,1.0,0.0
before,cuda:0,497,1,1.0,1.0,1.0,0.0
before,cuda:0,498,1,1.0,1.0,1.0,0.0
before,cuda:0,499,1,1.0,1.0,1.0,0.0
before,cuda:0,500,1,1.0,1.0,1.0,0.0
before,cuda:0,501,1,1.0,1.0,1.0,0.0
before,cuda:0,502,1,1.0,1.0,1.0,0.0
before,cuda:0,503,1,1.0,1.0,1.0,0.0
before,cuda:0,504,1,1.0,1.0,1.0,0.0
before,cuda:0,505,1,1.0,1.0,1.0,0.0
before,cuda:0,506,1,1.0,1.0,1.0,0.0
before,cuda:0,507,1,1.0,1.0,1.0,0.0
before,cuda:0,508,1,1.0,1.0,1.0,0.0
before,cuda:0,509,1,1.0,1.0,1.0,0.0
before,cuda:0,510,1,1.0,1.0,1.0,0.0
before,cuda:0,511,1,1.0,1.0,1.0,0.0
before,cuda:0,512,1,1.0,1.0,1.0,0.0
before,cuda:0,513,1,1.0,1.0,1.0,0.0
before,cuda:0,514,1,1.0,1.0,1.0,0.0
before,cuda:0,515,1,1.0,1.0,1.0,0.0
before,cuda:0,516,1,1.0,1.0,1.0,0.0
before,cuda:0,517,1,1.0,1.0,1.0,0.0
before,cuda:0,518,1,1.0,1.0,1.0,0.0
before,cuda:0,519,1,1.0,1.0,1.0,0.0
before,cuda:0,520,1,1.0,1.0,1.0,0.0
before,cuda:0,521,1,1.0,1.0,1.0,0.0
before,cuda:0,522,1,1.0,1.0,1.0,0.0
before,cuda:0,523,1,1.0,1.0,1.0,0.0
before,cuda:0,524,1,1.0,1.0,1.0,0.0
before,cuda:0,525,1,1.0,1.0,1.0,0.0
before,cuda:0,526,1,1.0,1.0,1.0,0.0
before,cuda:0,527,1,1.0,1.0,1.0,0.0
before,cuda:0,528,1,1.0,1.0,1.0,0.0
before,cuda:0,529,1,1.0,1.0,1.0,0.0
before,cuda:0,530,1,1.0,1.0,1.0,0.0
before,cuda:0,531,1,1.0,1.0,1.0,0.0
before,cuda:0,532,1,1.0,1.0,1.0,0.0
before,cuda:0,533,1,1.0,1.0,1.0,0.0
before,cuda:0,534,1,1.0,1.0,1.0,0.0
before,cuda:0,535,1,1.0,1.0,1.0,0.0
before,cuda:0,536,1,1.0,1.0,1.0,0.0
before,cuda:0,537,1,1.0,1.0,1.0,0.0
before,cuda:0,538,1,1.0,1.0,1.0,0.0
before,cuda:0,539,1,1.0,1.0,1.0,0.0
before,cuda:0,540,1,1.0,1.0,1.0,0.0
before,cuda:0,541,1,1.0,1.0,1.0,0.0
before,cuda:0,542,1,1.0,1.0,1.0,0.0
before,cuda:0,543,1,1.0,1.0,1.0,0.0
before,cuda:0,544,1,1.0,1.0,1.0,0.0
before,cuda:0,545,1,1.0,1.0,1.0,0.0
before,cuda:0,546,1,1.0,1.0,1.0,0.0
before,cuda:0,547,1,1.0,1.0,1.0,0.0
before,cuda:0,548,1,1.0,1.0,1.0,0.0
before,cuda:0,549,1,1.0,1.0,1.0,0.0
before,cuda:0,550,1,1.0,1.0,1.0,0.0
before,cuda:0,551,1,1.0,1.0,1.0,0.0
before,cuda:0,552,1,1.0,1.0,1.0,0.0
before,cuda:0,553,1,1.0,1.0,1.0,0.0
before,cuda:0,554,1,1.0,1.0,1.0,0.0
before,cuda:0,555,1,1.0,1.0,1.0,0.0
before,cuda:0,556,1,1.0,1.0,1.0,0.0
before,cuda:0,557,1,1.0,1.0,1.0,0.0
before,cuda:0,558,1,1.0,1.0,1.0,0.0
before,cuda:0,559,1,1.0,1.0,1.0,0.0
before,cuda:0,560,1,1.0,1.0,1.0,0.0
before,cuda:0,561,1,1.0,1.0,1.0,0.0
before,cuda:0,562,1,1.0,1.0,1.0,0.0
before,cuda:0,563,1,1.0,1.0,1.0,0.0
before,cuda:0,564,1,1.0,1.0,1.0,0.0
before,cuda:0,565,1,1.0,1.0,1.0,0.0
before,cuda:0,566,1,1.0,1.0,1.0,0.0
before,cuda:0,567,1,1.0,1.0,1.0,0.0
before,cuda:0,568,1,1.0,1.0,1.0,0.0
before,cuda:0,569,1,1.0,1.0,1.0,0.0
before,cuda:0,570,1,1.0,1.0,1.0,0.0
before,cuda:0,571,1,1.0,1.0,1.0,0.0
before,cuda:0,572,1,1.0,1.0,1.0,0.0
before,cuda:0,573,1,1.0,1.0,1.0,0.0
before,cuda:0,574,1,1.0,1.0,1.0,0.0
before,cuda:0,575,1,1.0,1.0,1.0,0.0
before,cuda:0,576,1,1.0,1.0,1.0,0.0
before,cuda:0,577,1,1.0,1.0,1.0,0.0
before,cuda:0,578,1,1.0,1.0,1.0,0.0
before,cuda:0,579,1,1.0,1.0,1.0,0.0
before,cuda:0,580,1,1.0,1.0,1.0,0.0
before,cuda:0,581,1,1.0,1.0,1.0,0.0
before,cuda:0,582,1,1.0,1.0,1.0,0.0
before,cuda:0,583,1,1.0,1.0,1.0,0.0
before,cuda:0,584,1,1.0,1.0,1.0,0.0
before,cuda:0,585,1,1.0,1.0,1.0,0.0
before,cuda:0,586,1,1.0,1.0,1.0,0.0
before,cuda:0,587,1,1.0,1.0,1.0,0.0
before,cuda:0,588,1,1.0,1.0,1.0,0.0
before,cuda:0,589,1,1.0,1.0,1.0,0.0
before,cuda:0,590,1,1.0,1.0,1.0,0.0
before,cuda:0,591,1,1.0,1.0,1.0,0.0
before,cuda:0,592,1,1.0,1.0,1.0,0.0
before,cuda:0,593,1,1.0,1.0,1.0,0.0
before,cuda:0,594,1,1.0,1.0,1.0,0.0
before,cuda:0,595,1,1.0,1.0,1.0,0.0
before,cuda:0,596,1,1.0,1.0,1.0,0.0
before,cuda:0,597,1,1.0,1.0,1.0,0.0
before,cuda:0,598,1,1.0,1.0,1.0,0.0
before,cuda:0,599,1,1.0,1.0,1.0,0.0
before,cuda:0,600,1,1.0,1.0,1.0,0.0
before,cuda:0,601,1,1.0,1.0,1.0,0.0
before,cuda:0,602,1,1.0,1.0,1.0,0.0
before,cuda:0,603,1,1.0,1.0,1.0,0.0
before,cuda:0,604,1,1.0,1.0,1.0,0.0
before,cuda:0,605,1,1.0,1.0,1.0,0.0
before,cuda:0,606,1,1.0,1.0,1.0,0.0
before,cuda:0,607,1,1.0,1.0,1.0,0.0
before,cuda:0,608,1,1.0,1.0,1.0,0.0
before,cuda:0,609,1,1.0,1.0,1.0,0.0
before,cuda:0,610,1,1.0,1.0,1.0,0.0
before,cuda:0,611,1,1.0,1.0,1.0,0.0
before,cuda:0,612,1,1.0,1.0,1.0,0.0
before,cuda:0,613,1,1.0,1.0,1.0,0.0
before,cuda:0,614,1,1.0,1.0,1.0,0.0
before,cuda:0,615,1,1.0,1.0,1.0,0.0
before,cuda:0,616,1,1.0,1.0,1.0,0.0
before,cuda:0,617,1,1.0,1.0,1.0,0.0
before,cuda:0,618,1,1.0,1.0,1.0,0.0
before,cuda:0,619,1,1.0,1.0,1.0,0.0
before,cuda:0,620,1,1.0,1.0,1.0,0.0
before,cuda:0,621,1,1.0,1.0,1.0,0.0
before,cuda:0,622,1,1.0,1.0,1.0,0.0
before,cuda:0,623,1,1.0,1.0,1.0,0.0
before,cuda:0,624,1,1.0,1.0,1.0,0.0
before,cuda:0,625,1,1.0,1.0,1.0,0.0
before,cuda:0,626,1,1.0,1.0,1.0,0.0
before,cuda:0,627,1,1.0,1.0,1.0,0.0
before,cuda:0,628,1,1.0,1.0,1.0,0.0
before,cuda:0,629,1,1.0,1.0,1.0,0.0
before,cuda:0,630,1,1.0,1.0,1.0,0.0
before,cuda:0,631,1,1.0,1.0,1.0,0.0
before,cuda:0,632,1,1.0,1.0,1.0,0.0
before,cuda:0,633,1,1.0,1.0,1.0,0.0
before,cuda:0,634,1,1.0,1.0,1.0,0.0
before,cuda:0,635,1,1.0,1.0,1.0,0.0
before,cuda:0,636,1,1.0,1.0,1.0,0.0
before,cuda:0,637,1,1.0,1.0,1.0,0.0
before,cuda:0,638,1,1.0,1.0,1.0,0.0
before,cuda:0,639,1,1.0,1.0,1.0,0.0
before,cuda:0,640,1,1.0,1.0,1.0,0.0
before,cuda:0,641,1,1.0,1.0,1.0,0.0
before,cuda:0,642,1,1.0,1.0,1.0,0.0
before,cuda:0,643,1,1.0,1.0,1.0,0.0
before,cuda:0,644,1,1.0,1.0,1.0,0.0
before,cuda:0,645,1,1.0,1.0,1.0,0.0
before,cuda:0,646,1,1.0,1.0,1.0,0.0
before,cuda:0,647,1,1.0,1.0,1.0,0.0
before,cuda:0,648,1,1.0,1.0,1.0,0.0
before,cuda:0,649,1,1.0,1.0,1.0,0.0
before,cuda:0,650,1,1.0,1.0,1.0,0.0
before,cuda:0,651,1,1.0,1.0,1.0,0.0
before,cuda:0,652,1,1.0,1.0,1.0,0.0
before,cuda:0,653,1,1.0,1.0,1.0,0.0
before,cuda:0,654,1,1.0,1.0,1.0,0.0
before,cuda:0,655,1,1.0,1.0,1.0,0.0
before,cuda:0,656,1,1.0,1.0,1.0,0.0
before,cuda:0,657,1,1.0,1.0,1.0,0.0
before,cuda:0,658,1,1.0,1.0,1.0,0.0
before,cuda:0,659,1,1.0,1.0,1.0,0.0
before,cuda:0,660,1,1.0,1.0,1.0,0.0
before,cuda:0,661,1,1.0,1.0,1.0,0.0
before,cuda:0,662,1,1.0,1.0,1.0,0.0
before,cuda:0,663,1,1.0,1.0,1.0,0.0
before,cuda:0,664,1,1.0,1.0,1.0,0.0
before,cuda:0,665,1,1.0,1.0,1.0,0.0
before,cuda:0,666,1,1.0,1.0,1.0,0.0
before,cuda:0,667,1,1.0,1.0,1.0,0.0
before,cuda:0,668,1,1.0,1.0,1.0,0.0
before,cuda:0,669,1,1.0,1.0,1.0,0.0
before,cuda:0,670,1,1.0,1.0,1.0,0.0
before,cuda:0,671,1,1.0,1.0,1.0,0.0
before,cuda:0,672,1,1.0,1.0,1.0,0.0
before,cuda:0,673,1,1.0,1.0,1.0,0.0
before,cuda:0,674,1,1.0,1.0,1.0,0.0
before,cuda:0,675,1,1.0,1.0,1.0,0.0
before,cuda:0,676,1,1.0,1.0,1.0,0.0
before,cuda:0,677,1,1.0,1.0,1.0,0.0
before,cuda:0,678,1,1.0,1.0,1.0,0.0
before,cuda:0,679,1,1.0,1.0,1.0,0.0
before,cuda:0,680,1,1.0,1.0,1.0,0.0
before,cuda:0,681,1,1.0,1.0,1.0,0.0
before,cuda:0,682,1,1.0,1.0,1.0,0.0
before,cuda:0,683,1,1.0,1.0,1.0,0.0
before,cuda:0,684,1,1.0,1.0,1.0,0.0
before,cuda:0,685,1,1.0,1.0,1.0,0.0
before,cuda:0,686,1,1.0,1.0,1.0,0.0
before,cuda:0,687,1,1.0,1.0,1.0,0.0
before,cuda:0,688,1,1.0,1.0,1.0,0.0
before,cuda:0,689,1,1.0,1.0,1.0,0.0
before,cuda:0,690,1,1.0,1.0,1.0,0.0
before,cuda:0,691,1,1.0,1.0,1.0,0.0
before,cuda:0,692,1,1.0,1.0,1.0,0.0
before,cuda:0,693,1,1.0,1.0,1.0,0.0
before,cuda:0,694,1,1.0,1.0,1.0,0.0
before,cuda:0,695,1,1.0,1.0,1.0,0.0
before,cuda:0,696,1,1.0,1.0,1.0,0.0
before,cuda:0,697,1,1.0,1.0,1.0,0.0
before,cuda:0,698,1,1.0,1.0,1.0,0.0
before,cuda:0,699,1,1.0,1.0,1.0,0.0
before,cuda:0,700,1,1.0,1.0,1.0,0.0
before,cuda:0,701,1,1.0,1.0,1.0,0.0
before,cuda:0,702,1,1.0,1.0,1.0,0.0
before,cuda:0,703,1,1.0,1.0,1.0,0.0
before,cuda:0,704,1,1.0,1.0,1.0,0.0
before,cuda:0,705,1,1.0,1.0,1.0,0.0
before,cuda:0,706,1,1.0,1.0,1.0,0.0
before,cuda:0,707,1,1.0,1.0,1.0,0.0
before,cuda:0,708,1,1.0,1.0,1.0,0.0
before,cuda:0,709,1,1.0,1.0,1.0,0.0
before,cuda:0,710,1,1.0,1.0,1.0,0.0
before,cuda:0,711,1,1.0,1.0,1.0,0.0
before,cuda:0,712,1,1.0,1.0,1.0,0.0
before,cuda:0,713,1,1.0,1.0,1.0,0.0
before,cuda:0,714,1,1.0,1.0,1.0,0.0
before,cuda:0,715,1,1.0,1.0,1.0,0.0
before,cuda:0,716,1,1.0,1.0,1.0,0.0
before,cuda:0,717,1,1.0,1.0,1.0,0.0
before,cuda:0,718,1,1.0,1.0,1.0,0.0
before,cuda:0,719,1,1.0,1.0,1.0,0.0
before,cuda:0,720,1,1.0,1.0,1.0,0.0
before,cuda:0,721,1,1.0,1.0,1.0,0.0
before,cuda:0,722,1,1.0,1.0,1.0,0.0
before,cuda:0,723,1,1.0,1.0,1.0,0.0
before,cuda:0,724,1,1.0,1.0,1.0,0.0
before,cuda:0,725,1,1.0,1.0,1.0,0.0
before,cuda:0,726,1,1.0,1.0,1.0,0.0
before,cuda:0,727,1,1.0,1.0,1.0,0.0
before,cuda:0,728,1,1.0,1.0,1.0,0.0
before,cuda:0,729,1,1.0,1.0,1.0,0.0
before,cuda:0,730,1,1.0,1.0,1.0,0.0
before,cuda:0,731,1,1.0,1.0,1.0,0.0
before,cuda:0,732,1,1.0,1.0,1.0,0.0
before,cuda:0,733,1,1.0,1.0,1.0,0.0
before,cuda:0,734,1,1.0,1.0,1.0,0.0
before,cuda:0,735,1,1.0,1.0,1.0,0.0
before,cuda:0,736,1,1.0,1.0,1.0,0.0
before,cuda:0,737,1,1.0,1.0,1.0,0.0
before,cuda:0,738,1,1.0,1.0,1.0,0.0
before,cuda:0,739,1,1.0,1.0,1.0,0.0
before,cuda:0,740,1,1.0,1.0,1.0,0.0
before,cuda:0,741,1,1.0,1.0,1.0,0.0
before,cuda:0,742,1,1.0,1.0,1.0,0.0
before,cuda:0,743,1,1.0,1.0,1.0,0.0
before,cuda:0,744,1,1.0,1.0,1.0,0.0
before,cuda:0,745,1,1.0,1.0,1.0,0.0
before,cuda:0,746,1,1.0,1.0,1.0,0.0
before,cuda:0,747,1,1.0,1.0,1.0,0.0
before,cuda:0,748,1,1.0,1.0,1.0,0.0
before,cuda:0,749,1,1.0,1.0,1.0,0.0
before,cuda:0,750,1,1.0,1.0,1.0,0.0
before,cuda:0,751,1,1.0,1.0,1.0,0.0
before,cuda:0,752,1,1.0,1.0,1.0,0.0
before,cuda:0,753,1,1.0,1.0,1.0,0.0
before,cuda:0,754,1,1.0,1.0,1.0,0.0
before,cuda:0,755,1,1.0,1.0,1.0,0.0
before,cuda:0,756,1,1.0,1.0,1.0,0.0
before,cuda:0,757,1,1.0,1.0,1.0,0.0
before,cuda:0,758,1,1.0,1.0,1.0,0.0
before,cuda:0,759,1,1.0,1.0,1.0,0.0
before,cuda:0,760,1,1.0,1.0,1.0,0.0
before,cuda:0,761,1,1.0,1.0,1.0,0.0
before,cuda:0,762,1,1.0,1.0,1.0,0.0
before,cuda:0,763,1,1.0,1.0,1.0,0.0
before,cuda:0,764,1,1.0,1.0,1.0,0.0
before,cuda:0,765,1,1.0,1.0,1.0,0.0
before,cuda:0,766,1,1.0,1.0,1.0,0.0
before,cuda:0,767,1,1.0,1.0,1.0,0.0
before,cuda:0,768,1,1.0,1.0,1.0,0.0
before,cuda:0,769,1,1.0,1.0,1.0,0.0
before,cuda:0,770,1,1.0,1.0,1.0,0.0
before,cuda:0,771,1,1.0,1.0,1.0,0.0
before,cuda:0,772,1,1.0,1.0,1.0,0.0
before,cuda:0,773,1,1.0,1.0,1.0,0.0
before,cuda:0,774,1,1.0,1.0,1.0,0.0
before,cuda:0,775,1,1.0,1.0,1.0,0.0
before,cuda:0,776,1,1.0,1.0,1.0,0.0
before,cuda:0,777,1,1.0,1.0,1.0,0.0
before,cuda:0,778,1,1.0,1.0,1.0,0.0
before,cuda:0,779,1,1.0,1.0,1.0,0.0
before,cuda:0,780,1,1.0,1.0,1.0,0.0
before,cuda:0,781,1,1.0,1.0,1.0,0.0
before,cuda:0,782,1,1.0,1.0,1.0,0.0
before,cuda:0,783,1,1.0,1.0,1.0,0.0
before,cuda:0,784,1,1.0,1.0,1.0,0.0
before,cuda:0,785,1,1.0,1.0,1.0,0.0
before,cuda:0,786,1,1.0,1.0,1.0,0.0
before,cuda:0,787,1,1.0,1.0,1.0,0.0
before,cuda:0,788,1,1.0,1.0,1.0,0.0
before,cuda:0,789,1,1.0,1.0,1.0,0.0
before,cuda:0,790,1,1.0,1.0,1.0,0.0
before,cuda:0,791,1,1.0,1.0,1.0,0.0
before,cuda:0,792,1,1.0,1.0,1.0,0.0
before,cuda:0,793,1,1.0,1.0,1.0,0.0
before,cuda:0,794,1,1.0,1.0,1.0,0.0
before,cuda:0,795,1,1.0,1.0,1.0,0.0
before,cuda:0,796,1,1.0,1.0,1.0,0.0
before,cuda:0,797,1,1.0,1.0,1.0,0.0
before,cuda:0,798,1,1.0,1.0,1.0,0.0
before,cuda:0,799,1,1.0,1.0,1.0,0.0
before,cuda:0,800,1,1.0,1.0,1.0,0.0
before,cuda:0,801,1,1.0,1.0,1.0,0.0
before,cuda:0,802,1,1.0,1.0,1.0,0.0
before,cuda:0,803,1,1.0,1.0,1.0,0.0
before,cuda:0,804,1,1.0,1.0,1.0,0.0
before,cuda:0,805,1,1.0,1.0,1.0,0.0
before,cuda:0,806,1,1.0,1.0,1.0,0.0
before,cuda:0,807,1,1.0,1.0,1.0,0.0
before,cuda:0,808,1,1.0,1.0,1.0,0.0
before,cuda:0,809,1,1.0,1.0,1.0,0.0
before,cuda:0,810,1,1.0,1.0,1.0,0.0
before,cuda:0,811,1,1.0,1.0,1.0,0.0
before,cuda:0,812,1,1.0,1.0,1.0,0.0
before,cuda:0,813,1,1.0,1.0,1.0,0.0
before,cuda:0,814,1,1.0,1.0,1.0,0.0
before,cuda:0,815,1,1.0,1.0,1.0,0.0
before,cuda:0,816,1,1.0,1.0,1.0,0.0
before,cuda:0,817,1,1.0,1.0,1.0,0.0
before,cuda:0,818,1,1.0,1.0,1.0,0.0
before,cuda:0,819,1,1.0,1.0,1.0,0.0
before,cuda:0,820,1,1.0,1.0,1.0,0.0
before,cuda:0,821,1,1.0,1.0,1.0,0.0
before,cuda:0,822,1,1.0,1.0,1.0,0.0
before,cuda:0,823,1,1.0,1.0,1.0,0.0
before,cuda:0,824,1,1.0,1.0,1.0,0.0
before,cuda:0,825,1,1.0,1.0,1.0,0.0
before,cuda:0,826,1,1.0,1.0,1.0,0.0
before,cuda:0,827,1,1.0,1.0,1.0,0.0
before,cuda:0,828,1,1.0,1.0,1.0,0.0
before,cuda:0,829,1,1.0,1.0,1.0,0.0
before,cuda:0,830,1,1.0,1.0,1.0,0.0
before,cuda:0,831,1,1.0,1.0,1.0,0.0
before,cuda:0,832,1,1.0,1.0,1.0,0.0
before,cuda:0,833,1,1.0,1.0,1.0,0.0
before,cuda:0,834,1,1.0,1.0,1.0,0.0
before,cuda:0,835,1,1.0,1.0,1.0,0.0
before,cuda:0,836,1,1.0,1.0,1.0,0.0
before,cuda:0,837,1,1.0,1.0,1.0,0.0
before,cuda:0,838,1,1.0,1.0,1.0,0.0
before,cuda:0,839,1,1.0,1.0,1.0,0.0
before,cuda:0,840,1,1.0,1.0,1.0,0.0
before,cuda:0,841,1,1.0,1.0,1.0,0.0
before,cuda:0,842,1,1.0,1.0,1.0,0.0
before,cuda:0,843,1,1.0,1.0,1.0,0.0
before,cuda:0,844,1,1.0,1.0,1.0,0.0
before,cuda:0,845,1,1.0,1.0,1.0,0.0
before,cuda:0,846,1,1.0,1.0,1.0,0.0
before,cuda:0,847,1,1.0,1.0,1.0,0.0
before,cuda:0,848,1,1.0,1.0,1.0,0.0
before,cuda:0,849,1,1.0,1.0,1.0,0.0
before,cuda:0,850,1,1.0,1.0,1.0,0.0
before,cuda:0,851,1,1.0,1.0,1.0,0.0
before,cuda:0,852,1,1.0,1.0,1.0,0.0
before,cuda:0,853,1,1.0,1.0,1.0,0.0
before,cuda:0,854,1,1.0,1.0,1.0,0.0
before,cuda:0,855,1,1.0,1.0,1.0,0.0
before,cuda:0,856,1,1.0,1.0,1.0,0.0
before,cuda:0,857,1,1.0,1.0,1.0,0.0
before,cuda:0,858,1,1.0,1.0,1.0,0.0
before,cuda:0,859,1,1.0,1.0,1.0,0.0
before,cuda:0,860,1,1.0,1.0,1.0,0.0
before,cuda:0,861,1,1.0,1.0,1.0,0.0
before,cuda:0,862,1,1.0,1.0,1.0,0.0
before,cuda:0,863,1,1.0,1.0,1.0,0.0
before,cuda:0,864,1,1.0,1.0,1.0,0.0
before,cuda:0,865,1,1.0,1.0,1.0,0.0
before,cuda:0,866,1,1.0,1.0,1.0,0.0
before,cuda:0,867,1,1.0,1.0,1.0,0.0
before,cuda:0,868,1,1.0,1.0,1.0,0.0
before,cuda:0,869,1,1.0,1.0,1.0,0.0
before,cuda:0,870,1,1.0,1.0,1.0,0.0
before,cuda:0,871,1,1.0,1.0,1.0,0.0
before,cuda:0,872,1,1.0,1.0,1.0,0.0
before,cuda:0,873,1,1.0,1.0,1.0,0.0
before,cuda:0,874,1,1.0,1.0,1.0,0.0
before,cuda:0,875,1,1.0,1.0,1.0,0.0
before,cuda:0,876,1,1.0,1.0,1.0,0.0
before,cuda:0,877,1,1.0,1.0,1.0,0.0
before,cuda:0,878,1,1.0,1.0,1.0,0.0
before,cuda:0,879,1,1.0,1.0,1.0,0.0
before,cuda:0,880,1,1.0,1.0,1.0,0.0
before,cuda:0,881,1,1.0,1.0,1.0,0.0
before,cuda:0,882,1,1.0,1.0,1.0,0.0
before,cuda:0,883,1,1.0,1.0,1.0,0.0
before,cuda:0,884,1,1.0,1.0,1.0,0.0
before,cuda:0,885,1,1.0,1.0,1.0,0.0
before,cuda:0,886,1,1.0,1.0,1.0,0.0
before,cuda:0,887,1,1.0,1.0,1.0,0.0
before,cuda:0,888,1,1.0,1.0,1.0,0.0
before,cuda:0,889,1,1.0,1.0,1.0,0.0
before,cuda:0,890,1,1.0,1.0,1.0,0.0
before,cuda:0,891,1,1.0,1.0,1.0,0.0
before,cuda:0,892,1,1.0,1.0,1.0,0.0
before,cuda:0,893,1,1.0,1.0,1.0,0.0
before,cuda:0,894,1,1.0,1.0,1.0,0.0
before,cuda:0,895,1,1.0,1.0,1.0,0.0
before,cuda:0,896,1,1.0,1.0,1.0,0.0
before,cuda:0,897,1,1.0,1.0,1.0,0.0
before,cuda:0,898,1,1.0,1.0,1.0,0.0
before,cuda:0,899,1,1.0,1.0,1.0,0.0
before,cuda:0,900,1,1.0,1.0,1.0,0.0
before,cuda:0,901,1,1.0,1.0,1.0,0.0
before,cuda:0,902,1,1.0,1.0,1.0,0.0
before,cuda:0,903,1,1.0,1.0,1.0,0.0
before,cuda:0,904,1,1.0,1.0,1.0,0.0
before,cuda:0,905,1,1.0,1.0,1.0,0.0
before,cuda:0,906,1,1.0,1.0,1.0,0.0
before,cuda:0,907,1,1.0,1.0,1.0,0.0
before,cuda:0,908,1,1.0,1.0,1.0,0.0
before,cuda:0,909,1,1.0,1.0,1.0,0.0
before,cuda:0,910,1,1.0,1.0,1.0,0.0
before,cuda:0,911,1,1.0,1.0,1.0,0.0
before,cuda:0,912,1,1.0,1.0,1.0,0.0
before,cuda:0,913,1,1.0,1.0,1.0,0.0
before,cuda:0,914,1,1.0,1.0,1.0,0.0
before,cuda:0,915,1,1.0,1.0,1.0,0.0
before,cuda:0,916,1,1.0,1.0,1.0,0.0
before,cuda:0,917,1,1.0,1.0,1.0,0.0
before,cuda:0,918,1,1.0,1.0,1.0,0.0
before,cuda:0,919,1,1.0,1.0,1.0,0.0
before,cuda:0,920,1,1.0,1.0,1.0,0.0
before,cuda:0,921,1,1.0,1.0,1.0,0.0
before,cuda:0,922,1,1.0,1.0,1.0,0.0
before,cuda:0,923,1,1.0,1.0,1.0,0.0
before,cuda:0,924,1,1.0,1.0,1.0,0.0
before,cuda:0,925,1,1.0,1.0,1.0,0.0
before,cuda:0,926,1,1.0,1.0,1.0,0.0
before,cuda:0,927,1,1.0,1.0,1.0,0.0
before,cuda:0,928,1,1.0,1.0,1.0,0.0
before,cuda:0,929,1,1.0,1.0,1.0,0.0
before,cuda:0,930,1,1.0,1.0,1.0,0.0
before,cuda:0,931,1,1.0,1.0,1.0,0.0
before,cuda:0,932,1,1.0,1.0,1.0,0.0
before,cuda:0,933,1,1.0,1.0,1.0,0.0
before,cuda:0,934,1,1.0,1.0,1.0,0.0
before,cuda:0,935,1,1.0,1.0,1.0,0.0
before,cuda:0,936,1,1.0,1.0,1.0,0.0
before,cuda:0,937,1,1.0,1.0,1.0,0.0
before,cuda:0,938,1,1.0,1.0,1.0,0.0
before,cuda:0,939,1,1.0,1.0,1.0,0.0
before,cuda:0,940,1,1.0,1.0,1.0,0.0
before,cuda:0,941,1,1.0,1.0,1.0,0.0
before,cuda:0,942,1,1.0,1.0,1.0,0.0
before,cuda:0,943,1,1.0,1.0,1.0,0.0
before,cuda:0,944,1,1.0,1.0,1.0,0.0
before,cuda:0,945,1,1.0,1.0,1.0,0.0
before,cuda:0,946,1,1.0,1.0,1.0,0.0
before,cuda:0,947,1,1.0,1.0,1.0,0.0
before,cuda:0,948,1,1.0,1.0,1.0,0.0
before,cuda:0,949,1,1.0,1.0,1.0,0.0
before,cuda:0,950,1,1.0,1.0,1.0,0.0
before,cuda:0,951,1,1.0,1.0,1.0,0.0
before,cuda:0,952,1,1.0,1.0,1.0,0.0
before,cuda:0,953,1,1.0,1.0,1.0,0.0
before,cuda:0,954,1,1.0,1.0,1.0,0.0
before,cuda:0,955,1,1.0,1.0,1.0,0.0
before,cuda:0,956,1,1.0,1.0,1.0,0.0
before,cuda:0,957,1,1.0,1.0,1.0,0.0
before,cuda:0,958,1,1.0,1.0,1.0,0.0
before,cuda:0,959,1,1.0,1.0,1.0,0.0
before,cuda:0,960,1,1.0,1.0,1.0,0.0
before,cuda:0,961,1,1.0,1.0,1.0,0.0
before,cuda:0,962,1,1.0,1.0,1.0,0.0
before,cuda:0,963,1,1.0,1.0,1.0,0.0
before,cuda:0,964,1,1.0,1.0,1.0,0.0
before,cuda:0,965,1,1.0,1.0,1.0,0.0
before,cuda:0,966,1,1.0,1.0,1.0,0.0
before,cuda:0,967,1,1.0,1.0,1.0,0.0
before,cuda:0,968,1,1.0,1.0,1.0,0.0
before,cuda:0,969,1,1.0,1.0,1.0,0.0
before,cuda:0,970,1,1.0,1.0,1.0,0.0
before,cuda:0,971,1,1.0,1.0,1.0,0.0
before,cuda:0,972,1,1.0,1.0,1.0,0.0
before,cuda:0,973,1,1.0,1.0,1.0,0.0
before,cuda:0,974,1,1.0,1.0,1.0,0.0
before,cuda:0,975,1,1.0,1.0,1.0,0.0
before,cuda:0,976,1,1.0,1.0,1.0,0.0
before,cuda:0,977,1,1.0,1.0,1.0,0.0
before,cuda:0,978,1,1.0,1.0,1.0,0.0
before,cuda:0,979,1,1.0,1.0,1.0,0.0
before,cuda:0,980,1,1.0,1.0,1.0,0.0
before,cuda:0,981,1,1.0,1.0,1.0,0.0
before,cuda:0,982,1,1.0,1.0,1.0,0.0
before,cuda:0,983,1,1.0,1.0,1.0,0.0
before,cuda:0,984,1,1.0,1.0,1.0,0.0
before,cuda:0,985,1,1.0,1.0,1.0,0.0
before,cuda:0,986,1,1.0,1.0,1.0,0.0
before,cuda:0,987,1,1.0,1.0,1.0,0.0
before,cuda:0,988,1,1.0,1.0,1.0,0.0
before,cuda:0,989,1,1.0,1.0,1.0,0.0
before,cuda:0,990,1,1.0,1.0,1.0,0.0
before,cuda:0,991,1,1.0,1.0,1.0,0.0
before,cuda:0,992,1,1.0,1.0,1.0,0.0
before,cuda:0,993,1,1.0,1.0,1.0,0.0
before,cuda:0,994,1,1.0,1.0,1.0,0.0
before,cuda:0,995,1,1.0,1.0,1.0,0.0
before,cuda:0,996,1,1.0,1.0,1.0,0.0
before,cuda:0,997,1,1.0,1.0,1.0,0.0
before,cuda:0,998,1,1.0,1.0,1.0,0.0
before,cuda:0,999,1,1.0,1.0,1.0,0.0
before,cuda:0,1000,1,1.0,1.0,1.0,0.0
before,cuda:0,1001,1,1.0,1.0,1.0,0.0
before,cuda:0,1002,1,1.0,1.0,1.0,0.0
before,cuda:0,1003,1,1.0,1.0,1.0,0.0
before,cuda:0,1004,1,1.0,1.0,1.0,0.0
before,cuda:0,1005,1,1.0,1.0,1.0,0.0
before,cuda:0,1006,1,1.0,1.0,1.0,0.0
before,cuda:0,1007,1,1.0,1.0,1.0,0.0
before,cuda:0,1008,1,1.0,1.0,1.0,0.0
before,cuda:0,1009,1,1.0,1.0,1.0,0.0
before,cuda:0,1010,1,1.0,1.0,1.0,0.0
before,cuda:0,1011,1,1.0,1.0,1.0,0.0
before,cuda:0,1012,1,1.0,1.0,1.0,0.0
before,cuda:0,1013,1,1.0,1.0,1.0,0.0
before,cuda:0,1014,1,1.0,1.0,1.0,0.0
before,cuda:0,1015,1,1.0,1.0,1.0,0.0
before,cuda:0,1016,1,1.0,1.0,1.0,0.0
before,cuda:0,1017,1,1.0,1.0,1.0,0.0
before,cuda:0,1018,1,1.0,1.0,1.0,0.0
before,cuda:0,1019,1,1.0,1.0,1.0,0.0
before,cuda:0,1020,1,1.0,1.0,1.0,0.0
before,cuda:0,1021,1,1.0,1.0,1.0,0.0
before,cuda:0,1022,1,1.0,1.0,1.0,0.0
before,cuda:0,1023,1,1.0,1.0,1.0,0.0
before,cuda:0,1024,1,1.0,1.0,1.0,0.0
before,cuda:0,1025,1,1.0,1.0,1.0,0.0
before,cuda:0,1026,1,1.0,1.0,1.0,0.0
before,cuda:0,1027,1,1.0,1.0,1.0,0.0
before,cuda:0,1028,1,1.0,1.0,1.0,0.0
before,cuda:0,1029,1,1.0,1.0,1.0,0.0
before,cuda:0,1030,1,1.0,1.0,1.0,0.0
before,cuda:0,1031,1,1.0,1.0,1.0,0.0
before,cuda:0,1032,1,1.0,1.0,1.0,0.0
before,cuda:0,1033,1,1.0,1.0,1.0,0.0
before,cuda:0,1034,1,1.0,1.0,1.0,0.0
before,cuda:0,1035,1,1.0,1.0,1.0,0.0
before,cuda:0,1036,1,1.0,1.0,1.0,0.0
before,cuda:0,1037,1,1.0,1.0,1.0,0.0
before,cuda:0,1038,1,1.0,1.0,1.0,0.0
before,cuda:0,1039,1,1.0,1.0,1.0,0.0
before,cuda:0,1040,1,1.0,1.0,1.0,0.0
before,cuda:0,1041,1,1.0,1.0,1.0,0.0
before,cuda:0,1042,1,1.0,1.0,1.0,0.0
before,cuda:0,1043,1,1.0,1.0,1.0,0.0
before,cuda:0,1044,1,1.0,1.0,1.0,0.0
before,cuda:0,1045,1,1.0,1.0,1.0,0.0
before,cuda:0,1046,1,1.0,1.0,1.0,0.0
before,cuda:0,1047,1,1.0,1.0,1.0,0.0
before,cuda:0,1048,1,1.0,1.0,1.0,0.0
before,cuda:0,1049,1,1.0,1.0,1.0,0.0
before,cuda:0,1050,1,1.0,1.0,1.0,0.0
before,cuda:0,1051,1,1.0,1.0,1.0,0.0
before,cuda:0,1052,1,1.0,1.0,1.0,0.0
before,cuda:0,1053,1,1.0,1.0,1.0,0.0
before,cuda:0,1054,1,1.0,1.0,1.0,0.0
before,cuda:0,1055,1,1.0,1.0,1.0,0.0
before,cuda:0,1056,1,1.0,1.0,1.0,0.0
before,cuda:0,1057,1,1.0,1.0,1.0,0.0
before,cuda:0,1058,1,1.0,1.0,1.0,0.0
before,cuda:0,1059,1,1.0,1.0,1.0,0.0
before,cuda:0,1060,1,1.0,1.0,1.0,0.0
before,cuda:0,1061,1,1.0,1.0,1.0,0.0
before,cuda:0,1062,1,1.0,1.0,1.0,0.0
before,cuda:0,1063,1,1.0,1.0,1.0,0.0
before,cuda:0,1064,1,1.0,1.0,1.0,0.0
before,cuda:0,1065,1,1.0,1.0,1.0,0.0
before,cuda:0,1066,1,1.0,1.0,1.0,0.0
before,cuda:0,1067,1,1.0,1.0,1.0,0.0
before,cuda:0,1068,1,1.0,1.0,1.0,0.0
before,cuda:0,1069,1,1.0,1.0,1.0,0.0
before,cuda:0,1070,1,1.0,1.0,1.0,0.0
before,cuda:0,1071,1,1.0,1.0,1.0,0.0
before,cuda:0,1072,1,1.0,1.0,1.0,0.0
before,cuda:0,1073,1,1.0,1.0,1.0,0.0
before,cuda:0,1074,1,1.0,1.0,1.0,0.0
before,cuda:0,1075,1,1.0,1.0,1.0,0.0
before,cuda:0,1076,1,1.0,1.0,1.0,0.0
before,cuda:0,1077,1,1.0,1.0,1.0,0.0
before,cuda:0,1078,1,1.0,1.0,1.0,0.0
before,cuda:0,1079,1,1.0,1.0,1.0,0.0
before,cuda:0,1080,1,1.0,1.0,1.0,0.0
before,cuda:0,1081,1,1.0,1.0,1.0,0.0
before,cuda:0,1082,1,1.0,1.0,1.0,0.0
before,cuda:0,1083,1,1.0,1.0,1.0,0.0
before,cuda:0,1084,1,1.0,1.0,1.0,0.0
before,cuda:0,1085,1,1.0,1.0,1.0,0.0
before,cuda:0,1086,1,1.0,1.0,1.0,0.0
before,cuda:0,1087,1,1.0,1.0,1.0,0.0
before,cuda:0,1088,1,1.0,1.0,1.0,0.0
before,cuda:0,1089,1,1.0,1.0,1.0,0.0
before,cuda:0,1090,1,1.0,1.0,1.0,0.0
before,cuda:0,1091,1,1.0,1.0,1.0,0.0
before,cuda:0,1092,1,1.0,1.0,1.0,0.0
before,cuda:0,1093,1,1.0,1.0,1.0,0.0
before,cuda:0,1094,1,1.0,1.0,1.0,0.0
before,cuda:0,1095,1,1.0,1.0,1.0,0.0
before,cuda:0,1096,1,1.0,1.0,1.0,0.0
before,cuda:0,1097,1,1.0,1.0,1.0,0.0
before,cuda:0,1098,1,1.0,1.0,1.0,0.0
before,cuda:0,1099,1,1.0,1.0,1.0,0.0
before,cuda:0,1100,1,1.0,1.0,1.0,0.0
before,cuda:0,1101,1,1.0,1.0,1.0,0.0
before,cuda:0,1102,1,1.0,1.0,1.0,0.0
before,cuda:0,1103,1,1.0,1.0,1.0,0.0
before,cuda:0,1104,1,1.0,1.0,1.0,0.0
before,cuda:0,1105,1,1.0,1.0,1.0,0.0
before,cuda:0,1106,1,1.0,1.0,1.0,0.0
before,cuda:0,1107,1,1.0,1.0,1.0,0.0
before,cuda:0,1108,1,1.0,1.0,1.0,0.0
before,cuda:0,1109,1,1.0,1.0,1.0,0.0
before,cuda:0,1110,1,1.0,1.0,1.0,0.0
before,cuda:0,1111,1,1.0,1.0,1.0,0.0
before,cuda:0,1112,1,1.0,1.0,1.0,0.0
before,cuda:0,1113,1,1.0,1.0,1.0,0.0
before,cuda:0,1114,1,1.0,1.0,1.0,0.0
before,cuda:0,1115,1,1.0,1.0,1.0,0.0
before,cuda:0,1116,1,1.0,1.0,1.0,0.0
before,cuda:0,1117,1,1.0,1.0,1.0,0.0
before,cuda:0,1118,1,1.0,1.0,1.0,0.0
before,cuda:0,1119,1,1.0,1.0,1.0,0.0
before,cuda:0,1120,1,1.0,1.0,1.0,0.0
before,cuda:0,1121,1,1.0,1.0,1.0,0.0
before,cuda:0,1122,1,1.0,1.0,1.0,0.0
before,cuda:0,1123,1,1.0,1.0,1.0,0.0
before,cuda:0,1124,1,1.0,1.0,1.0,0.0
before,cuda:0,1125,1,1.0,1.0,1.0,0.0
before,cuda:0,1126,1,1.0,1.0,1.0,0.0
before,cuda:0,1127,1,1.0,1.0,1.0,0.0
before,cuda:0,1128,1,1.0,1.0,1.0,0.0
before,cuda:0,1129,1,1.0,1.0,1.0,0.0
before,cuda:0,1130,1,1.0,1.0,1.0,0.0
before,cuda:0,1131,1,1.0,1.0,1.0,0.0
before,cuda:0,1132,1,1.0,1.0,1.0,0.0
before,cuda:0,1133,1,1.0,1.0,1.0,0.0
before,cuda:0,1134,1,1.0,1.0,1.0,0.0
before,cuda:0,1135,1,1.0,1.0,1.0,0.0
before,cuda:0,1136,1,1.0,1.0,1.0,0.0
before,cuda:0,1137,1,1.0,1.0,1.0,0.0
before,cuda:0,1138,1,1.0,1.0,1.0,0.0
before,cuda:0,1139,1,1.0,1.0,1.0,0.0
before,cuda:0,1140,1,1.0,1.0,1.0,0.0
before,cuda:0,1141,1,1.0,1.0,1.0,0.0
before,cuda:0,1142,1,1.0,1.0,1.0,0.0
before,cuda:0,1143,1,1.0,1.0,1.0,0.0
before,cuda:0,1144,1,1.0,1.0,1.0,0.0
before,cuda:0,1145,1,1.0,1.0,1.0,0.0
before,cuda:0,1146,1,1.0,1.0,1.0,0.0
before,cuda:0,1147,1,1.0,1.0,1.0,0.0
before,cuda:0,1148,1,1.0,1.0,1.0,0.0
before,cuda:0,1149,1,1.0,1.0,1.0,0.0
before,cuda:0,1150,1,1.0,1.0,1.0,0.0
before,cuda:0,1151,1,1.0,1.0,1.0,0.0
before,cuda:0,1152,1,1.0,1.0,1.0,0.0
before,cuda:0,1153,1,1.0,1.0,1.0,0.0
before,cuda:0,1154,1,1.0,1.0,1.0,0.0
before,cuda:0,1155,1,1.0,1.0,1.0,0.0
before,cuda:0,1156,1,1.0,1.0,1.0,0.0
before,cuda:0,1157,1,1.0,1.0,1.0,0.0
before,cuda:0,1158,1,1.0,1.0,1.0,0.0
before,cuda:0,1159,1,1.0,1.0,1.0,0.0
before,cuda:0,1160,1,1.0,1.0,1.0,0.0
before,cuda:0,1161,1,1.0,1.0,1.0,0.0
before,cuda:0,1162,1,1.0,1.0,1.0,0.0
before,cuda:0,1163,1,1.0,1.0,1.0,0.0
before,cuda:0,1164,1,1.0,1.0,1.0,0.0
before,cuda:0,1165,1,1.0,1.0,1.0,0.0
before,cuda:0,1166,1,1.0,1.0,1.0,0.0
before,cuda:0,1167,1,1.0,1.0,1.0,0.0
before,cuda:0,1168,1,1.0,1.0,1.0,0.0
before,cuda:0,1169,1,1.0,1.0,1.0,0.0
before,cuda:0,1170,1,1.0,1.0,1.0,0.0
before,cuda:0,1171,1,1.0,1.0,1.0,0.0
before,cuda:0,1172,1,1.0,1.0,1.0,0.0
before,cuda:0,1173,1,1.0,1.0,1.0,0.0
before,cuda:0,1174,1,1.0,1.0,1.0,0.0
before,cuda:0,1175,1,1.0,1.0,1.0,0.0
before,cuda:0,1176,1,1.0,1.0,1.0,0.0
before,cuda:0,1177,1,1.0,1.0,1.0,0.0
before,cuda:0,1178,1,1.0,1.0,1.0,0.0
before,cuda:0,1179,1,1.0,1.0,1.0,0.0
before,cuda:0,1180,1,1.0,1.0,1.0,0.0
before,cuda:0,1181,1,1.0,1.0,1.0,0.0
before,cuda:0,1182,1,1.0,1.0,1.0,0.0
before,cuda:0,1183,1,1.0,1.0,1.0,0.0
before,cuda:0,1184,1,1.0,1.0,1.0,0.0
before,cuda:0,1185,1,1.0,1.0,1.0,0.0
before,cuda:0,1186,1,1.0,1.0,1.0,0.0
before,cuda:0,1187,1,1.0,1.0,1.0,0.0
before,cuda:0,1188,1,1.0,1.0,1.0,0.0
before,cuda:0,1189,1,1.0,1.0,1.0,0.0
before,cuda:0,1190,1,1.0,1.0,1.0,0.0
before,cuda:0,1191,1,1.0,1.0,1.0,0.0
before,cuda:0,1192,1,1.0,1.0,1.0,0.0
before,cuda:0,1193,1,1.0,1.0,1.0,0.0
before,cuda:0,1194,1,1.0,1.0,1.0,0.0
before,cuda:0,1195,1,1.0,1.0,1.0,0.0
before,cuda:0,1196,1,1.0,1.0,1.0,0.0
before,cuda:0,1197,1,1.0,1.0,1.0,0.0
before,cuda:0,1198,1,1.0,1.0,1.0,0.0
before,cuda:0,1199,1,1.0,1.0,1.0,0.0
before,cuda:0,1200,1,1.0,1.0,1.0,0.0
before,cuda:0,1201,1,1.0,1.0,1.0,0.0
before,cuda:0,1202,1,1.0,1.0,1.0,0.0
before,cuda:0,1203,1,1.0,1.0,1.0,0.0
before,cuda:0,1204,1,1.0,1.0,1.0,0.0
before,cuda:0,1205,1,1.0,1.0,1.0,0.0
before,cuda:0,1206,1,1.0,1.0,1.0,0.0
before,cuda:0,1207,1,1.0,1.0,1.0,0.0
before,cuda:0,1208,1,1.0,1.0,1.0,0.0
before,cuda:0,1209,1,1.0,1.0,1.0,0.0
before,cuda:0,1210,1,1.0,1.0,1.0,0.0
before,cuda:0,1211,1,1.0,1.0,1.0,0.0
before,cuda:0,1212,1,1.0,1.0,1.0,0.0
before,cuda:0,1213,1,1.0,1.0,1.0,0.0
before,cuda:0,1214,1,1.0,1.0,1.0,0.0
before,cuda:0,1215,1,1.0,1.0,1.0,0.0
before,cuda:0,1216,1,1.0,1.0,1.0,0.0
before,cuda:0,1217,1,1.0,1.0,1.0,0.0
before,cuda:0,1218,1,1.0,1.0,1.0,0.0
before,cuda:0,1219,1,1.0,1.0,1.0,0.0
before,cuda:0,1220,1,1.0,1.0,1.0,0.0
before,cuda:0,1221,1,1.0,1.0,1.0,0.0
before,cuda:0,1222,1,1.0,1.0,1.0,0.0
before,cuda:0,1223,1,1.0,1.0,1.0,0.0
before,cuda:0,1224,1,1.0,1.0,1.0,0.0
before,cuda:0,1225,1,1.0,1.0,1.0,0.0
before,cuda:0,1226,1,1.0,1.0,1.0,0.0
before,cuda:0,1227,1,1.0,1.0,1.0,0.0
before,cuda:0,1228,1,1.0,1.0,1.0,0.0
before,cuda:0,1229,1,1.0,1.0,1.0,0.0
before,cuda:0,1230,1,1.0,1.0,1.0,0.0
before,cuda:0,1231,1,1.0,1.0,1.0,0.0
before,cuda:0,1232,1,1.0,1.0,1.0,0.0
before,cuda:0,1233,1,1.0,1.0,1.0,0.0
before,cuda:0,1234,1,1.0,1.0,1.0,0.0
before,cuda:0,1235,1,1.0,1.0,1.0,0.0
before,cuda:0,1236,1,1.0,1.0,1.0,0.0
before,cuda:0,1237,1,1.0,1.0,1.0,0.0
before,cuda:0,1238,1,1.0,1.0,1.0,0.0
before,cuda:0,1239,1,1.0,1.0,1.0,0.0
before,cuda:0,1240,1,1.0,1.0,1.0,0.0
before,cuda:0,1241,1,1.0,1.0,1.0,0.0
before,cuda:0,1242,1,1.0,1.0,1.0,0.0
before,cuda:0,1243,1,1.0,1.0,1.0,0.0
before,cuda:0,1244,1,1.0,1.0,1.0,0.0
before,cuda:0,1245,1,1.0,1.0,1.0,0.0
before,cuda:0,1246,1,1.0,1.0,1.0,0.0
before,cuda:0,1247,1,1.0,1.0,1.0,0.0
before,cuda:0,1248,1,1.0,1.0,1.0,0.0
before,cuda:0,1249,1,1.0,1.0,1.0,0.0
before,cuda:0,1250,1,1.0,1.0,1.0,0.0
before,cuda:0,1251,1,1.0,1.0,1.0,0.0
before,cuda:0,1252,1,1.0,1.0,1.0,0.0
before,cuda:0,1253,1,1.0,1.0,1.0,0.0
before,cuda:0,1254,1,1.0,1.0,1.0,0.0
before,cuda:0,1255,1,1.0,1.0,1.0,0.0
before,cuda:0,1256,1,1.0,1.0,1.0,0.0
before,cuda:0,1257,1,1.0,1.0,1.0,0.0
before,cuda:0,1258,1,1.0,1.0,1.0,0.0
before,cuda:0,1259,1,1.0,1.0,1.0,0.0
before,cuda:0,1260,1,1.0,1.0,1.0,0.0
before,cuda:0,1261,1,1.0,1.0,1.0,0.0
before,cuda:0,1262,1,1.0,1.0,1.0,0.0
before,cuda:0,1263,1,1.0,1.0,1.0,0.0
before,cuda:0,1264,1,1.0,1.0,1.0,0.0
before,cuda:0,1265,1,1.0,1.0,1.0,0.0
before,cuda:0,1266,1,1.0,1.0,1.0,0.0
before,cuda:0,1267,1,1.0,1.0,1.0,0.0
before,cuda:0,1268,1,1.0,1.0,1.0,0.0
before,cuda:0,1269,1,1.0,1.0,1.0,0.0
before,cuda:0,1270,1,1.0,1.0,1.0,0.0
before,cuda:0,1271,1,1.0,1.0,1.0,0.0
before,cuda:0,1272,1,1.0,1.0,1.0,0.0
before,cuda:0,1273,1,1.0,1.0,1.0,0.0
before,cuda:0,1274,1,1.0,1.0,1.0,0.0
before,cuda:0,1275,1,1.0,1.0,1.0,0.0
before,cuda:0,1276,1,1.0,1.0,1.0,0.0
before,cuda:0,1277,1,1.0,1.0,1.0,0.0
before,cuda:0,1278,1,1.0,1.0,1.0,0.0
before,cuda:0,1279,1,1.0,1.0,1.0,0.0
before,cuda:0,1280,1,1.0,1.0,1.0,0.0
before,cuda:0,1281,1,1.0,1.0,1.0,0.0
before,cuda:0,1282,1,1.0,1.0,1.0,0.0
before,cuda:0,1283,1,1.0,1.0,1.0,0.0
before,cuda:0,1284,1,1.0,1.0,1.0,0.0
before,cuda:0,1285,1,1.0,1.0,1.0,0.0
before,cuda:0,1286,1,1.0,1.0,1.0,0.0
before,cuda:0,1287,1,1.0,1.0,1.0,0.0
before,cuda:0,1288,1,1.0,1.0,1.0,0.0
before,cuda:0,1289,1,1.0,1.0,1.0,0.0
before,cuda:0,1290,1,1.0,1.0,1.0,0.0
before,cuda:0,1291,1,1.0,1.0,1.0,0.0
before,cuda:0,1292,1,1.0,1.0,1.0,0.0
before,cuda:0,1293,1,1.0,1.0,1.0,0.0
before,cuda:0,1294,1,1.0,1.0,1.0,0.0
before,cuda:0,1295,1,1.0,1.0,1.0,0.0
before,cuda:0,1296,1,1.0,1.0,1.0,0.0
before,cuda:0,1297,1,1.0,1.0,1.0,0.0
before,cuda:0,1298,1,1.0,1.0,1.0,0.0
before,cuda:0,1299,1,1.0,1.0,1.0,0.0
before,cuda:0,1300,1,1.0,1.0,1.0,0.0
before,cuda:0,1301,1,1.0,1.0,1.0,0.0
before,cuda:0,1302,1,1.0,1.0,1.0,0.0
before,cuda:0,1303,1,1.0,1.0,1.0,0.0
before,cuda:0,1304,1,1.0,1.0,1.0,0.0
before,cuda:0,1305,1,1.0,1.0,1.0,0.0
before,cuda:0,1306,1,1.0,1.0,1.0,0.0
before,cuda:0,1307,1,1.0,1.0,1.0,0.0
before,cuda:0,1308,1,1.0,1.0,1.0,0.0
before,cuda:0,1309,1,1.0,1.0,1.0,0.0
before,cuda:0,1310,1,1.0,1.0,1.0,0.0
before,cuda:0,1311,1,1.0,1.0,1.0,0.0
before,cuda:0,1312,1,1.0,1.0,1.0,0.0
before,cuda:0,1313,1,1.0,1.0,1.0,0.0
before,cuda:0,1314,1,1.0,1.0,1.0,0.0
before,cuda:0,1315,1,1.0,1.0,1.0,0.0
before,cuda:0,1316,1,1.0,1.0,1.0,0.0
before,cuda:0,1317,1,1.0,1.0,1.0,0.0
before,cuda:0,1318,1,1.0,1.0,1.0,0.0
before,cuda:0,1319,1,1.0,1.0,1.0,0.0
before,cuda:0,1320,1,1.0,1.0,1.0,0.0
before,cuda:0,1321,1,1.0,1.0,1.0,0.0
before,cuda:0,1322,1,1.0,1.0,1.0,0.0
before,cuda:0,1323,1,1.0,1.0,1.0,0.0
before,cuda:0,1324,1,1.0,1.0,1.0,0.0
before,cuda:0,1325,1,1.0,1.0,1.0,0.0
before,cuda:0,1326,1,1.0,1.0,1.0,0.0
before,cuda:0,1327,1,1.0,1.0,1.0,0.0
before,cuda:0,1328,1,1.0,1.0,1.0,0.0
before,cuda:0,1329,1,1.0,1.0,1.0,0.0
before,cuda:0,1330,1,1.0,1.0,1.0,0.0
before,cuda:0,1331,1,1.0,1.0,1.0,0.0
before,cuda:0,1332,1,1.0,1.0,1.0,0.0
before,cuda:0,1333,1,1.0,1.0,1.0,0.0
before,cuda:0,1334,1,1.0,1.0,1.0,0.0
before,cuda:0,1335,1,1.0,1.0,1.0,0.0
before,cuda:0,1336,1,1.0,1.0,1.0,0.0
before,cuda:0,1337,1,1.0,1.0,1.0,0.0
before,cuda:0,1338,1,1.0,1.0,1.0,0.0
before,cuda:0,1339,1,1.0,1.0,1.0,0.0
before,cuda:0,1340,1,1.0,1.0,1.0,0.0
before,cuda:0,1341,1,1.0,1.0,1.0,0.0
before,cuda:0,1342,1,1.0,1.0,1.0,0.0
before,cuda:0,1343,1,1.0,1.0,1.0,0.0
before,cuda:0,1344,1,1.0,1.0,1.0,0.0
before,cuda:0,1345,1,1.0,1.0,1.0,0.0
before,cuda:0,1346,1,1.0,1.0,1.0,0.0
before,cuda:0,1347,1,1.0,1.0,1.0,0.0
before,cuda:0,1348,1,1.0,1.0,1.0,0.0
before,cuda:0,1349,1,1.0,1.0,1.0,0.0
before,cuda:0,1350,1,1.0,1.0,1.0,0.0
before,cuda:0,1351,1,1.0,1.0,1.0,0.0
before,cuda:0,1352,1,1.0,1.0,1.0,0.0
before,cuda:0,1353,1,1.0,1.0,1.0,0.0
before,cuda:0,1354,1,1.0,1.0,1.0,0.0
before,cuda:0,1355,1,1.0,1.0,1.0,0.0
before,cuda:0,1356,1,1.0,1.0,1.0,0.0
before,cuda:0,1357,1,1.0,1.0,1.0,0.0
before,cuda:0,1358,1,1.0,1.0,1.0,0.0
before,cuda:0,1359,1,1.0,1.0,1.0,0.0
before,cuda:0,1360,1,1.0,1.0,1.0,0.0
before,cuda:0,1361,1,1.0,1.0,1.0,0.0
before,cuda:0,1362,1,1.0,1.0,1.0,0.0
before,cuda:0,1363,1,1.0,1.0,1.0,0.0
before,cuda:0,1364,1,1.0,1.0,1.0,0.0
before,cuda:0,1365,1,1.0,1.0,1.0,0.0
before,cuda:0,1366,1,1.0,1.0,1.0,0.0
before,cuda:0,1367,1,1.0,1.0,1.0,0.0
before,cuda:0,1368,1,1.0,1.0,1.0,0.0
before,cuda:0,1369,1,1.0,1.0,1.0,0.0
before,cuda:0,1370,1,1.0,1.0,1.0,0.0
before,cuda:0,1371,1,1.0,1.0,1.0,0.0
before,cuda:0,1372,1,1.0,1.0,1.0,0.0
before,cuda:0,1373,1,1.0,1.0,1.0,0.0
before,cuda:0,1374,1,1.0,1.0,1.0,0.0
before,cuda:0,1375,1,1.0,1.0,1.0,0.0
before,cuda:0,1376,1,1.0,1.0,1.0,0.0
before,cuda:0,1377,1,1.0,1.0,1.0,0.0
before,cuda:0,1378,1,1.0,1.0,1.0,0.0
before,cuda:0,1379,1,1.0,1.0,1.0,0.0
before,cuda:0,1380,1,1.0,1.0,1.0,0.0
before,cuda:0,1381,1,1.0,1.0,1.0,0.0
before,cuda:0,1382,1,1.0,1.0,1.0,0.0
before,cuda:0,1383,1,1.0,1.0,1.0,0.0
before,cuda:0,1384,1,1.0,1.0,1.0,0.0
before,cuda:0,1385,1,1.0,1.0,1.0,0.0
before,cuda:0,1386,1,1.0,1.0,1.0,0.0
before,cuda:0,1387,1,1.0,1.0,1.0,0.0
before,cuda:0,1388,1,1.0,1.0,1.0,0.0
before,cuda:0,1389,1,1.0,1.0,1.0,0.0
before,cuda:0,1390,1,1.0,1.0,1.0,0.0
before,cuda:0,1391,1,1.0,1.0,1.0,0.0
before,cuda:0,1392,1,1.0,1.0,1.0,0.0
before,cuda:0,1393,1,1.0,1.0,1.0,0.0
before,cuda:0,1394,1,1.0,1.0,1.0,0.0
before,cuda:0,1395,1,1.0,1.0,1.0,0.0
before,cuda:0,1396,1,1.0,1.0,1.0,0.0
before,cuda:0,1397,1,1.0,1.0,1.0,0.0
before,cuda:0,1398,1,1.0,1.0,1.0,0.0
before,cuda:0,1399,1,1.0,1.0,1.0,0.0
before,cuda:0,1400,1,1.0,1.0,1.0,0.0
before,cuda:0,1401,1,1.0,1.0,1.0,0.0
before,cuda:0,1402,1,1.0,1.0,1.0,0.0
before,cuda:0,1403,1,1.0,1.0,1.0,0.0
before,cuda:0,1404,1,1.0,1.0,1.0,0.0
before,cuda:0,1405,1,1.0,1.0,1.0,0.0
before,cuda:0,1406,1,1.0,1.0,1.0,0.0
before,cuda:0,1407,1,1.0,1.0,1.0,0.0
before,cuda:0,1408,1,1.0,1.0,1.0,0.0
before,cuda:0,1409,1,1.0,1.0,1.0,0.0
before,cuda:0,1410,1,1.0,1.0,1.0,0.0
before,cuda:0,1411,1,1.0,1.0,1.0,0.0
before,cuda:0,1412,1,1.0,1.0,1.0,0.0
before,cuda:0,1413,1,1.0,1.0,1.0,0.0
before,cuda:0,1414,1,1.0,1.0,1.0,0.0
before,cuda:0,1415,1,1.0,1.0,1.0,0.0
before,cuda:0,1416,1,1.0,1.0,1.0,0.0
before,cuda:0,1417,1,1.0,1.0,1.0,0.0
before,cuda:0,1418,1,1.0,1.0,1.0,0.0
before,cuda:0,1419,1,1.0,1.0,1.0,0.0
before,cuda:0,1420,1,1.0,1.0,1.0,0.0
before,cuda:0,1421,1,1.0,1.0,1.0,0.0
before,cuda:0,1422,1,1.0,1.0,1.0,0.0
before,cuda:0,1423,1,1.0,1.0,1.0,0.0
before,cuda:0,1424,1,1.0,1.0,1.0,0.0
before,cuda:0,1425,1,1.0,1.0,1.0,0.0
before,cuda:0,1426,1,1.0,1.0,1.0,0.0
before,cuda:0,1427,1,1.0,1.0,1.0,0.0
before,cuda:0,1428,1,1.0,1.0,1.0,0.0
before,cuda:0,1429,1,1.0,1.0,1.0,0.0
before,cuda:0,1430,1,1.0,1.0,1.0,0.0
before,cuda:0,1431,1,1.0,1.0,1.0,0.0
before,cuda:0,1432,1,1.0,1.0,1.0,0.0
before,cuda:0,1433,1,1.0,1.0,1.0,0.0
before,cuda:0,1434,1,1.0,1.0,1.0,0.0
before,cuda:0,1435,1,1.0,1.0,1.0,0.0
before,cuda:0,1436,1,1.0,1.0,1.0,0.0
before,cuda:0,1437,1,1.0,1.0,1.0,0.0
before,cuda:0,1438,1,1.0,1.0,1.0,0.0
before,cuda:0,1439,1,1.0,1.0,1.0,0.0
before,cuda:0,1440,1,1.0,1.0,1.0,0.0
before,cuda:0,1441,1,1.0,1.0,1.0,0.0
before,cuda:0,1442,1,1.0,1.0,1.0,0.0
before,cuda:0,1443,1,1.0,1.0,1.0,0.0
before,cuda:0,1444,1,1.0,1.0,1.0,0.0
before,cuda:0,1445,1,1.0,1.0,1.0,0.0
before,cuda:0,1446,1,1.0,1.0,1.0,0.0
before,cuda:0,1447,1,1.0,1.0,1.0,0.0
before,cuda:0,1448,1,1.0,1.0,1.0,0.0
before,cuda:0,1449,1,1.0,1.0,1.0,0.0
before,cuda:0,1450,1,1.0,1.0,1.0,0.0
before,cuda:0,1451,1,1.0,1.0,1.0,0.0
before,cuda:0,1452,1,1.0,1.0,1.0,0.0
before,cuda:0,1453,1,1.0,1.0,1.0,0.0
before,cuda:0,1454,1,1.0,1.0,1.0,0.0
before,cuda:0,1455,1,1.0,1.0,1.0,0.0
before,cuda:0,1456,1,1.0,1.0,1.0,0.0
before,cuda:0,1457,1,1.0,1.0,1.0,0.0
before,cuda:0,1458,1,1.0,1.0,1.0,0.0
before,cuda:0,1459,1,1.0,1.0,1.0,0.0
before,cuda:0,1460,1,1.0,1.0,1.0,0.0
before,cuda:0,1461,1,1.0,1.0,1.0,0.0
before,cuda:0,1462,1,1.0,1.0,1.0,0.0
before,cuda:0,1463,1,1.0,1.0,1.0,0.0
before,cuda:0,1464,1,1.0,1.0,1.0,0.0
before,cuda:0,1465,1,1.0,1.0,1.0,0.0
before,cuda:0,1466,1,1.0,1.0,1.0,0.0
before,cuda:0,1467,1,1.0,1.0,1.0,0.0
before,cuda:0,1468,1,1.0,1.0,1.0,0.0
before,cuda:0,1469,1,1.0,1.0,1.0,0.0
before,cuda:0,1470,1,1.0,1.0,1.0,0.0
before,cuda:0,1471,1,1.0,1.0,1.0,0.0
before,cuda:0,1472,1,1.0,1.0,1.0,0.0
before,cuda:0,1473,1,1.0,1.0,1.0,0.0
before,cuda:0,1474,1,1.0,1.0,1.0,0.0
before,cuda:0,1475,1,1.0,1.0,1.0,0.0
before,cuda:0,1476,1,1.0,1.0,1.0,0.0
before,cuda:0,1477,1,1.0,1.0,1.0,0.0
before,cuda:0,1478,1,1.0,1.0,1.0,0.0
before,cuda:0,1479,1,1.0,1.0,1.0,0.0
before,cuda:0,1480,1,1.0,1.0,1.0,0.0
before,cuda:0,1481,1,1.0,1.0,1.0,0.0
before,cuda:0,1482,1,1.0,1.0,1.0,0.0
before,cuda:0,1483,1,1.0,1.0,1.0,0.0
before,cuda:0,1484,1,1.0,1.0,1.0,0.0
before,cuda:0,1485,1,1.0,1.0,1.0,0.0
before,cuda:0,1486,1,1.0,1.0,1.0,0.0
before,cuda:0,1487,1,1.0,1.0,1.0,0.0
before,cuda:0,1488,1,1.0,1.0,1.0,0.0
before,cuda:0,1489,1,1.0,1.0,1.0,0.0
before,cuda:0,1490,1,1.0,1.0,1.0,0.0
before,cuda:0,1491,1,1.0,1.0,1.0,0.0
before,cuda:0,1492,1,1.0,1.0,1.0,0.0
before,cuda:0,1493,1,1.0,1.0,1.0,0.0
before,cuda:0,1494,1,1.0,1.0,1.0,0.0
before,cuda:0,1495,1,1.0,1.0,1.0,0.0
before,cuda:0,1496,1,1.0,1.0,1.0,0.0
before,cuda:0,1497,1,1.0,1.0,1.0,0.0
before,cuda:0,1498,1,1.0,1.0,1.0,0.0
before,cuda:0,1499,1,1.0,1.0,1.0,0.0
before,cuda:0,1500,1,1.0,1.0,1.0,0.0
before,cuda:0,1501,1,1.0,1.0,1.0,0.0
before,cuda:0,1502,1,1.0,1.0,1.0,0.0
before,cuda:0,1503,1,1.0,1.0,1.0,0.0
before,cuda:0,1504,1,1.0,1.0,1.0,0.0
before,cuda:0,1505,1,1.0,1.0,1.0,0.0
before,cuda:0,1506,1,1.0,1.0,1.0,0.0
before,cuda:0,1507,1,1.0,1.0,1.0,0.0
before,cuda:0,1508,1,1.0,1.0,1.0,0.0
before,cuda:0,1509,1,1.0,1.0,1.0,0.0
before,cuda:0,1510,1,1.0,1.0,1.0,0.0
before,cuda:0,1511,1,1.0,1.0,1.0,0.0
before,cuda:0,1512,1,1.0,1.0,1.0,0.0
before,cuda:0,1513,1,1.0,1.0,1.0,0.0
before,cuda:0,1514,1,1.0,1.0,1.0,0.0
before,cuda:0,1515,1,1.0,1.0,1.0,0.0
before,cuda:0,1516,1,1.0,1.0,1.0,0.0
before,cuda:0,1517,1,1.0,1.0,1.0,0.0
before,cuda:0,1518,1,1.0,1.0,1.0,0.0
before,cuda:0,1519,1,1.0,1.0,1.0,0.0
before,cuda:0,1520,1,1.0,1.0,1.0,0.0
before,cuda:0,1521,1,1.0,1.0,1.0,0.0
before,cuda:0,1522,1,1.0,1.0,1.0,0.0
before,cuda:0,1523,1,1.0,1.0,1.0,0.0
before,cuda:0,1524,1,1.0,1.0,1.0,0.0
before,cuda:0,1525,1,1.0,1.0,1.0,0.0
before,cuda:0,1526,1,1.0,1.0,1.0,0.0
before,cuda:0,1527,1,1.0,1.0,1.0,0.0
before,cuda:0,1528,1,1.0,1.0,1.0,0.0
before,cuda:0,1529,1,1.0,1.0,1.0,0.0
before,cuda:0,1530,1,1.0,1.0,1.0,0.0
before,cuda:0,1531,1,1.0,1.0,1.0,0.0
before,cuda:0,1532,1,1.0,1.0,1.0,0.0
before,cuda:0,1533,1,1.0,1.0,1.0,0.0
before,cuda:0,1534,1,1.0,1.0,1.0,0.0
before,cuda:0,1535,1,1.0,1.0,1.0,0.0
before,cuda:0,1536,1,1.0,1.0,1.0,0.0
before,cuda:0,1537,1,1.0,1.0,1.0,0.0
before,cuda:0,1538,1,1.0,1.0,1.0,0.0
before,cuda:0,1539,1,1.0,1.0,1.0,0.0
before,cuda:0,1540,1,1.0,1.0,1.0,0.0
before,cuda:0,1541,1,1.0,1.0,1.0,0.0
before,cuda:0,1542,1,1.0,1.0,1.0,0.0
before,cuda:0,1543,1,1.0,1.0,1.0,0.0
before,cuda:0,1544,1,1.0,1.0,1.0,0.0
before,cuda:0,1545,1,1.0,1.0,1.0,0.0
before,cuda:0,1546,1,1.0,1.0,1.0,0.0
before,cuda:0,1547,1,1.0,1.0,1.0,0.0
before,cuda:0,1548,1,1.0,1.0,1.0,0.0
before,cuda:0,1549,1,1.0,1.0,1.0,0.0
before,cuda:0,1550,1,1.0,1.0,1.0,0.0
before,cuda:0,1551,1,1.0,1.0,1.0,0.0
before,cuda:0,1552,1,1.0,1.0,1.0,0.0
before,cuda:0,1553,1,1.0,1.0,1.0,0.0
before,cuda:0,1554,1,1.0,1.0,1.0,0.0
before,cuda:0,1555,1,1.0,1.0,1.0,0.0
before,cuda:0,1556,1,1.0,1.0,1.0,0.0
before,cuda:0,1557,1,1.0,1.0,1.0,0.0
before,cuda:0,1558,1,1.0,1.0,1.0,0.0
before,cuda:0,1559,1,1.0,1.0,1.0,0.0
before,cuda:0,1560,1,1.0,1.0,1.0,0.0
before,cuda:0,1561,1,1.0,1.0,1.0,0.0
before,cuda:0,1562,1,1.0,1.0,1.0,0.0
before,cuda:0,1563,1,1.0,1.0,1.0,0.0
before,cuda:0,1564,1,1.0,1.0,1.0,0.0
before,cuda:0,1565,1,1.0,1.0,1.0,0.0
before,cuda:0,1566,1,1.0,1.0,1.0,0.0
before,cuda:0,1567,1,1.0,1.0,1.0,0.0
before,cuda:0,1568,1,1.0,1.0,1.0,0.0
before,cuda:0,1569,1,1.0,1.0,1.0,0.0
before,cuda:0,1570,1,1.0,1.0,1.0,0.0
before,cuda:0,1571,1,1.0,1.0,1.0,0.0
before,cuda:0,1572,1,1.0,1.0,1.0,0.0
before,cuda:0,1573,1,1.0,1.0,1.0,0.0
before,cuda:0,1574,1,1.0,1.0,1.0,0.0
before,cuda:0,1575,1,1.0,1.0,1.0,0.0
before,cuda:0,1576,1,1.0,1.0,1.0,0.0
before,cuda:0,1577,1,1.0,1.0,1.0,0.0
before,cuda:0,1578,1,1.0,1.0,1.0,0.0
before,cuda:0,1579,1,1.0,1.0,1.0,0.0
before,cuda:0,1580,1,1.0,1.0,1.0,0.0
before,cuda:0,1581,1,1.0,1.0,1.0,0.0
before,cuda:0,1582,1,1.0,1.0,1.0,0.0
before,cuda:0,1583,1,1.0,1.0,1.0,0.0
before,cuda:0,1584,1,1.0,1.0,1.0,0.0
before,cuda:0,1585,1,1.0,1.0,1.0,0.0
before,cuda:0,1586,1,1.0,1.0,1.0,0.0
before,cuda:0,1587,1,1.0,1.0,1.0,0.0
before,cuda:0,1588,1,1.0,1.0,1.0,0.0
before,cuda:0,1589,1,1.0,1.0,1.0,0.0
before,cuda:0,1590,1,1.0,1.0,1.0,0.0
before,cuda:0,1591,1,1.0,1.0,1.0,0.0
before,cuda:0,1592,1,1.0,1.0,1.0,0.0
before,cuda:0,1593,1,1.0,1.0,1.0,0.0
before,cuda:0,1594,1,1.0,1.0,1.0,0.0
before,cuda:0,1595,1,1.0,1.0,1.0,0.0
before,cuda:0,1596,1,1.0,1.0,1.0,0.0
before,cuda:0,1597,1,1.0,1.0,1.0,0.0
before,cuda:0,1598,1,1.0,1.0,1.0,0.0
before,cuda:0,1599,1,1.0,1.0,1.0,0.0
before,cuda:0,1600,1,1.0,1.0,1.0,0.0
before,cuda:0,1601,1,1.0,1.0,1.0,0.0
before,cuda:0,1602,1,1.0,1.0,1.0,0.0
before,cuda:0,1603,1,1.0,1.0,1.0,0.0
before,cuda:0,1604,1,1.0,1.0,1.0,0.0
before,cuda:0,1605,1,1.0,1.0,1.0,0.0
before,cuda:0,1606,1,1.0,1.0,1.0,0.0
before,cuda:0,1607,1,1.0,1.0,1.0,0.0
before,cuda:0,1608,1,1.0,1.0,1.0,0.0
before,cuda:0,1609,1,1.0,1.0,1.0,0.0
before,cuda:0,1610,1,1.0,1.0,1.0,0.0
before,cuda:0,1611,1,1.0,1.0,1.0,0.0
before,cuda:0,1612,1,1.0,1.0,1.0,0.0
before,cuda:0,1613,1,1.0,1.0,1.0,0.0
before,cuda:0,1614,1,1.0,1.0,1.0,0.0
before,cuda:0,1615,1,1.0,1.0,1.0,0.0
before,cuda:0,1616,1,1.0,1.0,1.0,0.0
before,cuda:0,1617,1,1.0,1.0,1.0,0.0
before,cuda:0,1618,1,1.0,1.0,1.0,0.0
before,cuda:0,1619,1,1.0,1.0,1.0,0.0
before,cuda:0,1620,1,1.0,1.0,1.0,0.0
before,cuda:0,1621,1,1.0,1.0,1.0,0.0
before,cuda:0,1622,1,1.0,1.0,1.0,0.0
before,cuda:0,1623,1,1.0,1.0,1.0,0.0
before,cuda:0,1624,1,1.0,1.0,1.0,0.0
before,cuda:0,1625,1,1.0,1.0,1.0,0.0
before,cuda:0,1626,1,1.0,1.0,1.0,0.0
before,cuda:0,1627,1,1.0,1.0,1.0,0.0
before,cuda:0,1628,1,1.0,1.0,1.0,0.0
before,cuda:0,1629,1,1.0,1.0,1.0,0.0
before,cuda:0,1630,1,1.0,1.0,1.0,0.0
before,cuda:0,1631,1,1.0,1.0,1.0,0.0
before,cuda:0,1632,1,1.0,1.0,1.0,0.0
before,cuda:0,1633,1,1.0,1.0,1.0,0.0
before,cuda:0,1634,1,1.0,1.0,1.0,0.0
before,cuda:0,1635,1,1.0,1.0,1.0,0.0
before,cuda:0,1636,1,1.0,1.0,1.0,0.0
before,cuda:0,1637,1,1.0,1.0,1.0,0.0
before,cuda:0,1638,1,1.0,1.0,1.0,0.0
before,cuda:0,1639,1,1.0,1.0,1.0,0.0
before,cuda:0,1640,1,1.0,1.0,1.0,0.0
before,cuda:0,1641,1,1.0,1.0,1.0,0.0
before,cuda:0,1642,1,1.0,1.0,1.0,0.0
before,cuda:0,1643,1,1.0,1.0,1.0,0.0
before,cuda:0,1644,1,1.0,1.0,1.0,0.0
before,cuda:0,1645,1,1.0,1.0,1.0,0.0
before,cuda:0,1646,1,1.0,1.0,1.0,0.0
before,cuda:0,1647,1,1.0,1.0,1.0,0.0
before,cuda:0,1648,1,1.0,1.0,1.0,0.0
before,cuda:0,1649,1,1.0,1.0,1.0,0.0
before,cuda:0,1650,1,1.0,1.0,1.0,0.0
before,cuda:0,1651,1,1.0,1.0,1.0,0.0
before,cuda:0,1652,1,1.0,1.0,1.0,0.0
before,cuda:0,1653,1,1.0,1.0,1.0,0.0
before,cuda:0,1654,1,1.0,1.0,1.0,0.0
before,cuda:0,1655,1,1.0,1.0,1.0,0.0
before,cuda:0,1656,1,1.0,1.0,1.0,0.0
before,cuda:0,1657,1,1.0,1.0,1.0,0.0
before,cuda:0,1658,1,1.0,1.0,1.0,0.0
before,cuda:0,1659,1,1.0,1.0,1.0,0.0
before,cuda:0,1660,1,1.0,1.0,1.0,0.0
before,cuda:0,1661,1,1.0,1.0,1.0,0.0
before,cuda:0,1662,1,1.0,1.0,1.0,0.0
before,cuda:0,1663,1,1.0,1.0,1.0,0.0
before,cuda:0,1664,1,1.0,1.0,1.0,0.0
before,cuda:0,1665,1,1.0,1.0,1.0,0.0
before,cuda:0,1666,1,1.0,1.0,1.0,0.0
before,cuda:0,1667,1,1.0,1.0,1.0,0.0
before,cuda:0,1668,1,1.0,1.0,1.0,0.0
before,cuda:0,1669,1,1.0,1.0,1.0,0.0
before,cuda:0,1670,1,1.0,1.0,1.0,0.0
before,cuda:0,1671,1,1.0,1.0,1.0,0.0
before,cuda:0,1672,1,1.0,1.0,1.0,0.0
before,cuda:0,1673,1,1.0,1.0,1.0,0.0
before,cuda:0,1674,1,1.0,1.0,1.0,0.0
before,cuda:0,1675,1,1.0,1.0,1.0,0.0
before,cuda:0,1676,1,1.0,1.0,1.0,0.0
before,cuda:0,1677,1,1.0,1.0,1.0,0.0
before,cuda:0,1678,1,1.0,1.0,1.0,0.0
before,cuda:0,1679,1,1.0,1.0,1.0,0.0
before,cuda:0,1680,1,1.0,1.0,1.0,0.0
before,cuda:0,1681,1,1.0,1.0,1.0,0.0
before,cuda:0,1682,1,1.0,1.0,1.0,0.0
before,cuda:0,1683,1,1.0,1.0,1.0,0.0
before,cuda:0,1684,1,1.0,1.0,1.0,0.0
before,cuda:0,1685,1,1.0,1.0,1.0,0.0
before,cuda:0,1686,1,1.0,1.0,1.0,0.0
before,cuda:0,1687,1,1.0,1.0,1.0,0.0
before,cuda:0,1688,1,1.0,1.0,1.0,0.0
before,cuda:0,1689,1,1.0,1.0,1.0,0.0
before,cuda:0,1690,1,1.0,1.0,1.0,0.0
before,cuda:0,1691,1,1.0,1.0,1.0,0.0
before,cuda:0,1692,1,1.0,1.0,1.0,0.0
before,cuda:0,1693,1,1.0,1.0,1.0,0.0
before,cuda:0,1694,1,1.0,1.0,1.0,0.0
before,cuda:0,1695,1,1.0,1.0,1.0,0.0
before,cuda:0,1696,1,1.0,1.0,1.0,0.0
before,cuda:0,1697,1,1.0,1.0,1.0,0.0
before,cuda:0,1698,1,1.0,1.0,1.0,0.0
before,cuda:0,1699,1,1.0,1.0,1.0,0.0
before,cuda:0,1700,1,1.0,1.0,1.0,0.0
before,cuda:0,1701,1,1.0,1.0,1.0,0.0
before,cuda:0,1702,1,1.0,1.0,1.0,0.0
before,cuda:0,1703,1,1.0,1.0,1.0,0.0
before,cuda:0,1704,1,1.0,1.0,1.0,0.0
before,cuda:0,1705,1,1.0,1.0,1.0,0.0
before,cuda:0,1706,1,1.0,1.0,1.0,0.0
before,cuda:0,1707,1,1.0,1.0,1.0,0.0
before,cuda:0,1708,1,1.0,1.0,1.0,0.0
before,cuda:0,1709,1,1.0,1.0,1.0,0.0
before,cuda:0,1710,1,1.0,1.0,1.0,0.0
before,cuda:0,1711,1,1.0,1.0,1.0,0.0
before,cuda:0,1712,1,1.0,1.0,1.0,0.0
before,cuda:0,1713,1,1.0,1.0,1.0,0.0
before,cuda:0,1714,1,1.0,1.0,1.0,0.0
before,cuda:0,1715,1,1.0,1.0,1.0,0.0
before,cuda:0,1716,1,1.0,1.0,1.0,0.0
before,cuda:0,1717,1,1.0,1.0,1.0,0.0
before,cuda:0,1718,1,1.0,1.0,1.0,0.0
before,cuda:0,1719,1,1.0,1.0,1.0,0.0
before,cuda:0,1720,1,1.0,1.0,1.0,0.0
before,cuda:0,1721,1,1.0,1.0,1.0,0.0
before,cuda:0,1722,1,1.0,1.0,1.0,0.0
before,cuda:0,1723,1,1.0,1.0,1.0,0.0
before,cuda:0,1724,1,1.0,1.0,1.0,0.0
before,cuda:0,1725,1,1.0,1.0,1.0,0.0
before,cuda:0,1726,1,1.0,1.0,1.0,0.0
before,cuda:0,1727,1,1.0,1.0,1.0,0.0
before,cuda:0,1728,1,1.0,1.0,1.0,0.0
before,cuda:0,1729,1,1.0,1.0,1.0,0.0
before,cuda:0,1730,1,1.0,1.0,1.0,0.0
before,cuda:0,1731,1,1.0,1.0,1.0,0.0
before,cuda:0,1732,1,1.0,1.0,1.0,0.0
before,cuda:0,1733,1,1.0,1.0,1.0,0.0
before,cuda:0,1734,1,1.0,1.0,1.0,0.0
before,cuda:0,1735,1,1.0,1.0,1.0,0.0
before,cuda:0,1736,1,1.0,1.0,1.0,0.0
before,cuda:0,1737,1,1.0,1.0,1.0,0.0
before,cuda:0,1738,1,1.0,1.0,1.0,0.0
before,cuda:0,1739,1,1.0,1.0,1.0,0.0
before,cuda:0,1740,1,1.0,1.0,1.0,0.0
before,cuda:0,1741,1,1.0,1.0,1.0,0.0
before,cuda:0,1742,1,1.0,1.0,1.0,0.0
before,cuda:0,1743,1,1.0,1.0,1.0,0.0
before,cuda:0,1744,1,1.0,1.0,1.0,0.0
before,cuda:0,1745,1,1.0,1.0,1.0,0.0
before,cuda:0,1746,1,1.0,1.0,1.0,0.0
before,cuda:0,1747,1,1.0,1.0,1.0,0.0
before,cuda:0,1748,1,1.0,1.0,1.0,0.0
before,cuda:0,1749,1,1.0,1.0,1.0,0.0
before,cuda:0,1750,1,1.0,1.0,1.0,0.0
before,cuda:0,1751,1,1.0,1.0,1.0,0.0
before,cuda:0,1752,1,1.0,1.0,1.0,0.0
before,cuda:0,1753,1,1.0,1.0,1.0,0.0
before,cuda:0,1754,1,1.0,1.0,1.0,0.0
before,cuda:0,1755,1,1.0,1.0,1.0,0.0
before,cuda:0,1756,1,1.0,1.0,1.0,0.0
before,cuda:0,1757,1,1.0,1.0,1.0,0.0
before,cuda:0,1758,1,1.0,1.0,1.0,0.0
before,cuda:0,1759,1,1.0,1.0,1.0,0.0
before,cuda:0,1760,1,1.0,1.0,1.0,0.0
before,cuda:0,1761,1,1.0,1.0,1.0,0.0
before,cuda:0,1762,1,1.0,1.0,1.0,0.0
before,cuda:0,1763,1,1.0,1.0,1.0,0.0
before,cuda:0,1764,1,1.0,1.0,1.0,0.0
before,cuda:0,1765,1,1.0,1.0,1.0,0.0
before,cuda:0,1766,1,1.0,1.0,1.0,0.0
before,cuda:0,1767,1,1.0,1.0,1.0,0.0
before,cuda:0,1768,1,1.0,1.0,1.0,0.0
before,cuda:0,1769,1,1.0,1.0,1.0,0.0
before,cuda:0,1770,1,1.0,1.0,1.0,0.0
before,cuda:0,1771,1,1.0,1.0,1.0,0.0
before,cuda:0,1772,1,1.0,1.0,1.0,0.0
before,cuda:0,1773,1,1.0,1.0,1.0,0.0
before,cuda:0,1774,1,1.0,1.0,1.0,0.0
before,cuda:0,1775,1,1.0,1.0,1.0,0.0
before,cuda:0,1776,1,1.0,1.0,1.0,0.0
before,cuda:0,1777,1,1.0,1.0,1.0,0.0
before,cuda:0,1778,1,1.0,1.0,1.0,0.0
before,cuda:0,1779,1,1.0,1.0,1.0,0.0
before,cuda:0,1780,1,1.0,1.0,1.0,0.0
before,cuda:0,1781,1,1.0,1.0,1.0,0.0
before,cuda:0,1782,1,1.0,1.0,1.0,0.0
before,cuda:0,1783,1,1.0,1.0,1.0,0.0
before,cuda:0,1784,1,1.0,1.0,1.0,0.0
before,cuda:0,1785,1,1.0,1.0,1.0,0.0
before,cuda:0,1786,1,1.0,1.0,1.0,0.0
before,cuda:0,1787,1,1.0,1.0,1.0,0.0
before,cuda:0,1788,1,1.0,1.0,1.0,0.0
before,cuda:0,1789,1,1.0,1.0,1.0,0.0
before,cuda:0,1790,1,1.0,1.0,1.0,0.0
before,cuda:0,1791,1,1.0,1.0,1.0,0.0
before,cuda:0,1792,1,1.0,1.0,1.0,0.0
before,cuda:0,1793,1,1.0,1.0,1.0,0.0
before,cuda:0,1794,1,1.0,1.0,1.0,0.0
before,cuda:0,1795,1,1.0,1.0,1.0,0.0
before,cuda:0,1796,1,1.0,1.0,1.0,0.0
before,cuda:0,1797,1,1.0,1.0,1.0,0.0
before,cuda:0,1798,1,1.0,1.0,1.0,0.0
before,cuda:0,1799,1,1.0,1.0,1.0,0.0
before,cuda:0,1800,1,1.0,1.0,1.0,0.0
before,cuda:0,1801,1,1.0,1.0,1.0,0.0
before,cuda:0,1802,1,1.0,1.0,1.0,0.0
before,cuda:0,1803,1,1.0,1.0,1.0,0.0
before,cuda:0,1804,1,1.0,1.0,1.0,0.0
before,cuda:0,1805,1,1.0,1.0,1.0,0.0
before,cuda:0,1806,1,1.0,1.0,1.0,0.0
before,cuda:0,1807,1,1.0,1.0,1.0,0.0
before,cuda:0,1808,1,1.0,1.0,1.0,0.0
before,cuda:0,1809,1,1.0,1.0,1.0,0.0
before,cuda:0,1810,1,1.0,1.0,1.0,0.0
before,cuda:0,1811,1,1.0,1.0,1.0,0.0
before,cuda:0,1812,1,1.0,1.0,1.0,0.0
before,cuda:0,1813,1,1.0,1.0,1.0,0.0
before,cuda:0,1814,1,1.0,1.0,1.0,0.0
before,cuda:0,1815,1,1.0,1.0,1.0,0.0
before,cuda:0,1816,1,1.0,1.0,1.0,0.0
before,cuda:0,1817,1,1.0,1.0,1.0,0.0
before,cuda:0,1818,1,1.0,1.0,1.0,0.0
before,cuda:0,1819,1,1.0,1.0,1.0,0.0
before,cuda:0,1820,1,1.0,1.0,1.0,0.0
before,cuda:0,1821,1,1.0,1.0,1.0,0.0
before,cuda:0,1822,1,1.0,1.0,1.0,0.0
before,cuda:0,1823,1,1.0,1.0,1.0,0.0
before,cuda:0,1824,1,1.0,1.0,1.0,0.0
before,cuda:0,1825,1,1.0,1.0,1.0,0.0
before,cuda:0,1826,1,1.0,1.0,1.0,0.0
before,cuda:0,1827,1,1.0,1.0,1.0,0.0
before,cuda:0,1828,1,1.0,1.0,1.0,0.0
before,cuda:0,1829,1,1.0,1.0,1.0,0.0
before,cuda:0,1830,1,1.0,1.0,1.0,0.0
before,cuda:0,1831,1,1.0,1.0,1.0,0.0
before,cuda:0,1832,1,1.0,1.0,1.0,0.0
before,cuda:0,1833,1,1.0,1.0,1.0,0.0
before,cuda:0,1834,1,1.0,1.0,1.0,0.0
before,cuda:0,1835,1,1.0,1.0,1.0,0.0
before,cuda:0,1836,1,1.0,1.0,1.0,0.0
before,cuda:0,1837,1,1.0,1.0,1.0,0.0
before,cuda:0,1838,1,1.0,1.0,1.0,0.0
before,cuda:0,1839,1,1.0,1.0,1.0,0.0
before,cuda:0,1840,1,1.0,1.0,1.0,0.0
before,cuda:0,1841,1,1.0,1.0,1.0,0.0
before,cuda:0,1842,1,1.0,1.0,1.0,0.0
before,cuda:0,1843,1,1.0,1.0,1.0,0.0
before,cuda:0,1844,1,1.0,1.0,1.0,0.0
before,cuda:0,1845,1,1.0,1.0,1.0,0.0
before,cuda:0,1846,1,1.0,1.0,1.0,0.0
before,cuda:0,1847,1,1.0,1.0,1.0,0.0
before,cuda:0,1848,1,1.0,1.0,1.0,0.0
before,cuda:0,1849,1,1.0,1.0,1.0,0.0
before,cuda:0,1850,1,1.0,1.0,1.0,0.0
before,cuda:0,1851,1,1.0,1.0,1.0,0.0
before,cuda:0,1852,1,1.0,1.0,1.0,0.0
before,cuda:0,1853,1,1.0,1.0,1.0,0.0
before,cuda:0,1854,1,1.0,1.0,1.0,0.0
before,cuda:0,1855,1,1.0,1.0,1.0,0.0
before,cuda:0,1856,1,1.0,1.0,1.0,0.0
before,cuda:0,1857,1,1.0,1.0,1.0,0.0
before,cuda:0,1858,1,1.0,1.0,1.0,0.0
before,cuda:0,1859,1,1.0,1.0,1.0,0.0
before,cuda:0,1860,1,1.0,1.0,1.0,0.0
before,cuda:0,1861,1,1.0,1.0,1.0,0.0
before,cuda:0,1862,1,1.0,1.0,1.0,0.0
before,cuda:0,1863,1,1.0,1.0,1.0,0.0
before,cuda:0,1864,1,1.0,1.0,1.0,0.0
before,cuda:0,1865,1,1.0,1.0,1.0,0.0
before,cuda:0,1866,1,1.0,1.0,1.0,0.0
before,cuda:0,1867,1,1.0,1.0,1.0,0.0
before,cuda:0,1868,1,1.0,1.0,1.0,0.0
before,cuda:0,1869,1,1.0,1.0,1.0,0.0
before,cuda:0,1870,1,1.0,1.0,1.0,0.0
before,cuda:0,1871,1,1.0,1.0,1.0,0.0
before,cuda:0,1872,1,1.0,1.0,1.0,0.0
before,cuda:0,1873,1,1.0,1.0,1.0,0.0
before,cuda:0,1874,1,1.0,1.0,1.0,0.0
before,cuda:0,1875,1,1.0,1.0,1.0,0.0
before,cuda:0,1876,1,1.0,1.0,1.0,0.0
before,cuda:0,1877,1,1.0,1.0,1.0,0.0
before,cuda:0,1878,1,1.0,1.0,1.0,0.0
before,cuda:0,1879,1,1.0,1.0,1.0,0.0
before,cuda:0,1880,1,1.0,1.0,1.0,0.0
before,cuda:0,1881,1,1.0,1.0,1.0,0.0
before,cuda:0,1882,1,1.0,1.0,1.0,0.0
before,cuda:0,1883,1,1.0,1.0,1.0,0.0
before,cuda:0,1884,1,1.0,1.0,1.0,0.0
before,cuda:0,1885,1,1.0,1.0,1.0,0.0
before,cuda:0,1886,1,1.0,1.0,1.0,0.0
before,cuda:0,1887,1,1.0,1.0,1.0,0.0
before,cuda:0,1888,1,1.0,1.0,1.0,0.0
before,cuda:0,1889,1,1.0,1.0,1.0,0.0
before,cuda:0,1890,1,1.0,1.0,1.0,0.0
before,cuda:0,1891,1,1.0,1.0,1.0,0.0
before,cuda:0,1892,1,1.0,1.0,1.0,0.0
before,cuda:0,1893,1,1.0,1.0,1.0,0.0
before,cuda:0,1894,1,1.0,1.0,1.0,0.0
before,cuda:0,1895,1,1.0,1.0,1.0,0.0
before,cuda:0,1896,1,1.0,1.0,1.0,0.0
before,cuda:0,1897,1,1.0,1.0,1.0,0.0
before,cuda:0,1898,1,1.0,1.0,1.0,0.0
before,cuda:0,1899,1,1.0,1.0,1.0,0.0
before,cuda:0,1900,1,1.0,1.0,1.0,0.0
before,cuda:0,1901,1,1.0,1.0,1.0,0.0
before,cuda:0,1902,1,1.0,1.0,1.0,0.0
before,cuda:0,1903,1,1.0,1.0,1.0,0.0
before,cuda:0,1904,1,1.0,1.0,1.0,0.0
before,cuda:0,1905,1,1.0,1.0,1.0,0.0
before,cuda:0,1906,1,1.0,1.0,1.0,0.0
before,cuda:0,1907,1,1.0,1.0,1.0,0.0
before,cuda:0,1908,1,1.0,1.0,1.0,0.0
before,cuda:0,1909,1,1.0,1.0,1.0,0.0
before,cuda:0,1910,1,1.0,1.0,1.0,0.0
before,cuda:0,1911,1,1.0,1.0,1.0,0.0
before,cuda:0,1912,1,1.0,1.0,1.0,0.0
before,cuda:0,1913,1,1.0,1.0,1.0,0.0
before,cuda:0,1914,1,1.0,1.0,1.0,0.0
before,cuda:0,1915,1,1.0,1.0,1.0,0.0
before,cuda:0,1916,1,1.0,1.0,1.0,0.0
before,cuda:0,1917,1,1.0,1.0,1.0,0.0
before,cuda:0,1918,1,1.0,1.0,1.0,0.0
before,cuda:0,1919,1,1.0,1.0,1.0,0.0
before,cuda:0,1920,1,1.0,1.0,1.0,0.0
before,cuda:0,1921,1,1.0,1.0,1.0,0.0
before,cuda:0,1922,1,1.0,1.0,1.0,0.0
before,cuda:0,1923,1,1.0,1.0,1.0,0.0
before,cuda:0,1924,1,1.0,1.0,1.0,0.0
before,cuda:0,1925,1,1.0,1.0,1.0,0.0
before,cuda:0,1926,1,1.0,1.0,1.0,0.0
before,cuda:0,1927,1,1.0,1.0,1.0,0.0
before,cuda:0,1928,1,1.0,1.0,1.0,0.0
before,cuda:0,1929,1,1.0,1.0,1.0,0.0
before,cuda:0,1930,1,1.0,1.0,1.0,0.0
before,cuda:0,1931,1,1.0,1.0,1.0,0.0
before,cuda:0,1932,1,1.0,1.0,1.0,0.0
before,cuda:0,1933,1,1.0,1.0,1.0,0.0
before,cuda:0,1934,1,1.0,1.0,1.0,0.0
before,cuda:0,1935,1,1.0,1.0,1.0,0.0
before,cuda:0,1936,1,1.0,1.0,1.0,0.0
before,cuda:0,1937,1,1.0,1.0,1.0,0.0
before,cuda:0,1938,1,1.0,1.0,1.0,0.0
before,cuda:0,1939,1,1.0,1.0,1.0,0.0
before,cuda:0,1940,1,1.0,1.0,1.0,0.0
before,cuda:0,1941,1,1.0,1.0,1.0,0.0
before,cuda:0,1942,1,1.0,1.0,1.0,0.0
before,cuda:0,1943,1,1.0,1.0,1.0,0.0
before,cuda:0,1944,1,1.0,1.0,1.0,0.0
before,cuda:0,1945,1,1.0,1.0,1.0,0.0
before,cuda:0,1946,1,1.0,1.0,1.0,0.0
before,cuda:0,1947,1,1.0,1.0,1.0,0.0
before,cuda:0,1948,1,1.0,1.0,1.0,0.0
before,cuda:0,1949,1,1.0,1.0,1.0,0.0
before,cuda:0,1950,1,1.0,1.0,1.0,0.0
before,cuda:0,1951,1,1.0,1.0,1.0,0.0
before,cuda:0,1952,1,1.0,1.0,1.0,0.0
before,cuda:0,1953,1,1.0,1.0,1.0,0.0
before,cuda:0,1954,1,1.0,1.0,1.0,0.0
before,cuda:0,1955,1,1.0,1.0,1.0,0.0
before,cuda:0,1956,1,1.0,1.0,1.0,0.0
before,cuda:0,1957,1,1.0,1.0,1.0,0.0
before,cuda:0,1958,1,1.0,1.0,1.0,0.0
before,cuda:0,1959,1,1.0,1.0,1.0,0.0
before,cuda:0,1960,1,1.0,1.0,1.0,0.0
before,cuda:0,1961,1,1.0,1.0,1.0,0.0
before,cuda:0,1962,1,1.0,1.0,1.0,0.0
before,cuda:0,1963,1,1.0,1.0,1.0,0.0
before,cuda:0,1964,1,1.0,1.0,1.0,0.0
before,cuda:0,1965,1,1.0,1.0,1.0,0.0
before,cuda:0,1966,1,1.0,1.0,1.0,0.0
before,cuda:0,1967,1,1.0,1.0,1.0,0.0
before,cuda:0,1968,1,1.0,1.0,1.0,0.0
before,cuda:0,1969,1,1.0,1.0,1.0,0.0
before,cuda:0,1970,1,1.0,1.0,1.0,0.0
before,cuda:0,1971,0,0.0,0.0,0.0,1.0
before,cuda:0,1972,0,0.0,0.0,0.0,1.0
before,cuda:0,1973,0,0.0,0.0,0.0,1.0
before,cuda:0,1974,0,0.0,0.0,0.0,1.0
before,cuda:0,1975,0,0.0,0.0,0.0,1.0
before,cuda:0,1976,0,0.0,0.0,0.0,1.0
before,cuda:0,1977,0,0.0,0.0,0.0,1.0
before,cuda:0,1978,0,0.0,0.0,0.0,1.0
before,cuda:0,1979,0,0.0,0.0,0.0,1.0
before,cuda:0,1980,0,0.0,0.0,0.0,1.0
before,cuda:0,1981,0,0.0,0.0,0.0,1.0
before,cuda:0,1982,0,0.0,0.0,0.0,1.0
before,cuda:0,1983,0,0.0,0.0,0.0,1.0
before,cuda:0,1984,0,0.0,0.0,0.0,1.0
before,cuda:0,1985,0,0.0,0.0,0.0,1.0
before,cuda:0,1986,0,0.0,0.0,0.0,1.0
before,cuda:0,1987,0,0.0,0.0,0.0,1.0
before,cuda:0,1988,0,0.0,0.0,0.0,1.0
before,cuda:0,1989,0,0.0,0.0,0.0,1.0
before,cuda:0,1990,0,0.0,0.0,0.0,1.0
before,cuda:0,1991,0,0.0,0.0,0.0,1.0
before,cuda:0,1992,0,0.0,0.0,0.0,1.0
before,cuda:0,1993,0,0.0,0.0,0.0,1.0
before,cuda:0,1994,0,0.0,0.0,0.0,1.0
before,cuda:0,1995,0,0.0,0.0,0.0,1.0
before,cuda:0,1996,0,0.0,0.0,0.0,1.0
before,cuda:0,1997,0,0.0,0.0,0.0,1.0
before,cuda:0,1998,0,0.0,0.0,0.0,1.0
before,cuda:0,1999,0,0.0,0.0,0.0,1.0
before,cuda:0,2000,0,0.0,0.0,0.0,1.0
before,cuda:0,2001,0,0.0,0.0,0.0,1.0
before,cuda:0,2002,0,0.0,0.0,0.0,1.0
before,cuda:0,2003,0,0.0,0.0,0.0,1.0
before,cuda:0,2004,0,0.0,0.0,0.0,1.0
before,cuda:0,2005,0,0.0,0.0,0.0,1.0
before,cuda:0,2006,0,0.0,0.0,0.0,1.0
before,cuda:0,2007,0,0.0,0.0,0.0,1.0
before,cuda:0,2008,0,0.0,0.0,0.0,1.0
before,cuda:0,2009,0,0.0,0.0,0.0,1.0
before,cuda:0,2010,0,0.0,0.0,0.0,1.0
before,cuda:0,2011,0,0.0,0.0,0.0,1.0
before,cuda:0,2012,0,0.0,0.0,0.0,1.0
before,cuda:0,2013,0,0.0,0.0,0.0,1.0
before,cuda:0,2014,0,0.0,0.0,0.0,1.0
before,cuda:0,2015,0,0.0,0.0,0.0,1.0
before,cuda:0,2016,0,0.0,0.0,0.0,1.0
before,cuda:0,2017,0,0.0,0.0,0.0,1.0
before,cuda:0,2018,0,0.0,0.0,0.0,1.0
before,cuda:0,2019,0,0.0,0.0,0.0,1.0
before,cuda:0,2020,0,0.0,0.0,0.0,1.0
before,cuda:0,2021,0,0.0,0.0,0.0,1.0
before,cuda:0,2022,0,0.0,0.0,0.0,1.0
before,cuda:0,2023,0,0.0,0.0,0.0,1.0
before,cuda:0,2024,0,0.0,0.0,0.0,1.0
before,cuda:0,2025,0,0.0,0.0,0.0,1.0
before,cuda:0,2026,0,0.0,0.0,0.0,1.0
before,cuda:0,2027,0,0.0,0.0,0.0,1.0
before,cuda:0,2028,0,0.0,0.0,0.0,1.0
before,cuda:0,2029,0,0.0,0.0,0.0,1.0
before,cuda:0,2030,0,0.0,0.0,0.0,1.0
before,cuda:0,2031,0,0.0,0.0,0.0,1.0
before,cuda:0,2032,0,0.0,0.0,0.0,1.0
before,cuda:0,2033,0,0.0,0.0,0.0,1.0
before,cuda:0,2034,0,0.0,0.0,0.0,1.0
before,cuda:0,2035,0,0.0,0.0,0.0,1.0
before,cuda:0,2036,0,0.0,0.0,0.0,1.0
before,cuda:0,2037,0,0.0,0.0,0.0,1.0
before,cuda:0,2038,0,0.0,0.0,0.0,1.0
before,cuda:0,2039,0,0.0,0.0,0.0,1.0
before,cuda:0,2040,0,0.0,0.0,0.0,1.0
before,cuda:0,2041,0,0.0,0.0,0.0,1.0
before,cuda:0,2042,0,0.0,0.0,0.0,1.0
before,cuda:0,2043,0,0.0,0.0,0.0,1.0
before,cuda:0,2044,0,0.0,0.0,0.0,1.0
before,cuda:0,2045,0,0.0,0.0,0.0,1.0
before,cuda:0,2046,0,0.0,0.0,0.0,1.0
before,cuda:0,2047,0,0.0,0.0,0.0,1.0
before,cuda:1,0,78,78.0,78.0,78.0,77.0
before,cuda:1,1,1,1.0,1.0,1.0,0.0
before,cuda:1,2,1,1.0,1.0,1.0,0.0
before,cuda:1,3,1,1.0,1.0,1.0,0.0
before,cuda:1,4,1,1.0,1.0,1.0,0.0
before,cuda:1,5,1,1.0,1.0,1.0,0.0
before,cuda:1,6,1,1.0,1.0,1.0,0.0
before,cuda:1,7,1,1.0,1.0,1.0,0.0
before,cuda:1,8,1,1.0,1.0,1.0,0.0
before,cuda:1,9,1,1.0,1.0,1.0,0.0
before,cuda:1,10,1,1.0,1.0,1.0,0.0
before,cuda:1,11,1,1.0,1.0,1.0,0.0
before,cuda:1,12,1,1.0,1.0,1.0,0.0
before,cuda:1,13,1,1.0,1.0,1.0,0.0
before,cuda:1,14,1,1.0,1.0,1.0,0.0
before,cuda:1,15,1,1.0,1.0,1.0,0.0
before,cuda:1,16,1,1.0,1.0,1.0,0.0
before,cuda:1,17,1,1.0,1.0,1.0,0.0
before,cuda:1,18,1,1.0,1.0,1.0,0.0
before,cuda:1,19,1,1.0,1.0,1.0,0.0
before,cuda:1,20,1,1.0,1.0,1.0,0.0
before,cuda:1,21,1,1.0,1.0,1.0,0.0
before,cuda:1,22,1,1.0,1.0,1.0,0.0
before,cuda:1,23,1,1.0,1.0,1.0,0.0
before,cuda:1,24,1,1.0,1.0,1.0,0.0
before,cuda:1,25,1,1.0,1.0,1.0,0.0
before,cuda:1,26,1,1.0,1.0,1.0,0.0
before,cuda:1,27,1,1.0,1.0,1.0,0.0
before,cuda:1,28,1,1.0,1.0,1.0,0.0
before,cuda:1,29,1,1.0,1.0,1.0,0.0
before,cuda:1,30,1,1.0,1.0,1.0,0.0
before,cuda:1,31,1,1.0,1.0,1.0,0.0
before,cuda:1,32,1,1.0,1.0,1.0,0.0
before,cuda:1,33,1,1.0,1.0,1.0,0.0
before,cuda:1,34,1,1.0,1.0,1.0,0.0
before,cuda:1,35,1,1.0,1.0,1.0,0.0
before,cuda:1,36,1,1.0,1.0,1.0,0.0
before,cuda:1,37,1,1.0,1.0,1.0,0.0
before,cuda:1,38,1,1.0,1.0,1.0,0.0
before,cuda:1,39,1,1.0,1.0,1.0,0.0
before,cuda:1,40,1,1.0,1.0,1.0,0.0
before,cuda:1,41,1,1.0,1.0,1.0,0.0
before,cuda:1,42,1,1.0,1.0,1.0,0.0
before,cuda:1,43,1,1.0,1.0,1.0,0.0
before,cuda:1,44,1,1.0,1.0,1.0,0.0
before,cuda:1,45,1,1.0,1.0,1.0,0.0
before,cuda:1,46,1,1.0,1.0,1.0,0.0
before,cuda:1,47,1,1.0,1.0,1.0,0.0
before,cuda:1,48,1,1.0,1.0,1.0,0.0
before,cuda:1,49,1,1.0,1.0,1.0,0.0
before,cuda:1,50,1,1.0,1.0,1.0,0.0
before,cuda:1,51,1,1.0,1.0,1.0,0.0
before,cuda:1,52,1,1.0,1.0,1.0,0.0
before,cuda:1,53,1,1.0,1.0,1.0,0.0
before,cuda:1,54,1,1.0,1.0,1.0,0.0
before,cuda:1,55,1,1.0,1.0,1.0,0.0
before,cuda:1,56,1,1.0,1.0,1.0,0.0
before,cuda:1,57,1,1.0,1.0,1.0,0.0
before,cuda:1,58,1,1.0,1.0,1.0,0.0
before,cuda:1,59,1,1.0,1.0,1.0,0.0
before,cuda:1,60,1,1.0,1.0,1.0,0.0
before,cuda:1,61,1,1.0,1.0,1.0,0.0
before,cuda:1,62,1,1.0,1.0,1.0,0.0
before,cuda:1,63,1,1.0,1.0,1.0,0.0
before,cuda:1,64,1,1.0,1.0,1.0,0.0
before,cuda:1,65,1,1.0,1.0,1.0,0.0
before,cuda:1,66,1,1.0,1.0,1.0,0.0
before,cuda:1,67,1,1.0,1.0,1.0,0.0
before,cuda:1,68,1,1.0,1.0,1.0,0.0
before,cuda:1,69,1,1.0,1.0,1.0,0.0
before,cuda:1,70,1,1.0,1.0,1.0,0.0
before,cuda:1,71,1,1.0,1.0,1.0,0.0
before,cuda:1,72,1,1.0,1.0,1.0,0.0
before,cuda:1,73,1,1.0,1.0,1.0,0.0
before,cuda:1,74,1,1.0,1.0,1.0,0.0
before,cuda:1,75,1,1.0,1.0,1.0,0.0
before,cuda:1,76,1,1.0,1.0,1.0,0.0
before,cuda:1,77,1,1.0,1.0,1.0,0.0
before,cuda:1,78,1,1.0,1.0,1.0,0.0
before,cuda:1,79,1,1.0,1.0,1.0,0.0
before,cuda:1,80,1,1.0,1.0,1.0,0.0
before,cuda:1,81,1,1.0,1.0,1.0,0.0
before,cuda:1,82,1,1.0,1.0,1.0,0.0
before,cuda:1,83,1,1.0,1.0,1.0,0.0
before,cuda:1,84,1,1.0,1.0,1.0,0.0
before,cuda:1,85,1,1.0,1.0,1.0,0.0
before,cuda:1,86,1,1.0,1.0,1.0,0.0
before,cuda:1,87,1,1.0,1.0,1.0,0.0
before,cuda:1,88,1,1.0,1.0,1.0,0.0
before,cuda:1,89,1,1.0,1.0,1.0,0.0
before,cuda:1,90,1,1.0,1.0,1.0,0.0
before,cuda:1,91,1,1.0,1.0,1.0,0.0
before,cuda:1,92,1,1.0,1.0,1.0,0.0
before,cuda:1,93,1,1.0,1.0,1.0,0.0
before,cuda:1,94,1,1.0,1.0,1.0,0.0
before,cuda:1,95,1,1.0,1.0,1.0,0.0
before,cuda:1,96,1,1.0,1.0,1.0,0.0
before,cuda:1,97,1,1.0,1.0,1.0,0.0
before,cuda:1,98,1,1.0,1.0,1.0,0.0
before,cuda:1,99,1,1.0,1.0,1.0,0.0
before,cuda:1,100,1,1.0,1.0,1.0,0.0
before,cuda:1,101,1,1.0,1.0,1.0,0.0
before,cuda:1,102,1,1.0,1.0,1.0,0.0
before,cuda:1,103,1,1.0,1.0,1.0,0.0
before,cuda:1,104,1,1.0,1.0,1.0,0.0
before,cuda:1,105,1,1.0,1.0,1.0,0.0
before,cuda:1,106,1,1.0,1.0,1.0,0.0
before,cuda:1,107,1,1.0,1.0,1.0,0.0
before,cuda:1,108,1,1.0,1.0,1.0,0.0
before,cuda:1,109,1,1.0,1.0,1.0,0.0
before,cuda:1,110,1,1.0,1.0,1.0,0.0
before,cuda:1,111,1,1.0,1.0,1.0,0.0
before,cuda:1,112,1,1.0,1.0,1.0,0.0
before,cuda:1,113,1,1.0,1.0,1.0,0.0
before,cuda:1,114,1,1.0,1.0,1.0,0.0
before,cuda:1,115,1,1.0,1.0,1.0,0.0
before,cuda:1,116,1,1.0,1.0,1.0,0.0
before,cuda:1,117,1,1.0,1.0,1.0,0.0
before,cuda:1,118,1,1.0,1.0,1.0,0.0
before,cuda:1,119,1,1.0,1.0,1.0,0.0
before,cuda:1,120,1,1.0,1.0,1.0,0.0
before,cuda:1,121,1,1.0,1.0,1.0,0.0
before,cuda:1,122,1,1.0,1.0,1.0,0.0
before,cuda:1,123,1,1.0,1.0,1.0,0.0
before,cuda:1,124,1,1.0,1.0,1.0,0.0
before,cuda:1,125,1,1.0,1.0,1.0,0.0
before,cuda:1,126,1,1.0,1.0,1.0,0.0
before,cuda:1,127,1,1.0,1.0,1.0,0.0
before,cuda:1,128,1,1.0,1.0,1.0,0.0
before,cuda:1,129,1,1.0,1.0,1.0,0.0
before,cuda:1,130,1,1.0,1.0,1.0,0.0
before,cuda:1,131,1,1.0,1.0,1.0,0.0
before,cuda:1,132,1,1.0,1.0,1.0,0.0
before,cuda:1,133,1,1.0,1.0,1.0,0.0
before,cuda:1,134,1,1.0,1.0,1.0,0.0
before,cuda:1,135,1,1.0,1.0,1.0,0.0
before,cuda:1,136,1,1.0,1.0,1.0,0.0
before,cuda:1,137,1,1.0,1.0,1.0,0.0
before,cuda:1,138,1,1.0,1.0,1.0,0.0
before,cuda:1,139,1,1.0,1.0,1.0,0.0
before,cuda:1,140,1,1.0,1.0,1.0,0.0
before,cuda:1,141,1,1.0,1.0,1.0,0.0
before,cuda:1,142,1,1.0,1.0,1.0,0.0
before,cuda:1,143,1,1.0,1.0,1.0,0.0
before,cuda:1,144,1,1.0,1.0,1.0,0.0
before,cuda:1,145,1,1.0,1.0,1.0,0.0
before,cuda:1,146,1,1.0,1.0,1.0,0.0
before,cuda:1,147,1,1.0,1.0,1.0,0.0
before,cuda:1,148,1,1.0,1.0,1.0,0.0
before,cuda:1,149,1,1.0,1.0,1.0,0.0
before,cuda:1,150,1,1.0,1.0,1.0,0.0
before,cuda:1,151,1,1.0,1.0,1.0,0.0
before,cuda:1,152,1,1.0,1.0,1.0,0.0
before,cuda:1,153,1,1.0,1.0,1.0,0.0
before,cuda:1,154,1,1.0,1.0,1.0,0.0
before,cuda:1,155,1,1.0,1.0,1.0,0.0
before,cuda:1,156,1,1.0,1.0,1.0,0.0
before,cuda:1,157,1,1.0,1.0,1.0,0.0
before,cuda:1,158,1,1.0,1.0,1.0,0.0
before,cuda:1,159,1,1.0,1.0,1.0,0.0
before,cuda:1,160,1,1.0,1.0,1.0,0.0
before,cuda:1,161,1,1.0,1.0,1.0,0.0
before,cuda:1,162,1,1.0,1.0,1.0,0.0
before,cuda:1,163,1,1.0,1.0,1.0,0.0
before,cuda:1,164,1,1.0,1.0,1.0,0.0
before,cuda:1,165,1,1.0,1.0,1.0,0.0
before,cuda:1,166,1,1.0,1.0,1.0,0.0
before,cuda:1,167,1,1.0,1.0,1.0,0.0
before,cuda:1,168,1,1.0,1.0,1.0,0.0
before,cuda:1,169,1,1.0,1.0,1.0,0.0
before,cuda:1,170,1,1.0,1.0,1.0,0.0
before,cuda:1,171,1,1.0,1.0,1.0,0.0
before,cuda:1,172,1,1.0,1.0,1.0,0.0
before,cuda:1,173,1,1.0,1.0,1.0,0.0
before,cuda:1,174,1,1.0,1.0,1.0,0.0
before,cuda:1,175,1,1.0,1.0,1.0,0.0
before,cuda:1,176,1,1.0,1.0,1.0,0.0
before,cuda:1,177,1,1.0,1.0,1.0,0.0
before,cuda:1,178,1,1.0,1.0,1.0,0.0
before,cuda:1,179,1,1.0,1.0,1.0,0.0
before,cuda:1,180,1,1.0,1.0,1.0,0.0
before,cuda:1,181,1,1.0,1.0,1.0,0.0
before,cuda:1,182,1,1.0,1.0,1.0,0.0
before,cuda:1,183,1,1.0,1.0,1.0,0.0
before,cuda:1,184,1,1.0,1.0,1.0,0.0
before,cuda:1,185,1,1.0,1.0,1.0,0.0
before,cuda:1,186,1,1.0,1.0,1.0,0.0
before,cuda:1,187,1,1.0,1.0,1.0,0.0
before,cuda:1,188,1,1.0,1.0,1.0,0.0
before,cuda:1,189,1,1.0,1.0,1.0,0.0
before,cuda:1,190,1,1.0,1.0,1.0,0.0
before,cuda:1,191,1,1.0,1.0,1.0,0.0
before,cuda:1,192,1,1.0,1.0,1.0,0.0
before,cuda:1,193,1,1.0,1.0,1.0,0.0
before,cuda:1,194,1,1.0,1.0,1.0,0.0
before,cuda:1,195,1,1.0,1.0,1.0,0.0
before,cuda:1,196,1,1.0,1.0,1.0,0.0
before,cuda:1,197,1,1.0,1.0,1.0,0.0
before,cuda:1,198,1,1.0,1.0,1.0,0.0
before,cuda:1,199,1,1.0,1.0,1.0,0.0
before,cuda:1,200,1,1.0,1.0,1.0,0.0
before,cuda:1,201,1,1.0,1.0,1.0,0.0
before,cuda:1,202,1,1.0,1.0,1.0,0.0
before,cuda:1,203,1,1.0,1.0,1.0,0.0
before,cuda:1,204,1,1.0,1.0,1.0,0.0
before,cuda:1,205,1,1.0,1.0,1.0,0.0
before,cuda:1,206,1,1.0,1.0,1.0,0.0
before,cuda:1,207,1,1.0,1.0,1.0,0.0
before,cuda:1,208,1,1.0,1.0,1.0,0.0
before,cuda:1,209,1,1.0,1.0,1.0,0.0
before,cuda:1,210,1,1.0,1.0,1.0,0.0
before,cuda:1,211,1,1.0,1.0,1.0,0.0
before,cuda:1,212,1,1.0,1.0,1.0,0.0
before,cuda:1,213,1,1.0,1.0,1.0,0.0
before,cuda:1,214,1,1.0,1.0,1.0,0.0
before,cuda:1,215,1,1.0,1.0,1.0,0.0
before,cuda:1,216,1,1.0,1.0,1.0,0.0
before,cuda:1,217,1,1.0,1.0,1.0,0.0
before,cuda:1,218,1,1.0,1.0,1.0,0.0
before,cuda:1,219,1,1.0,1.0,1.0,0.0
before,cuda:1,220,1,1.0,1.0,1.0,0.0
before,cuda:1,221,1,1.0,1.0,1.0,0.0
before,cuda:1,222,1,1.0,1.0,1.0,0.0
before,cuda:1,223,1,1.0,1.0,1.0,0.0
before,cuda:1,224,1,1.0,1.0,1.0,0.0
before,cuda:1,225,1,1.0,1.0,1.0,0.0
before,cuda:1,226,1,1.0,1.0,1.0,0.0
before,cuda:1,227,1,1.0,1.0,1.0,0.0
before,cuda:1,228,1,1.0,1.0,1.0,0.0
before,cuda:1,229,1,1.0,1.0,1.0,0.0
before,cuda:1,230,1,1.0,1.0,1.0,0.0
before,cuda:1,231,1,1.0,1.0,1.0,0.0
before,cuda:1,232,1,1.0,1.0,1.0,0.0
before,cuda:1,233,1,1.0,1.0,1.0,0.0
before,cuda:1,234,1,1.0,1.0,1.0,0.0
before,cuda:1,235,1,1.0,1.0,1.0,0.0
before,cuda:1,236,1,1.0,1.0,1.0,0.0
before,cuda:1,237,1,1.0,1.0,1.0,0.0
before,cuda:1,238,1,1.0,1.0,1.0,0.0
before,cuda:1,239,1,1.0,1.0,1.0,0.0
before,cuda:1,240,1,1.0,1.0,1.0,0.0
before,cuda:1,241,1,1.0,1.0,1.0,0.0
before,cuda:1,242,1,1.0,1.0,1.0,0.0
before,cuda:1,243,1,1.0,1.0,1.0,0.0
before,cuda:1,244,1,1.0,1.0,1.0,0.0
before,cuda:1,245,1,1.0,1.0,1.0,0.0
before,cuda:1,246,1,1.0,1.0,1.0,0.0
before,cuda:1,247,1,1.0,1.0,1.0,0.0
before,cuda:1,248,1,1.0,1.0,1.0,0.0
before,cuda:1,249,1,1.0,1.0,1.0,0.0
before,cuda:1,250,1,1.0,1.0,1.0,0.0
before,cuda:1,251,1,1.0,1.0,1.0,0.0
before,cuda:1,252,1,1.0,1.0,1.0,0.0
before,cuda:1,253,1,1.0,1.0,1.0,0.0
before,cuda:1,254,1,1.0,1.0,1.0,0.0
before,cuda:1,255,1,1.0,1.0,1.0,0.0
before,cuda:1,256,1,1.0,1.0,1.0,0.0
before,cuda:1,257,1,1.0,1.0,1.0,0.0
before,cuda:1,258,1,1.0,1.0,1.0,0.0
before,cuda:1,259,1,1.0,1.0,1.0,0.0
before,cuda:1,260,1,1.0,1.0,1.0,0.0
before,cuda:1,261,1,1.0,1.0,1.0,0.0
before,cuda:1,262,1,1.0,1.0,1.0,0.0
before,cuda:1,263,1,1.0,1.0,1.0,0.0
before,cuda:1,264,1,1.0,1.0,1.0,0.0
before,cuda:1,265,1,1.0,1.0,1.0,0.0
before,cuda:1,266,1,1.0,1.0,1.0,0.0
before,cuda:1,267,1,1.0,1.0,1.0,0.0
before,cuda:1,268,1,1.0,1.0,1.0,0.0
before,cuda:1,269,1,1.0,1.0,1.0,0.0
before,cuda:1,270,1,1.0,1.0,1.0,0.0
before,cuda:1,271,1,1.0,1.0,1.0,0.0
before,cuda:1,272,1,1.0,1.0,1.0,0.0
before,cuda:1,273,1,1.0,1.0,1.0,0.0
before,cuda:1,274,1,1.0,1.0,1.0,0.0
before,cuda:1,275,1,1.0,1.0,1.0,0.0
before,cuda:1,276,1,1.0,1.0,1.0,0.0
before,cuda:1,277,1,1.0,1.0,1.0,0.0
before,cuda:1,278,1,1.0,1.0,1.0,0.0
before,cuda:1,279,1,1.0,1.0,1.0,0.0
before,cuda:1,280,1,1.0,1.0,1.0,0.0
before,cuda:1,281,1,1.0,1.0,1.0,0.0
before,cuda:1,282,1,1.0,1.0,1.0,0.0
before,cuda:1,283,1,1.0,1.0,1.0,0.0
before,cuda:1,284,1,1.0,1.0,1.0,0.0
before,cuda:1,285,1,1.0,1.0,1.0,0.0
before,cuda:1,286,1,1.0,1.0,1.0,0.0
before,cuda:1,287,1,1.0,1.0,1.0,0.0
before,cuda:1,288,1,1.0,1.0,1.0,0.0
before,cuda:1,289,1,1.0,1.0,1.0,0.0
before,cuda:1,290,1,1.0,1.0,1.0,0.0
before,cuda:1,291,1,1.0,1.0,1.0,0.0
before,cuda:1,292,1,1.0,1.0,1.0,0.0
before,cuda:1,293,1,1.0,1.0,1.0,0.0
before,cuda:1,294,1,1.0,1.0,1.0,0.0
before,cuda:1,295,1,1.0,1.0,1.0,0.0
before,cuda:1,296,1,1.0,1.0,1.0,0.0
before,cuda:1,297,1,1.0,1.0,1.0,0.0
before,cuda:1,298,1,1.0,1.0,1.0,0.0
before,cuda:1,299,1,1.0,1.0,1.0,0.0
before,cuda:1,300,1,1.0,1.0,1.0,0.0
before,cuda:1,301,1,1.0,1.0,1.0,0.0
before,cuda:1,302,1,1.0,1.0,1.0,0.0
before,cuda:1,303,1,1.0,1.0,1.0,0.0
before,cuda:1,304,1,1.0,1.0,1.0,0.0
before,cuda:1,305,1,1.0,1.0,1.0,0.0
before,cuda:1,306,1,1.0,1.0,1.0,0.0
before,cuda:1,307,1,1.0,1.0,1.0,0.0
before,cuda:1,308,1,1.0,1.0,1.0,0.0
before,cuda:1,309,1,1.0,1.0,1.0,0.0
before,cuda:1,310,1,1.0,1.0,1.0,0.0
before,cuda:1,311,1,1.0,1.0,1.0,0.0
before,cuda:1,312,1,1.0,1.0,1.0,0.0
before,cuda:1,313,1,1.0,1.0,1.0,0.0
before,cuda:1,314,1,1.0,1.0,1.0,0.0
before,cuda:1,315,1,1.0,1.0,1.0,0.0
before,cuda:1,316,1,1.0,1.0,1.0,0.0
before,cuda:1,317,1,1.0,1.0,1.0,0.0
before,cuda:1,318,1,1.0,1.0,1.0,0.0
before,cuda:1,319,1,1.0,1.0,1.0,0.0
before,cuda:1,320,1,1.0,1.0,1.0,0.0
before,cuda:1,321,1,1.0,1.0,1.0,0.0
before,cuda:1,322,1,1.0,1.0,1.0,0.0
before,cuda:1,323,1,1.0,1.0,1.0,0.0
before,cuda:1,324,1,1.0,1.0,1.0,0.0
before,cuda:1,325,1,1.0,1.0,1.0,0.0
before,cuda:1,326,1,1.0,1.0,1.0,0.0
before,cuda:1,327,1,1.0,1.0,1.0,0.0
before,cuda:1,328,1,1.0,1.0,1.0,0.0
before,cuda:1,329,1,1.0,1.0,1.0,0.0
before,cuda:1,330,1,1.0,1.0,1.0,0.0
before,cuda:1,331,1,1.0,1.0,1.0,0.0
before,cuda:1,332,1,1.0,1.0,1.0,0.0
before,cuda:1,333,1,1.0,1.0,1.0,0.0
before,cuda:1,334,1,1.0,1.0,1.0,0.0
before,cuda:1,335,1,1.0,1.0,1.0,0.0
before,cuda:1,336,1,1.0,1.0,1.0,0.0
before,cuda:1,337,1,1.0,1.0,1.0,0.0
before,cuda:1,338,1,1.0,1.0,1.0,0.0
before,cuda:1,339,1,1.0,1.0,1.0,0.0
before,cuda:1,340,1,1.0,1.0,1.0,0.0
before,cuda:1,341,1,1.0,1.0,1.0,0.0
before,cuda:1,342,1,1.0,1.0,1.0,0.0
before,cuda:1,343,1,1.0,1.0,1.0,0.0
before,cuda:1,344,1,1.0,1.0,1.0,0.0
before,cuda:1,345,1,1.0,1.0,1.0,0.0
before,cuda:1,346,1,1.0,1.0,1.0,0.0
before,cuda:1,347,1,1.0,1.0,1.0,0.0
before,cuda:1,348,1,1.0,1.0,1.0,0.0
before,cuda:1,349,1,1.0,1.0,1.0,0.0
before,cuda:1,350,1,1.0,1.0,1.0,0.0
before,cuda:1,351,1,1.0,1.0,1.0,0.0
before,cuda:1,352,1,1.0,1.0,1.0,0.0
before,cuda:1,353,1,1.0,1.0,1.0,0.0
before,cuda:1,354,1,1.0,1.0,1.0,0.0
before,cuda:1,355,1,1.0,1.0,1.0,0.0
before,cuda:1,356,1,1.0,1.0,1.0,0.0
before,cuda:1,357,1,1.0,1.0,1.0,0.0
before,cuda:1,358,1,1.0,1.0,1.0,0.0
before,cuda:1,359,1,1.0,1.0,1.0,0.0
before,cuda:1,360,1,1.0,1.0,1.0,0.0
before,cuda:1,361,1,1.0,1.0,1.0,0.0
before,cuda:1,362,1,1.0,1.0,1.0,0.0
before,cuda:1,363,1,1.0,1.0,1.0,0.0
before,cuda:1,364,1,1.0,1.0,1.0,0.0
before,cuda:1,365,1,1.0,1.0,1.0,0.0
before,cuda:1,366,1,1.0,1.0,1.0,0.0
before,cuda:1,367,1,1.0,1.0,1.0,0.0
before,cuda:1,368,1,1.0,1.0,1.0,0.0
before,cuda:1,369,1,1.0,1.0,1.0,0.0
before,cuda:1,370,1,1.0,1.0,1.0,0.0
before,cuda:1,371,1,1.0,1.0,1.0,0.0
before,cuda:1,372,1,1.0,1.0,1.0,0.0
before,cuda:1,373,1,1.0,1.0,1.0,0.0
before,cuda:1,374,1,1.0,1.0,1.0,0.0
before,cuda:1,375,1,1.0,1.0,1.0,0.0
before,cuda:1,376,1,1.0,1.0,1.0,0.0
before,cuda:1,377,1,1.0,1.0,1.0,0.0
before,cuda:1,378,1,1.0,1.0,1.0,0.0
before,cuda:1,379,1,1.0,1.0,1.0,0.0
before,cuda:1,380,1,1.0,1.0,1.0,0.0
before,cuda:1,381,1,1.0,1.0,1.0,0.0
before,cuda:1,382,1,1.0,1.0,1.0,0.0
before,cuda:1,383,1,1.0,1.0,1.0,0.0
before,cuda:1,384,1,1.0,1.0,1.0,0.0
before,cuda:1,385,1,1.0,1.0,1.0,0.0
before,cuda:1,386,1,1.0,1.0,1.0,0.0
before,cuda:1,387,1,1.0,1.0,1.0,0.0
before,cuda:1,388,1,1.0,1.0,1.0,0.0
before,cuda:1,389,1,1.0,1.0,1.0,0.0
before,cuda:1,390,1,1.0,1.0,1.0,0.0
before,cuda:1,391,1,1.0,1.0,1.0,0.0
before,cuda:1,392,1,1.0,1.0,1.0,0.0
before,cuda:1,393,1,1.0,1.0,1.0,0.0
before,cuda:1,394,1,1.0,1.0,1.0,0.0
before,cuda:1,395,1,1.0,1.0,1.0,0.0
before,cuda:1,396,1,1.0,1.0,1.0,0.0
before,cuda:1,397,1,1.0,1.0,1.0,0.0
before,cuda:1,398,1,1.0,1.0,1.0,0.0
before,cuda:1,399,1,1.0,1.0,1.0,0.0
before,cuda:1,400,1,1.0,1.0,1.0,0.0
before,cuda:1,401,1,1.0,1.0,1.0,0.0
before,cuda:1,402,1,1.0,1.0,1.0,0.0
before,cuda:1,403,1,1.0,1.0,1.0,0.0
before,cuda:1,404,1,1.0,1.0,1.0,0.0
before,cuda:1,405,1,1.0,1.0,1.0,0.0
before,cuda:1,406,1,1.0,1.0,1.0,0.0
before,cuda:1,407,1,1.0,1.0,1.0,0.0
before,cuda:1,408,1,1.0,1.0,1.0,0.0
before,cuda:1,409,1,1.0,1.0,1.0,0.0
before,cuda:1,410,1,1.0,1.0,1.0,0.0
before,cuda:1,411,1,1.0,1.0,1.0,0.0
before,cuda:1,412,1,1.0,1.0,1.0,0.0
before,cuda:1,413,1,1.0,1.0,1.0,0.0
before,cuda:1,414,1,1.0,1.0,1.0,0.0
before,cuda:1,415,1,1.0,1.0,1.0,0.0
before,cuda:1,416,1,1.0,1.0,1.0,0.0
before,cuda:1,417,1,1.0,1.0,1.0,0.0
before,cuda:1,418,1,1.0,1.0,1.0,0.0
before,cuda:1,419,1,1.0,1.0,1.0,0.0
before,cuda:1,420,1,1.0,1.0,1.0,0.0
before,cuda:1,421,1,1.0,1.0,1.0,0.0
before,cuda:1,422,1,1.0,1.0,1.0,0.0
before,cuda:1,423,1,1.0,1.0,1.0,0.0
before,cuda:1,424,1,1.0,1.0,1.0,0.0
before,cuda:1,425,1,1.0,1.0,1.0,0.0
before,cuda:1,426,1,1.0,1.0,1.0,0.0
before,cuda:1,427,1,1.0,1.0,1.0,0.0
before,cuda:1,428,1,1.0,1.0,1.0,0.0
before,cuda:1,429,1,1.0,1.0,1.0,0.0
before,cuda:1,430,1,1.0,1.0,1.0,0.0
before,cuda:1,431,1,1.0,1.0,1.0,0.0
before,cuda:1,432,1,1.0,1.0,1.0,0.0
before,cuda:1,433,1,1.0,1.0,1.0,0.0
before,cuda:1,434,1,1.0,1.0,1.0,0.0
before,cuda:1,435,1,1.0,1.0,1.0,0.0
before,cuda:1,436,1,1.0,1.0,1.0,0.0
before,cuda:1,437,1,1.0,1.0,1.0,0.0
before,cuda:1,438,1,1.0,1.0,1.0,0.0
before,cuda:1,439,1,1.0,1.0,1.0,0.0
before,cuda:1,440,1,1.0,1.0,1.0,0.0
before,cuda:1,441,1,1.0,1.0,1.0,0.0
before,cuda:1,442,1,1.0,1.0,1.0,0.0
before,cuda:1,443,1,1.0,1.0,1.0,0.0
before,cuda:1,444,1,1.0,1.0,1.0,0.0
before,cuda:1,445,1,1.0,1.0,1.0,0.0
before,cuda:1,446,1,1.0,1.0,1.0,0.0
before,cuda:1,447,1,1.0,1.0,1.0,0.0
before,cuda:1,448,1,1.0,1.0,1.0,0.0
before,cuda:1,449,1,1.0,1.0,1.0,0.0
before,cuda:1,450,1,1.0,1.0,1.0,0.0
before,cuda:1,451,1,1.0,1.0,1.0,0.0
before,cuda:1,452,1,1.0,1.0,1.0,0.0
before,cuda:1,453,1,1.0,1.0,1.0,0.0
before,cuda:1,454,1,1.0,1.0,1.0,0.0
before,cuda:1,455,1,1.0,1.0,1.0,0.0
before,cuda:1,456,1,1.0,1.0,1.0,0.0
before,cuda:1,457,1,1.0,1.0,1.0,0.0
before,cuda:1,458,1,1.0,1.0,1.0,0.0
before,cuda:1,459,1,1.0,1.0,1.0,0.0
before,cuda:1,460,1,1.0,1.0,1.0,0.0
before,cuda:1,461,1,1.0,1.0,1.0,0.0
before,cuda:1,462,1,1.0,1.0,1.0,0.0
before,cuda:1,463,1,1.0,1.0,1.0,0.0
before,cuda:1,464,1,1.0,1.0,1.0,0.0
before,cuda:1,465,1,1.0,1.0,1.0,0.0
before,cuda:1,466,1,1.0,1.0,1.0,0.0
before,cuda:1,467,1,1.0,1.0,1.0,0.0
before,cuda:1,468,1,1.0,1.0,1.0,0.0
before,cuda:1,469,1,1.0,1.0,1.0,0.0
before,cuda:1,470,1,1.0,1.0,1.0,0.0
before,cuda:1,471,1,1.0,1.0,1.0,0.0
before,cuda:1,472,1,1.0,1.0,1.0,0.0
before,cuda:1,473,1,1.0,1.0,1.0,0.0
before,cuda:1,474,1,1.0,1.0,1.0,0.0
before,cuda:1,475,1,1.0,1.0,1.0,0.0
before,cuda:1,476,1,1.0,1.0,1.0,0.0
before,cuda:1,477,1,1.0,1.0,1.0,0.0
before,cuda:1,478,1,1.0,1.0,1.0,0.0
before,cuda:1,479,1,1.0,1.0,1.0,0.0
before,cuda:1,480,1,1.0,1.0,1.0,0.0
before,cuda:1,481,1,1.0,1.0,1.0,0.0
before,cuda:1,482,1,1.0,1.0,1.0,0.0
before,cuda:1,483,1,1.0,1.0,1.0,0.0
before,cuda:1,484,1,1.0,1.0,1.0,0.0
before,cuda:1,485,1,1.0,1.0,1.0,0.0
before,cuda:1,486,1,1.0,1.0,1.0,0.0
before,cuda:1,487,1,1.0,1.0,1.0,0.0
before,cuda:1,488,1,1.0,1.0,1.0,0.0
before,cuda:1,489,1,1.0,1.0,1.0,0.0
before,cuda:1,490,1,1.0,1.0,1.0,0.0
before,cuda:1,491,1,1.0,1.0,1.0,0.0
before,cuda:1,492,1,1.0,1.0,1.0,0.0
before,cuda:1,493,1,1.0,1.0,1.0,0.0
before,cuda:1,494,1,1.0,1.0,1.0,0.0
before,cuda:1,495,1,1.0,1.0,1.0,0.0
before,cuda:1,496,1,1.0,1.0,1.0,0.0
before,cuda:1,497,1,1.0,1.0,1.0,0.0
before,cuda:1,498,1,1.0,1.0,1.0,0.0
before,cuda:1,499,1,1.0,1.0,1.0,0.0
before,cuda:1,500,1,1.0,1.0,1.0,0.0
before,cuda:1,501,1,1.0,1.0,1.0,0.0
before,cuda:1,502,1,1.0,1.0,1.0,0.0
before,cuda:1,503,1,1.0,1.0,1.0,0.0
before,cuda:1,504,1,1.0,1.0,1.0,0.0
before,cuda:1,505,1,1.0,1.0,1.0,0.0
before,cuda:1,506,1,1.0,1.0,1.0,0.0
before,cuda:1,507,1,1.0,1.0,1.0,0.0
before,cuda:1,508,1,1.0,1.0,1.0,0.0
before,cuda:1,509,1,1.0,1.0,1.0,0.0
before,cuda:1,510,1,1.0,1.0,1.0,0.0
before,cuda:1,511,1,1.0,1.0,1.0,0.0
before,cuda:1,512,1,1.0,1.0,1.0,0.0
before,cuda:1,513,1,1.0,1.0,1.0,0.0
before,cuda:1,514,1,1.0,1.0,1.0,0.0
before,cuda:1,515,1,1.0,1.0,1.0,0.0
before,cuda:1,516,1,1.0,1.0,1.0,0.0
before,cuda:1,517,1,1.0,1.0,1.0,0.0
before,cuda:1,518,1,1.0,1.0,1.0,0.0
before,cuda:1,519,1,1.0,1.0,1.0,0.0
before,cuda:1,520,1,1.0,1.0,1.0,0.0
before,cuda:1,521,1,1.0,1.0,1.0,0.0
before,cuda:1,522,1,1.0,1.0,1.0,0.0
before,cuda:1,523,1,1.0,1.0,1.0,0.0
before,cuda:1,524,1,1.0,1.0,1.0,0.0
before,cuda:1,525,1,1.0,1.0,1.0,0.0
before,cuda:1,526,1,1.0,1.0,1.0,0.0
before,cuda:1,527,1,1.0,1.0,1.0,0.0
before,cuda:1,528,1,1.0,1.0,1.0,0.0
before,cuda:1,529,1,1.0,1.0,1.0,0.0
before,cuda:1,530,1,1.0,1.0,1.0,0.0
before,cuda:1,531,1,1.0,1.0,1.0,0.0
before,cuda:1,532,1,1.0,1.0,1.0,0.0
before,cuda:1,533,1,1.0,1.0,1.0,0.0
before,cuda:1,534,1,1.0,1.0,1.0,0.0
before,cuda:1,535,1,1.0,1.0,1.0,0.0
before,cuda:1,536,1,1.0,1.0,1.0,0.0
before,cuda:1,537,1,1.0,1.0,1.0,0.0
before,cuda:1,538,1,1.0,1.0,1.0,0.0
before,cuda:1,539,1,1.0,1.0,1.0,0.0
before,cuda:1,540,1,1.0,1.0,1.0,0.0
before,cuda:1,541,1,1.0,1.0,1.0,0.0
before,cuda:1,542,1,1.0,1.0,1.0,0.0
before,cuda:1,543,1,1.0,1.0,1.0,0.0
before,cuda:1,544,1,1.0,1.0,1.0,0.0
before,cuda:1,545,1,1.0,1.0,1.0,0.0
before,cuda:1,546,1,1.0,1.0,1.0,0.0
before,cuda:1,547,1,1.0,1.0,1.0,0.0
before,cuda:1,548,1,1.0,1.0,1.0,0.0
before,cuda:1,549,1,1.0,1.0,1.0,0.0
before,cuda:1,550,1,1.0,1.0,1.0,0.0
before,cuda:1,551,1,1.0,1.0,1.0,0.0
before,cuda:1,552,1,1.0,1.0,1.0,0.0
before,cuda:1,553,1,1.0,1.0,1.0,0.0
before,cuda:1,554,1,1.0,1.0,1.0,0.0
before,cuda:1,555,1,1.0,1.0,1.0,0.0
before,cuda:1,556,1,1.0,1.0,1.0,0.0
before,cuda:1,557,1,1.0,1.0,1.0,0.0
before,cuda:1,558,1,1.0,1.0,1.0,0.0
before,cuda:1,559,1,1.0,1.0,1.0,0.0
before,cuda:1,560,1,1.0,1.0,1.0,0.0
before,cuda:1,561,1,1.0,1.0,1.0,0.0
before,cuda:1,562,1,1.0,1.0,1.0,0.0
before,cuda:1,563,1,1.0,1.0,1.0,0.0
before,cuda:1,564,1,1.0,1.0,1.0,0.0
before,cuda:1,565,1,1.0,1.0,1.0,0.0
before,cuda:1,566,1,1.0,1.0,1.0,0.0
before,cuda:1,567,1,1.0,1.0,1.0,0.0
before,cuda:1,568,1,1.0,1.0,1.0,0.0
before,cuda:1,569,1,1.0,1.0,1.0,0.0
before,cuda:1,570,1,1.0,1.0,1.0,0.0
before,cuda:1,571,1,1.0,1.0,1.0,0.0
before,cuda:1,572,1,1.0,1.0,1.0,0.0
before,cuda:1,573,1,1.0,1.0,1.0,0.0
before,cuda:1,574,1,1.0,1.0,1.0,0.0
before,cuda:1,575,1,1.0,1.0,1.0,0.0
before,cuda:1,576,1,1.0,1.0,1.0,0.0
before,cuda:1,577,1,1.0,1.0,1.0,0.0
before,cuda:1,578,1,1.0,1.0,1.0,0.0
before,cuda:1,579,1,1.0,1.0,1.0,0.0
before,cuda:1,580,1,1.0,1.0,1.0,0.0
before,cuda:1,581,1,1.0,1.0,1.0,0.0
before,cuda:1,582,1,1.0,1.0,1.0,0.0
before,cuda:1,583,1,1.0,1.0,1.0,0.0
before,cuda:1,584,1,1.0,1.0,1.0,0.0
before,cuda:1,585,1,1.0,1.0,1.0,0.0
before,cuda:1,586,1,1.0,1.0,1.0,0.0
before,cuda:1,587,1,1.0,1.0,1.0,0.0
before,cuda:1,588,1,1.0,1.0,1.0,0.0
before,cuda:1,589,1,1.0,1.0,1.0,0.0
before,cuda:1,590,1,1.0,1.0,1.0,0.0
before,cuda:1,591,1,1.0,1.0,1.0,0.0
before,cuda:1,592,1,1.0,1.0,1.0,0.0
before,cuda:1,593,1,1.0,1.0,1.0,0.0
before,cuda:1,594,1,1.0,1.0,1.0,0.0
before,cuda:1,595,1,1.0,1.0,1.0,0.0
before,cuda:1,596,1,1.0,1.0,1.0,0.0
before,cuda:1,597,1,1.0,1.0,1.0,0.0
before,cuda:1,598,1,1.0,1.0,1.0,0.0
before,cuda:1,599,1,1.0,1.0,1.0,0.0
before,cuda:1,600,1,1.0,1.0,1.0,0.0
before,cuda:1,601,1,1.0,1.0,1.0,0.0
before,cuda:1,602,1,1.0,1.0,1.0,0.0
before,cuda:1,603,1,1.0,1.0,1.0,0.0
before,cuda:1,604,1,1.0,1.0,1.0,0.0
before,cuda:1,605,1,1.0,1.0,1.0,0.0
before,cuda:1,606,1,1.0,1.0,1.0,0.0
before,cuda:1,607,1,1.0,1.0,1.0,0.0
before,cuda:1,608,1,1.0,1.0,1.0,0.0
before,cuda:1,609,1,1.0,1.0,1.0,0.0
before,cuda:1,610,1,1.0,1.0,1.0,0.0
before,cuda:1,611,1,1.0,1.0,1.0,0.0
before,cuda:1,612,1,1.0,1.0,1.0,0.0
before,cuda:1,613,1,1.0,1.0,1.0,0.0
before,cuda:1,614,1,1.0,1.0,1.0,0.0
before,cuda:1,615,1,1.0,1.0,1.0,0.0
before,cuda:1,616,1,1.0,1.0,1.0,0.0
before,cuda:1,617,1,1.0,1.0,1.0,0.0
before,cuda:1,618,1,1.0,1.0,1.0,0.0
before,cuda:1,619,1,1.0,1.0,1.0,0.0
before,cuda:1,620,1,1.0,1.0,1.0,0.0
before,cuda:1,621,1,1.0,1.0,1.0,0.0
before,cuda:1,622,1,1.0,1.0,1.0,0.0
before,cuda:1,623,1,1.0,1.0,1.0,0.0
before,cuda:1,624,1,1.0,1.0,1.0,0.0
before,cuda:1,625,1,1.0,1.0,1.0,0.0
before,cuda:1,626,1,1.0,1.0,1.0,0.0
before,cuda:1,627,1,1.0,1.0,1.0,0.0
before,cuda:1,628,1,1.0,1.0,1.0,0.0
before,cuda:1,629,1,1.0,1.0,1.0,0.0
before,cuda:1,630,1,1.0,1.0,1.0,0.0
before,cuda:1,631,1,1.0,1.0,1.0,0.0
before,cuda:1,632,1,1.0,1.0,1.0,0.0
before,cuda:1,633,1,1.0,1.0,1.0,0.0
before,cuda:1,634,1,1.0,1.0,1.0,0.0
before,cuda:1,635,1,1.0,1.0,1.0,0.0
before,cuda:1,636,1,1.0,1.0,1.0,0.0
before,cuda:1,637,1,1.0,1.0,1.0,0.0
before,cuda:1,638,1,1.0,1.0,1.0,0.0
before,cuda:1,639,1,1.0,1.0,1.0,0.0
before,cuda:1,640,1,1.0,1.0,1.0,0.0
before,cuda:1,641,1,1.0,1.0,1.0,0.0
before,cuda:1,642,1,1.0,1.0,1.0,0.0
before,cuda:1,643,1,1.0,1.0,1.0,0.0
before,cuda:1,644,1,1.0,1.0,1.0,0.0
before,cuda:1,645,1,1.0,1.0,1.0,0.0
before,cuda:1,646,1,1.0,1.0,1.0,0.0
before,cuda:1,647,1,1.0,1.0,1.0,0.0
before,cuda:1,648,1,1.0,1.0,1.0,0.0
before,cuda:1,649,1,1.0,1.0,1.0,0.0
before,cuda:1,650,1,1.0,1.0,1.0,0.0
before,cuda:1,651,1,1.0,1.0,1.0,0.0
before,cuda:1,652,1,1.0,1.0,1.0,0.0
before,cuda:1,653,1,1.0,1.0,1.0,0.0
before,cuda:1,654,1,1.0,1.0,1.0,0.0
before,cuda:1,655,1,1.0,1.0,1.0,0.0
before,cuda:1,656,1,1.0,1.0,1.0,0.0
before,cuda:1,657,1,1.0,1.0,1.0,0.0
before,cuda:1,658,1,1.0,1.0,1.0,0.0
before,cuda:1,659,1,1.0,1.0,1.0,0.0
before,cuda:1,660,1,1.0,1.0,1.0,0.0
before,cuda:1,661,1,1.0,1.0,1.0,0.0
before,cuda:1,662,1,1.0,1.0,1.0,0.0
before,cuda:1,663,1,1.0,1.0,1.0,0.0
before,cuda:1,664,1,1.0,1.0,1.0,0.0
before,cuda:1,665,1,1.0,1.0,1.0,0.0
before,cuda:1,666,1,1.0,1.0,1.0,0.0
before,cuda:1,667,1,1.0,1.0,1.0,0.0
before,cuda:1,668,1,1.0,1.0,1.0,0.0
before,cuda:1,669,1,1.0,1.0,1.0,0.0
before,cuda:1,670,1,1.0,1.0,1.0,0.0
before,cuda:1,671,1,1.0,1.0,1.0,0.0
before,cuda:1,672,1,1.0,1.0,1.0,0.0
before,cuda:1,673,1,1.0,1.0,1.0,0.0
before,cuda:1,674,1,1.0,1.0,1.0,0.0
before,cuda:1,675,1,1.0,1.0,1.0,0.0
before,cuda:1,676,1,1.0,1.0,1.0,0.0
before,cuda:1,677,1,1.0,1.0,1.0,0.0
before,cuda:1,678,1,1.0,1.0,1.0,0.0
before,cuda:1,679,1,1.0,1.0,1.0,0.0
before,cuda:1,680,1,1.0,1.0,1.0,0.0
before,cuda:1,681,1,1.0,1.0,1.0,0.0
before,cuda:1,682,1,1.0,1.0,1.0,0.0
before,cuda:1,683,1,1.0,1.0,1.0,0.0
before,cuda:1,684,1,1.0,1.0,1.0,0.0
before,cuda:1,685,1,1.0,1.0,1.0,0.0
before,cuda:1,686,1,1.0,1.0,1.0,0.0
before,cuda:1,687,1,1.0,1.0,1.0,0.0
before,cuda:1,688,1,1.0,1.0,1.0,0.0
before,cuda:1,689,1,1.0,1.0,1.0,0.0
before,cuda:1,690,1,1.0,1.0,1.0,0.0
before,cuda:1,691,1,1.0,1.0,1.0,0.0
before,cuda:1,692,1,1.0,1.0,1.0,0.0
before,cuda:1,693,1,1.0,1.0,1.0,0.0
before,cuda:1,694,1,1.0,1.0,1.0,0.0
before,cuda:1,695,1,1.0,1.0,1.0,0.0
before,cuda:1,696,1,1.0,1.0,1.0,0.0
before,cuda:1,697,1,1.0,1.0,1.0,0.0
before,cuda:1,698,1,1.0,1.0,1.0,0.0
before,cuda:1,699,1,1.0,1.0,1.0,0.0
before,cuda:1,700,1,1.0,1.0,1.0,0.0
before,cuda:1,701,1,1.0,1.0,1.0,0.0
before,cuda:1,702,1,1.0,1.0,1.0,0.0
before,cuda:1,703,1,1.0,1.0,1.0,0.0
before,cuda:1,704,1,1.0,1.0,1.0,0.0
before,cuda:1,705,1,1.0,1.0,1.0,0.0
before,cuda:1,706,1,1.0,1.0,1.0,0.0
before,cuda:1,707,1,1.0,1.0,1.0,0.0
before,cuda:1,708,1,1.0,1.0,1.0,0.0
before,cuda:1,709,1,1.0,1.0,1.0,0.0
before,cuda:1,710,1,1.0,1.0,1.0,0.0
before,cuda:1,711,1,1.0,1.0,1.0,0.0
before,cuda:1,712,1,1.0,1.0,1.0,0.0
before,cuda:1,713,1,1.0,1.0,1.0,0.0
before,cuda:1,714,1,1.0,1.0,1.0,0.0
before,cuda:1,715,1,1.0,1.0,1.0,0.0
before,cuda:1,716,1,1.0,1.0,1.0,0.0
before,cuda:1,717,1,1.0,1.0,1.0,0.0
before,cuda:1,718,1,1.0,1.0,1.0,0.0
before,cuda:1,719,1,1.0,1.0,1.0,0.0
before,cuda:1,720,1,1.0,1.0,1.0,0.0
before,cuda:1,721,1,1.0,1.0,1.0,0.0
before,cuda:1,722,1,1.0,1.0,1.0,0.0
before,cuda:1,723,1,1.0,1.0,1.0,0.0
before,cuda:1,724,1,1.0,1.0,1.0,0.0
before,cuda:1,725,1,1.0,1.0,1.0,0.0
before,cuda:1,726,1,1.0,1.0,1.0,0.0
before,cuda:1,727,1,1.0,1.0,1.0,0.0
before,cuda:1,728,1,1.0,1.0,1.0,0.0
before,cuda:1,729,1,1.0,1.0,1.0,0.0
before,cuda:1,730,1,1.0,1.0,1.0,0.0
before,cuda:1,731,1,1.0,1.0,1.0,0.0
before,cuda:1,732,1,1.0,1.0,1.0,0.0
before,cuda:1,733,1,1.0,1.0,1.0,0.0
before,cuda:1,734,1,1.0,1.0,1.0,0.0
before,cuda:1,735,1,1.0,1.0,1.0,0.0
before,cuda:1,736,1,1.0,1.0,1.0,0.0
before,cuda:1,737,1,1.0,1.0,1.0,0.0
before,cuda:1,738,1,1.0,1.0,1.0,0.0
before,cuda:1,739,1,1.0,1.0,1.0,0.0
before,cuda:1,740,1,1.0,1.0,1.0,0.0
before,cuda:1,741,1,1.0,1.0,1.0,0.0
before,cuda:1,742,1,1.0,1.0,1.0,0.0
before,cuda:1,743,1,1.0,1.0,1.0,0.0
before,cuda:1,744,1,1.0,1.0,1.0,0.0
before,cuda:1,745,1,1.0,1.0,1.0,0.0
before,cuda:1,746,1,1.0,1.0,1.0,0.0
before,cuda:1,747,1,1.0,1.0,1.0,0.0
before,cuda:1,748,1,1.0,1.0,1.0,0.0
before,cuda:1,749,1,1.0,1.0,1.0,0.0
before,cuda:1,750,1,1.0,1.0,1.0,0.0
before,cuda:1,751,1,1.0,1.0,1.0,0.0
before,cuda:1,752,1,1.0,1.0,1.0,0.0
before,cuda:1,753,1,1.0,1.0,1.0,0.0
before,cuda:1,754,1,1.0,1.0,1.0,0.0
before,cuda:1,755,1,1.0,1.0,1.0,0.0
before,cuda:1,756,1,1.0,1.0,1.0,0.0
before,cuda:1,757,1,1.0,1.0,1.0,0.0
before,cuda:1,758,1,1.0,1.0,1.0,0.0
before,cuda:1,759,1,1.0,1.0,1.0,0.0
before,cuda:1,760,1,1.0,1.0,1.0,0.0
before,cuda:1,761,1,1.0,1.0,1.0,0.0
before,cuda:1,762,1,1.0,1.0,1.0,0.0
before,cuda:1,763,1,1.0,1.0,1.0,0.0
before,cuda:1,764,1,1.0,1.0,1.0,0.0
before,cuda:1,765,1,1.0,1.0,1.0,0.0
before,cuda:1,766,1,1.0,1.0,1.0,0.0
before,cuda:1,767,1,1.0,1.0,1.0,0.0
before,cuda:1,768,1,1.0,1.0,1.0,0.0
before,cuda:1,769,1,1.0,1.0,1.0,0.0
before,cuda:1,770,1,1.0,1.0,1.0,0.0
before,cuda:1,771,1,1.0,1.0,1.0,0.0
before,cuda:1,772,1,1.0,1.0,1.0,0.0
before,cuda:1,773,1,1.0,1.0,1.0,0.0
before,cuda:1,774,1,1.0,1.0,1.0,0.0
before,cuda:1,775,1,1.0,1.0,1.0,0.0
before,cuda:1,776,1,1.0,1.0,1.0,0.0
before,cuda:1,777,1,1.0,1.0,1.0,0.0
before,cuda:1,778,1,1.0,1.0,1.0,0.0
before,cuda:1,779,1,1.0,1.0,1.0,0.0
before,cuda:1,780,1,1.0,1.0,1.0,0.0
before,cuda:1,781,1,1.0,1.0,1.0,0.0
before,cuda:1,782,1,1.0,1.0,1.0,0.0
before,cuda:1,783,1,1.0,1.0,1.0,0.0
before,cuda:1,784,1,1.0,1.0,1.0,0.0
before,cuda:1,785,1,1.0,1.0,1.0,0.0
before,cuda:1,786,1,1.0,1.0,1.0,0.0
before,cuda:1,787,1,1.0,1.0,1.0,0.0
before,cuda:1,788,1,1.0,1.0,1.0,0.0
before,cuda:1,789,1,1.0,1.0,1.0,0.0
before,cuda:1,790,1,1.0,1.0,1.0,0.0
before,cuda:1,791,1,1.0,1.0,1.0,0.0
before,cuda:1,792,1,1.0,1.0,1.0,0.0
before,cuda:1,793,1,1.0,1.0,1.0,0.0
before,cuda:1,794,1,1.0,1.0,1.0,0.0
before,cuda:1,795,1,1.0,1.0,1.0,0.0
before,cuda:1,796,1,1.0,1.0,1.0,0.0
before,cuda:1,797,1,1.0,1.0,1.0,0.0
before,cuda:1,798,1,1.0,1.0,1.0,0.0
before,cuda:1,799,1,1.0,1.0,1.0,0.0
before,cuda:1,800,1,1.0,1.0,1.0,0.0
before,cuda:1,801,1,1.0,1.0,1.0,0.0
before,cuda:1,802,1,1.0,1.0,1.0,0.0
before,cuda:1,803,1,1.0,1.0,1.0,0.0
before,cuda:1,804,1,1.0,1.0,1.0,0.0
before,cuda:1,805,1,1.0,1.0,1.0,0.0
before,cuda:1,806,1,1.0,1.0,1.0,0.0
before,cuda:1,807,1,1.0,1.0,1.0,0.0
before,cuda:1,808,1,1.0,1.0,1.0,0.0
before,cuda:1,809,1,1.0,1.0,1.0,0.0
before,cuda:1,810,1,1.0,1.0,1.0,0.0
before,cuda:1,811,1,1.0,1.0,1.0,0.0
before,cuda:1,812,1,1.0,1.0,1.0,0.0
before,cuda:1,813,1,1.0,1.0,1.0,0.0
before,cuda:1,814,1,1.0,1.0,1.0,0.0
before,cuda:1,815,1,1.0,1.0,1.0,0.0
before,cuda:1,816,1,1.0,1.0,1.0,0.0
before,cuda:1,817,1,1.0,1.0,1.0,0.0
before,cuda:1,818,1,1.0,1.0,1.0,0.0
before,cuda:1,819,1,1.0,1.0,1.0,0.0
before,cuda:1,820,1,1.0,1.0,1.0,0.0
before,cuda:1,821,1,1.0,1.0,1.0,0.0
before,cuda:1,822,1,1.0,1.0,1.0,0.0
before,cuda:1,823,1,1.0,1.0,1.0,0.0
before,cuda:1,824,1,1.0,1.0,1.0,0.0
before,cuda:1,825,1,1.0,1.0,1.0,0.0
before,cuda:1,826,1,1.0,1.0,1.0,0.0
before,cuda:1,827,1,1.0,1.0,1.0,0.0
before,cuda:1,828,1,1.0,1.0,1.0,0.0
before,cuda:1,829,1,1.0,1.0,1.0,0.0
before,cuda:1,830,1,1.0,1.0,1.0,0.0
before,cuda:1,831,1,1.0,1.0,1.0,0.0
before,cuda:1,832,1,1.0,1.0,1.0,0.0
before,cuda:1,833,1,1.0,1.0,1.0,0.0
before,cuda:1,834,1,1.0,1.0,1.0,0.0
before,cuda:1,835,1,1.0,1.0,1.0,0.0
before,cuda:1,836,1,1.0,1.0,1.0,0.0
before,cuda:1,837,1,1.0,1.0,1.0,0.0
before,cuda:1,838,1,1.0,1.0,1.0,0.0
before,cuda:1,839,1,1.0,1.0,1.0,0.0
before,cuda:1,840,1,1.0,1.0,1.0,0.0
before,cuda:1,841,1,1.0,1.0,1.0,0.0
before,cuda:1,842,1,1.0,1.0,1.0,0.0
before,cuda:1,843,1,1.0,1.0,1.0,0.0
before,cuda:1,844,1,1.0,1.0,1.0,0.0
before,cuda:1,845,1,1.0,1.0,1.0,0.0
before,cuda:1,846,1,1.0,1.0,1.0,0.0
before,cuda:1,847,1,1.0,1.0,1.0,0.0
before,cuda:1,848,1,1.0,1.0,1.0,0.0
before,cuda:1,849,1,1.0,1.0,1.0,0.0
before,cuda:1,850,1,1.0,1.0,1.0,0.0
before,cuda:1,851,1,1.0,1.0,1.0,0.0
before,cuda:1,852,1,1.0,1.0,1.0,0.0
before,cuda:1,853,1,1.0,1.0,1.0,0.0
before,cuda:1,854,1,1.0,1.0,1.0,0.0
before,cuda:1,855,1,1.0,1.0,1.0,0.0
before,cuda:1,856,1,1.0,1.0,1.0,0.0
before,cuda:1,857,1,1.0,1.0,1.0,0.0
before,cuda:1,858,1,1.0,1.0,1.0,0.0
before,cuda:1,859,1,1.0,1.0,1.0,0.0
before,cuda:1,860,1,1.0,1.0,1.0,0.0
before,cuda:1,861,1,1.0,1.0,1.0,0.0
before,cuda:1,862,1,1.0,1.0,1.0,0.0
before,cuda:1,863,1,1.0,1.0,1.0,0.0
before,cuda:1,864,1,1.0,1.0,1.0,0.0
before,cuda:1,865,1,1.0,1.0,1.0,0.0
before,cuda:1,866,1,1.0,1.0,1.0,0.0
before,cuda:1,867,1,1.0,1.0,1.0,0.0
before,cuda:1,868,1,1.0,1.0,1.0,0.0
before,cuda:1,869,1,1.0,1.0,1.0,0.0
before,cuda:1,870,1,1.0,1.0,1.0,0.0
before,cuda:1,871,1,1.0,1.0,1.0,0.0
before,cuda:1,872,1,1.0,1.0,1.0,0.0
before,cuda:1,873,1,1.0,1.0,1.0,0.0
before,cuda:1,874,1,1.0,1.0,1.0,0.0
before,cuda:1,875,1,1.0,1.0,1.0,0.0
before,cuda:1,876,1,1.0,1.0,1.0,0.0
before,cuda:1,877,1,1.0,1.0,1.0,0.0
before,cuda:1,878,1,1.0,1.0,1.0,0.0
before,cuda:1,879,1,1.0,1.0,1.0,0.0
before,cuda:1,880,1,1.0,1.0,1.0,0.0
before,cuda:1,881,1,1.0,1.0,1.0,0.0
before,cuda:1,882,1,1.0,1.0,1.0,0.0
before,cuda:1,883,1,1.0,1.0,1.0,0.0
before,cuda:1,884,1,1.0,1.0,1.0,0.0
before,cuda:1,885,1,1.0,1.0,1.0,0.0
before,cuda:1,886,1,1.0,1.0,1.0,0.0
before,cuda:1,887,1,1.0,1.0,1.0,0.0
before,cuda:1,888,1,1.0,1.0,1.0,0.0
before,cuda:1,889,1,1.0,1.0,1.0,0.0
before,cuda:1,890,1,1.0,1.0,1.0,0.0
before,cuda:1,891,1,1.0,1.0,1.0,0.0
before,cuda:1,892,1,1.0,1.0,1.0,0.0
before,cuda:1,893,1,1.0,1.0,1.0,0.0
before,cuda:1,894,1,1.0,1.0,1.0,0.0
before,cuda:1,895,1,1.0,1.0,1.0,0.0
before,cuda:1,896,1,1.0,1.0,1.0,0.0
before,cuda:1,897,1,1.0,1.0,1.0,0.0
before,cuda:1,898,1,1.0,1.0,1.0,0.0
before,cuda:1,899,1,1.0,1.0,1.0,0.0
before,cuda:1,900,1,1.0,1.0,1.0,0.0
before,cuda:1,901,1,1.0,1.0,1.0,0.0
before,cuda:1,902,1,1.0,1.0,1.0,0.0
before,cuda:1,903,1,1.0,1.0,1.0,0.0
before,cuda:1,904,1,1.0,1.0,1.0,0.0
before,cuda:1,905,1,1.0,1.0,1.0,0.0
before,cuda:1,906,1,1.0,1.0,1.0,0.0
before,cuda:1,907,1,1.0,1.0,1.0,0.0
before,cuda:1,908,1,1.0,1.0,1.0,0.0
before,cuda:1,909,1,1.0,1.0,1.0,0.0
before,cuda:1,910,1,1.0,1.0,1.0,0.0
before,cuda:1,911,1,1.0,1.0,1.0,0.0
before,cuda:1,912,1,1.0,1.0,1.0,0.0
before,cuda:1,913,1,1.0,1.0,1.0,0.0
before,cuda:1,914,1,1.0,1.0,1.0,0.0
before,cuda:1,915,1,1.0,1.0,1.0,0.0
before,cuda:1,916,1,1.0,1.0,1.0,0.0
before,cuda:1,917,1,1.0,1.0,1.0,0.0
before,cuda:1,918,1,1.0,1.0,1.0,0.0
before,cuda:1,919,1,1.0,1.0,1.0,0.0
before,cuda:1,920,1,1.0,1.0,1.0,0.0
before,cuda:1,921,1,1.0,1.0,1.0,0.0
before,cuda:1,922,1,1.0,1.0,1.0,0.0
before,cuda:1,923,1,1.0,1.0,1.0,0.0
before,cuda:1,924,1,1.0,1.0,1.0,0.0
before,cuda:1,925,1,1.0,1.0,1.0,0.0
before,cuda:1,926,1,1.0,1.0,1.0,0.0
before,cuda:1,927,1,1.0,1.0,1.0,0.0
before,cuda:1,928,1,1.0,1.0,1.0,0.0
before,cuda:1,929,1,1.0,1.0,1.0,0.0
before,cuda:1,930,1,1.0,1.0,1.0,0.0
before,cuda:1,931,1,1.0,1.0,1.0,0.0
before,cuda:1,932,1,1.0,1.0,1.0,0.0
before,cuda:1,933,1,1.0,1.0,1.0,0.0
before,cuda:1,934,1,1.0,1.0,1.0,0.0
before,cuda:1,935,1,1.0,1.0,1.0,0.0
before,cuda:1,936,1,1.0,1.0,1.0,0.0
before,cuda:1,937,1,1.0,1.0,1.0,0.0
before,cuda:1,938,1,1.0,1.0,1.0,0.0
before,cuda:1,939,1,1.0,1.0,1.0,0.0
before,cuda:1,940,1,1.0,1.0,1.0,0.0
before,cuda:1,941,1,1.0,1.0,1.0,0.0
before,cuda:1,942,1,1.0,1.0,1.0,0.0
before,cuda:1,943,1,1.0,1.0,1.0,0.0
before,cuda:1,944,1,1.0,1.0,1.0,0.0
before,cuda:1,945,1,1.0,1.0,1.0,0.0
before,cuda:1,946,1,1.0,1.0,1.0,0.0
before,cuda:1,947,1,1.0,1.0,1.0,0.0
before,cuda:1,948,1,1.0,1.0,1.0,0.0
before,cuda:1,949,1,1.0,1.0,1.0,0.0
before,cuda:1,950,1,1.0,1.0,1.0,0.0
before,cuda:1,951,1,1.0,1.0,1.0,0.0
before,cuda:1,952,1,1.0,1.0,1.0,0.0
before,cuda:1,953,1,1.0,1.0,1.0,0.0
before,cuda:1,954,1,1.0,1.0,1.0,0.0
before,cuda:1,955,1,1.0,1.0,1.0,0.0
before,cuda:1,956,1,1.0,1.0,1.0,0.0
before,cuda:1,957,1,1.0,1.0,1.0,0.0
before,cuda:1,958,1,1.0,1.0,1.0,0.0
before,cuda:1,959,1,1.0,1.0,1.0,0.0
before,cuda:1,960,1,1.0,1.0,1.0,0.0
before,cuda:1,961,1,1.0,1.0,1.0,0.0
before,cuda:1,962,1,1.0,1.0,1.0,0.0
before,cuda:1,963,1,1.0,1.0,1.0,0.0
before,cuda:1,964,1,1.0,1.0,1.0,0.0
before,cuda:1,965,1,1.0,1.0,1.0,0.0
before,cuda:1,966,1,1.0,1.0,1.0,0.0
before,cuda:1,967,1,1.0,1.0,1.0,0.0
before,cuda:1,968,1,1.0,1.0,1.0,0.0
before,cuda:1,969,1,1.0,1.0,1.0,0.0
before,cuda:1,970,1,1.0,1.0,1.0,0.0
before,cuda:1,971,1,1.0,1.0,1.0,0.0
before,cuda:1,972,1,1.0,1.0,1.0,0.0
before,cuda:1,973,1,1.0,1.0,1.0,0.0
before,cuda:1,974,1,1.0,1.0,1.0,0.0
before,cuda:1,975,1,1.0,1.0,1.0,0.0
before,cuda:1,976,1,1.0,1.0,1.0,0.0
before,cuda:1,977,1,1.0,1.0,1.0,0.0
before,cuda:1,978,1,1.0,1.0,1.0,0.0
before,cuda:1,979,1,1.0,1.0,1.0,0.0
before,cuda:1,980,1,1.0,1.0,1.0,0.0
before,cuda:1,981,1,1.0,1.0,1.0,0.0
before,cuda:1,982,1,1.0,1.0,1.0,0.0
before,cuda:1,983,1,1.0,1.0,1.0,0.0
before,cuda:1,984,1,1.0,1.0,1.0,0.0
before,cuda:1,985,1,1.0,1.0,1.0,0.0
before,cuda:1,986,1,1.0,1.0,1.0,0.0
before,cuda:1,987,1,1.0,1.0,1.0,0.0
before,cuda:1,988,1,1.0,1.0,1.0,0.0
before,cuda:1,989,1,1.0,1.0,1.0,0.0
before,cuda:1,990,1,1.0,1.0,1.0,0.0
before,cuda:1,991,1,1.0,1.0,1.0,0.0
before,cuda:1,992,1,1.0,1.0,1.0,0.0
before,cuda:1,993,1,1.0,1.0,1.0,0.0
before,cuda:1,994,1,1.0,1.0,1.0,0.0
before,cuda:1,995,1,1.0,1.0,1.0,0.0
before,cuda:1,996,1,1.0,1.0,1.0,0.0
before,cuda:1,997,1,1.0,1.0,1.0,0.0
before,cuda:1,998,1,1.0,1.0,1.0,0.0
before,cuda:1,999,1,1.0,1.0,1.0,0.0
before,cuda:1,1000,1,1.0,1.0,1.0,0.0
before,cuda:1,1001,1,1.0,1.0,1.0,0.0
before,cuda:1,1002,1,1.0,1.0,1.0,0.0
before,cuda:1,1003,1,1.0,1.0,1.0,0.0
before,cuda:1,1004,1,1.0,1.0,1.0,0.0
before,cuda:1,1005,1,1.0,1.0,1.0,0.0
before,cuda:1,1006,1,1.0,1.0,1.0,0.0
before,cuda:1,1007,1,1.0,1.0,1.0,0.0
before,cuda:1,1008,1,1.0,1.0,1.0,0.0
before,cuda:1,1009,1,1.0,1.0,1.0,0.0
before,cuda:1,1010,1,1.0,1.0,1.0,0.0
before,cuda:1,1011,1,1.0,1.0,1.0,0.0
before,cuda:1,1012,1,1.0,1.0,1.0,0.0
before,cuda:1,1013,1,1.0,1.0,1.0,0.0
before,cuda:1,1014,1,1.0,1.0,1.0,0.0
before,cuda:1,1015,1,1.0,1.0,1.0,0.0
before,cuda:1,1016,1,1.0,1.0,1.0,0.0
before,cuda:1,1017,1,1.0,1.0,1.0,0.0
before,cuda:1,1018,1,1.0,1.0,1.0,0.0
before,cuda:1,1019,1,1.0,1.0,1.0,0.0
before,cuda:1,1020,1,1.0,1.0,1.0,0.0
before,cuda:1,1021,1,1.0,1.0,1.0,0.0
before,cuda:1,1022,1,1.0,1.0,1.0,0.0
before,cuda:1,1023,1,1.0,1.0,1.0,0.0
before,cuda:1,1024,1,1.0,1.0,1.0,0.0
before,cuda:1,1025,1,1.0,1.0,1.0,0.0
before,cuda:1,1026,1,1.0,1.0,1.0,0.0
before,cuda:1,1027,1,1.0,1.0,1.0,0.0
before,cuda:1,1028,1,1.0,1.0,1.0,0.0
before,cuda:1,1029,1,1.0,1.0,1.0,0.0
before,cuda:1,1030,1,1.0,1.0,1.0,0.0
before,cuda:1,1031,1,1.0,1.0,1.0,0.0
before,cuda:1,1032,1,1.0,1.0,1.0,0.0
before,cuda:1,1033,1,1.0,1.0,1.0,0.0
before,cuda:1,1034,1,1.0,1.0,1.0,0.0
before,cuda:1,1035,1,1.0,1.0,1.0,0.0
before,cuda:1,1036,1,1.0,1.0,1.0,0.0
before,cuda:1,1037,1,1.0,1.0,1.0,0.0
before,cuda:1,1038,1,1.0,1.0,1.0,0.0
before,cuda:1,1039,1,1.0,1.0,1.0,0.0
before,cuda:1,1040,1,1.0,1.0,1.0,0.0
before,cuda:1,1041,1,1.0,1.0,1.0,0.0
before,cuda:1,1042,1,1.0,1.0,1.0,0.0
before,cuda:1,1043,1,1.0,1.0,1.0,0.0
before,cuda:1,1044,1,1.0,1.0,1.0,0.0
before,cuda:1,1045,1,1.0,1.0,1.0,0.0
before,cuda:1,1046,1,1.0,1.0,1.0,0.0
before,cuda:1,1047,1,1.0,1.0,1.0,0.0
before,cuda:1,1048,1,1.0,1.0,1.0,0.0
before,cuda:1,1049,1,1.0,1.0,1.0,0.0
before,cuda:1,1050,1,1.0,1.0,1.0,0.0
before,cuda:1,1051,1,1.0,1.0,1.0,0.0
before,cuda:1,1052,1,1.0,1.0,1.0,0.0
before,cuda:1,1053,1,1.0,1.0,1.0,0.0
before,cuda:1,1054,1,1.0,1.0,1.0,0.0
before,cuda:1,1055,1,1.0,1.0,1.0,0.0
before,cuda:1,1056,1,1.0,1.0,1.0,0.0
before,cuda:1,1057,1,1.0,1.0,1.0,0.0
before,cuda:1,1058,1,1.0,1.0,1.0,0.0
before,cuda:1,1059,1,1.0,1.0,1.0,0.0
before,cuda:1,1060,1,1.0,1.0,1.0,0.0
before,cuda:1,1061,1,1.0,1.0,1.0,0.0
before,cuda:1,1062,1,1.0,1.0,1.0,0.0
before,cuda:1,1063,1,1.0,1.0,1.0,0.0
before,cuda:1,1064,1,1.0,1.0,1.0,0.0
before,cuda:1,1065,1,1.0,1.0,1.0,0.0
before,cuda:1,1066,1,1.0,1.0,1.0,0.0
before,cuda:1,1067,1,1.0,1.0,1.0,0.0
before,cuda:1,1068,1,1.0,1.0,1.0,0.0
before,cuda:1,1069,1,1.0,1.0,1.0,0.0
before,cuda:1,1070,1,1.0,1.0,1.0,0.0
before,cuda:1,1071,1,1.0,1.0,1.0,0.0
before,cuda:1,1072,1,1.0,1.0,1.0,0.0
before,cuda:1,1073,1,1.0,1.0,1.0,0.0
before,cuda:1,1074,1,1.0,1.0,1.0,0.0
before,cuda:1,1075,1,1.0,1.0,1.0,0.0
before,cuda:1,1076,1,1.0,1.0,1.0,0.0
before,cuda:1,1077,1,1.0,1.0,1.0,0.0
before,cuda:1,1078,1,1.0,1.0,1.0,0.0
before,cuda:1,1079,1,1.0,1.0,1.0,0.0
before,cuda:1,1080,1,1.0,1.0,1.0,0.0
before,cuda:1,1081,1,1.0,1.0,1.0,0.0
before,cuda:1,1082,1,1.0,1.0,1.0,0.0
before,cuda:1,1083,1,1.0,1.0,1.0,0.0
before,cuda:1,1084,1,1.0,1.0,1.0,0.0
before,cuda:1,1085,1,1.0,1.0,1.0,0.0
before,cuda:1,1086,1,1.0,1.0,1.0,0.0
before,cuda:1,1087,1,1.0,1.0,1.0,0.0
before,cuda:1,1088,1,1.0,1.0,1.0,0.0
before,cuda:1,1089,1,1.0,1.0,1.0,0.0
before,cuda:1,1090,1,1.0,1.0,1.0,0.0
before,cuda:1,1091,1,1.0,1.0,1.0,0.0
before,cuda:1,1092,1,1.0,1.0,1.0,0.0
before,cuda:1,1093,1,1.0,1.0,1.0,0.0
before,cuda:1,1094,1,1.0,1.0,1.0,0.0
before,cuda:1,1095,1,1.0,1.0,1.0,0.0
before,cuda:1,1096,1,1.0,1.0,1.0,0.0
before,cuda:1,1097,1,1.0,1.0,1.0,0.0
before,cuda:1,1098,1,1.0,1.0,1.0,0.0
before,cuda:1,1099,1,1.0,1.0,1.0,0.0
before,cuda:1,1100,1,1.0,1.0,1.0,0.0
before,cuda:1,1101,1,1.0,1.0,1.0,0.0
before,cuda:1,1102,1,1.0,1.0,1.0,0.0
before,cuda:1,1103,1,1.0,1.0,1.0,0.0
before,cuda:1,1104,1,1.0,1.0,1.0,0.0
before,cuda:1,1105,1,1.0,1.0,1.0,0.0
before,cuda:1,1106,1,1.0,1.0,1.0,0.0
before,cuda:1,1107,1,1.0,1.0,1.0,0.0
before,cuda:1,1108,1,1.0,1.0,1.0,0.0
before,cuda:1,1109,1,1.0,1.0,1.0,0.0
before,cuda:1,1110,1,1.0,1.0,1.0,0.0
before,cuda:1,1111,1,1.0,1.0,1.0,0.0
before,cuda:1,1112,1,1.0,1.0,1.0,0.0
before,cuda:1,1113,1,1.0,1.0,1.0,0.0
before,cuda:1,1114,1,1.0,1.0,1.0,0.0
before,cuda:1,1115,1,1.0,1.0,1.0,0.0
before,cuda:1,1116,1,1.0,1.0,1.0,0.0
before,cuda:1,1117,1,1.0,1.0,1.0,0.0
before,cuda:1,1118,1,1.0,1.0,1.0,0.0
before,cuda:1,1119,1,1.0,1.0,1.0,0.0
before,cuda:1,1120,1,1.0,1.0,1.0,0.0
before,cuda:1,1121,1,1.0,1.0,1.0,0.0
before,cuda:1,1122,1,1.0,1.0,1.0,0.0
before,cuda:1,1123,1,1.0,1.0,1.0,0.0
before,cuda:1,1124,1,1.0,1.0,1.0,0.0
before,cuda:1,1125,1,1.0,1.0,1.0,0.0
before,cuda:1,1126,1,1.0,1.0,1.0,0.0
before,cuda:1,1127,1,1.0,1.0,1.0,0.0
before,cuda:1,1128,1,1.0,1.0,1.0,0.0
before,cuda:1,1129,1,1.0,1.0,1.0,0.0
before,cuda:1,1130,1,1.0,1.0,1.0,0.0
before,cuda:1,1131,1,1.0,1.0,1.0,0.0
before,cuda:1,1132,1,1.0,1.0,1.0,0.0
before,cuda:1,1133,1,1.0,1.0,1.0,0.0
before,cuda:1,1134,1,1.0,1.0,1.0,0.0
before,cuda:1,1135,1,1.0,1.0,1.0,0.0
before,cuda:1,1136,1,1.0,1.0,1.0,0.0
before,cuda:1,1137,1,1.0,1.0,1.0,0.0
before,cuda:1,1138,1,1.0,1.0,1.0,0.0
before,cuda:1,1139,1,1.0,1.0,1.0,0.0
before,cuda:1,1140,1,1.0,1.0,1.0,0.0
before,cuda:1,1141,1,1.0,1.0,1.0,0.0
before,cuda:1,1142,1,1.0,1.0,1.0,0.0
before,cuda:1,1143,1,1.0,1.0,1.0,0.0
before,cuda:1,1144,1,1.0,1.0,1.0,0.0
before,cuda:1,1145,1,1.0,1.0,1.0,0.0
before,cuda:1,1146,1,1.0,1.0,1.0,0.0
before,cuda:1,1147,1,1.0,1.0,1.0,0.0
before,cuda:1,1148,1,1.0,1.0,1.0,0.0
before,cuda:1,1149,1,1.0,1.0,1.0,0.0
before,cuda:1,1150,1,1.0,1.0,1.0,0.0
before,cuda:1,1151,1,1.0,1.0,1.0,0.0
before,cuda:1,1152,1,1.0,1.0,1.0,0.0
before,cuda:1,1153,1,1.0,1.0,1.0,0.0
before,cuda:1,1154,1,1.0,1.0,1.0,0.0
before,cuda:1,1155,1,1.0,1.0,1.0,0.0
before,cuda:1,1156,1,1.0,1.0,1.0,0.0
before,cuda:1,1157,1,1.0,1.0,1.0,0.0
before,cuda:1,1158,1,1.0,1.0,1.0,0.0
before,cuda:1,1159,1,1.0,1.0,1.0,0.0
before,cuda:1,1160,1,1.0,1.0,1.0,0.0
before,cuda:1,1161,1,1.0,1.0,1.0,0.0
before,cuda:1,1162,1,1.0,1.0,1.0,0.0
before,cuda:1,1163,1,1.0,1.0,1.0,0.0
before,cuda:1,1164,1,1.0,1.0,1.0,0.0
before,cuda:1,1165,1,1.0,1.0,1.0,0.0
before,cuda:1,1166,1,1.0,1.0,1.0,0.0
before,cuda:1,1167,1,1.0,1.0,1.0,0.0
before,cuda:1,1168,1,1.0,1.0,1.0,0.0
before,cuda:1,1169,1,1.0,1.0,1.0,0.0
before,cuda:1,1170,1,1.0,1.0,1.0,0.0
before,cuda:1,1171,1,1.0,1.0,1.0,0.0
before,cuda:1,1172,1,1.0,1.0,1.0,0.0
before,cuda:1,1173,1,1.0,1.0,1.0,0.0
before,cuda:1,1174,1,1.0,1.0,1.0,0.0
before,cuda:1,1175,1,1.0,1.0,1.0,0.0
before,cuda:1,1176,1,1.0,1.0,1.0,0.0
before,cuda:1,1177,1,1.0,1.0,1.0,0.0
before,cuda:1,1178,1,1.0,1.0,1.0,0.0
before,cuda:1,1179,1,1.0,1.0,1.0,0.0
before,cuda:1,1180,1,1.0,1.0,1.0,0.0
before,cuda:1,1181,1,1.0,1.0,1.0,0.0
before,cuda:1,1182,1,1.0,1.0,1.0,0.0
before,cuda:1,1183,1,1.0,1.0,1.0,0.0
before,cuda:1,1184,1,1.0,1.0,1.0,0.0
before,cuda:1,1185,1,1.0,1.0,1.0,0.0
before,cuda:1,1186,1,1.0,1.0,1.0,0.0
before,cuda:1,1187,1,1.0,1.0,1.0,0.0
before,cuda:1,1188,1,1.0,1.0,1.0,0.0
before,cuda:1,1189,1,1.0,1.0,1.0,0.0
before,cuda:1,1190,1,1.0,1.0,1.0,0.0
before,cuda:1,1191,1,1.0,1.0,1.0,0.0
before,cuda:1,1192,1,1.0,1.0,1.0,0.0
before,cuda:1,1193,1,1.0,1.0,1.0,0.0
before,cuda:1,1194,1,1.0,1.0,1.0,0.0
before,cuda:1,1195,1,1.0,1.0,1.0,0.0
before,cuda:1,1196,1,1.0,1.0,1.0,0.0
before,cuda:1,1197,1,1.0,1.0,1.0,0.0
before,cuda:1,1198,1,1.0,1.0,1.0,0.0
before,cuda:1,1199,1,1.0,1.0,1.0,0.0
before,cuda:1,1200,1,1.0,1.0,1.0,0.0
before,cuda:1,1201,1,1.0,1.0,1.0,0.0
before,cuda:1,1202,1,1.0,1.0,1.0,0.0
before,cuda:1,1203,1,1.0,1.0,1.0,0.0
before,cuda:1,1204,1,1.0,1.0,1.0,0.0
before,cuda:1,1205,1,1.0,1.0,1.0,0.0
before,cuda:1,1206,1,1.0,1.0,1.0,0.0
before,cuda:1,1207,1,1.0,1.0,1.0,0.0
before,cuda:1,1208,1,1.0,1.0,1.0,0.0
before,cuda:1,1209,1,1.0,1.0,1.0,0.0
before,cuda:1,1210,1,1.0,1.0,1.0,0.0
before,cuda:1,1211,1,1.0,1.0,1.0,0.0
before,cuda:1,1212,1,1.0,1.0,1.0,0.0
before,cuda:1,1213,1,1.0,1.0,1.0,0.0
before,cuda:1,1214,1,1.0,1.0,1.0,0.0
before,cuda:1,1215,1,1.0,1.0,1.0,0.0
before,cuda:1,1216,1,1.0,1.0,1.0,0.0
before,cuda:1,1217,1,1.0,1.0,1.0,0.0
before,cuda:1,1218,1,1.0,1.0,1.0,0.0
before,cuda:1,1219,1,1.0,1.0,1.0,0.0
before,cuda:1,1220,1,1.0,1.0,1.0,0.0
before,cuda:1,1221,1,1.0,1.0,1.0,0.0
before,cuda:1,1222,1,1.0,1.0,1.0,0.0
before,cuda:1,1223,1,1.0,1.0,1.0,0.0
before,cuda:1,1224,1,1.0,1.0,1.0,0.0
before,cuda:1,1225,1,1.0,1.0,1.0,0.0
before,cuda:1,1226,1,1.0,1.0,1.0,0.0
before,cuda:1,1227,1,1.0,1.0,1.0,0.0
before,cuda:1,1228,1,1.0,1.0,1.0,0.0
before,cuda:1,1229,1,1.0,1.0,1.0,0.0
before,cuda:1,1230,1,1.0,1.0,1.0,0.0
before,cuda:1,1231,1,1.0,1.0,1.0,0.0
before,cuda:1,1232,1,1.0,1.0,1.0,0.0
before,cuda:1,1233,1,1.0,1.0,1.0,0.0
before,cuda:1,1234,1,1.0,1.0,1.0,0.0
before,cuda:1,1235,1,1.0,1.0,1.0,0.0
before,cuda:1,1236,1,1.0,1.0,1.0,0.0
before,cuda:1,1237,1,1.0,1.0,1.0,0.0
before,cuda:1,1238,1,1.0,1.0,1.0,0.0
before,cuda:1,1239,1,1.0,1.0,1.0,0.0
before,cuda:1,1240,1,1.0,1.0,1.0,0.0
before,cuda:1,1241,1,1.0,1.0,1.0,0.0
before,cuda:1,1242,1,1.0,1.0,1.0,0.0
before,cuda:1,1243,1,1.0,1.0,1.0,0.0
before,cuda:1,1244,1,1.0,1.0,1.0,0.0
before,cuda:1,1245,1,1.0,1.0,1.0,0.0
before,cuda:1,1246,1,1.0,1.0,1.0,0.0
before,cuda:1,1247,1,1.0,1.0,1.0,0.0
before,cuda:1,1248,1,1.0,1.0,1.0,0.0
before,cuda:1,1249,1,1.0,1.0,1.0,0.0
before,cuda:1,1250,1,1.0,1.0,1.0,0.0
before,cuda:1,1251,1,1.0,1.0,1.0,0.0
before,cuda:1,1252,1,1.0,1.0,1.0,0.0
before,cuda:1,1253,1,1.0,1.0,1.0,0.0
before,cuda:1,1254,1,1.0,1.0,1.0,0.0
before,cuda:1,1255,1,1.0,1.0,1.0,0.0
before,cuda:1,1256,1,1.0,1.0,1.0,0.0
before,cuda:1,1257,1,1.0,1.0,1.0,0.0
before,cuda:1,1258,1,1.0,1.0,1.0,0.0
before,cuda:1,1259,1,1.0,1.0,1.0,0.0
before,cuda:1,1260,1,1.0,1.0,1.0,0.0
before,cuda:1,1261,1,1.0,1.0,1.0,0.0
before,cuda:1,1262,1,1.0,1.0,1.0,0.0
before,cuda:1,1263,1,1.0,1.0,1.0,0.0
before,cuda:1,1264,1,1.0,1.0,1.0,0.0
before,cuda:1,1265,1,1.0,1.0,1.0,0.0
before,cuda:1,1266,1,1.0,1.0,1.0,0.0
before,cuda:1,1267,1,1.0,1.0,1.0,0.0
before,cuda:1,1268,1,1.0,1.0,1.0,0.0
before,cuda:1,1269,1,1.0,1.0,1.0,0.0
before,cuda:1,1270,1,1.0,1.0,1.0,0.0
before,cuda:1,1271,1,1.0,1.0,1.0,0.0
before,cuda:1,1272,1,1.0,1.0,1.0,0.0
before,cuda:1,1273,1,1.0,1.0,1.0,0.0
before,cuda:1,1274,1,1.0,1.0,1.0,0.0
before,cuda:1,1275,1,1.0,1.0,1.0,0.0
before,cuda:1,1276,1,1.0,1.0,1.0,0.0
before,cuda:1,1277,1,1.0,1.0,1.0,0.0
before,cuda:1,1278,1,1.0,1.0,1.0,0.0
before,cuda:1,1279,1,1.0,1.0,1.0,0.0
before,cuda:1,1280,1,1.0,1.0,1.0,0.0
before,cuda:1,1281,1,1.0,1.0,1.0,0.0
before,cuda:1,1282,1,1.0,1.0,1.0,0.0
before,cuda:1,1283,1,1.0,1.0,1.0,0.0
before,cuda:1,1284,1,1.0,1.0,1.0,0.0
before,cuda:1,1285,1,1.0,1.0,1.0,0.0
before,cuda:1,1286,1,1.0,1.0,1.0,0.0
before,cuda:1,1287,1,1.0,1.0,1.0,0.0
before,cuda:1,1288,1,1.0,1.0,1.0,0.0
before,cuda:1,1289,1,1.0,1.0,1.0,0.0
before,cuda:1,1290,1,1.0,1.0,1.0,0.0
before,cuda:1,1291,1,1.0,1.0,1.0,0.0
before,cuda:1,1292,1,1.0,1.0,1.0,0.0
before,cuda:1,1293,1,1.0,1.0,1.0,0.0
before,cuda:1,1294,1,1.0,1.0,1.0,0.0
before,cuda:1,1295,1,1.0,1.0,1.0,0.0
before,cuda:1,1296,1,1.0,1.0,1.0,0.0
before,cuda:1,1297,1,1.0,1.0,1.0,0.0
before,cuda:1,1298,1,1.0,1.0,1.0,0.0
before,cuda:1,1299,1,1.0,1.0,1.0,0.0
before,cuda:1,1300,1,1.0,1.0,1.0,0.0
before,cuda:1,1301,1,1.0,1.0,1.0,0.0
before,cuda:1,1302,1,1.0,1.0,1.0,0.0
before,cuda:1,1303,1,1.0,1.0,1.0,0.0
before,cuda:1,1304,1,1.0,1.0,1.0,0.0
before,cuda:1,1305,1,1.0,1.0,1.0,0.0
before,cuda:1,1306,1,1.0,1.0,1.0,0.0
before,cuda:1,1307,1,1.0,1.0,1.0,0.0
before,cuda:1,1308,1,1.0,1.0,1.0,0.0
before,cuda:1,1309,1,1.0,1.0,1.0,0.0
before,cuda:1,1310,1,1.0,1.0,1.0,0.0
before,cuda:1,1311,1,1.0,1.0,1.0,0.0
before,cuda:1,1312,1,1.0,1.0,1.0,0.0
before,cuda:1,1313,1,1.0,1.0,1.0,0.0
before,cuda:1,1314,1,1.0,1.0,1.0,0.0
before,cuda:1,1315,1,1.0,1.0,1.0,0.0
before,cuda:1,1316,1,1.0,1.0,1.0,0.0
before,cuda:1,1317,1,1.0,1.0,1.0,0.0
before,cuda:1,1318,1,1.0,1.0,1.0,0.0
before,cuda:1,1319,1,1.0,1.0,1.0,0.0
before,cuda:1,1320,1,1.0,1.0,1.0,0.0
before,cuda:1,1321,1,1.0,1.0,1.0,0.0
before,cuda:1,1322,1,1.0,1.0,1.0,0.0
before,cuda:1,1323,1,1.0,1.0,1.0,0.0
before,cuda:1,1324,1,1.0,1.0,1.0,0.0
before,cuda:1,1325,1,1.0,1.0,1.0,0.0
before,cuda:1,1326,1,1.0,1.0,1.0,0.0
before,cuda:1,1327,1,1.0,1.0,1.0,0.0
before,cuda:1,1328,1,1.0,1.0,1.0,0.0
before,cuda:1,1329,1,1.0,1.0,1.0,0.0
before,cuda:1,1330,1,1.0,1.0,1.0,0.0
before,cuda:1,1331,1,1.0,1.0,1.0,0.0
before,cuda:1,1332,1,1.0,1.0,1.0,0.0
before,cuda:1,1333,1,1.0,1.0,1.0,0.0
before,cuda:1,1334,1,1.0,1.0,1.0,0.0
before,cuda:1,1335,1,1.0,1.0,1.0,0.0
before,cuda:1,1336,1,1.0,1.0,1.0,0.0
before,cuda:1,1337,1,1.0,1.0,1.0,0.0
before,cuda:1,1338,1,1.0,1.0,1.0,0.0
before,cuda:1,1339,1,1.0,1.0,1.0,0.0
before,cuda:1,1340,1,1.0,1.0,1.0,0.0
before,cuda:1,1341,1,1.0,1.0,1.0,0.0
before,cuda:1,1342,1,1.0,1.0,1.0,0.0
before,cuda:1,1343,1,1.0,1.0,1.0,0.0
before,cuda:1,1344,1,1.0,1.0,1.0,0.0
before,cuda:1,1345,1,1.0,1.0,1.0,0.0
before,cuda:1,1346,1,1.0,1.0,1.0,0.0
before,cuda:1,1347,1,1.0,1.0,1.0,0.0
before,cuda:1,1348,1,1.0,1.0,1.0,0.0
before,cuda:1,1349,1,1.0,1.0,1.0,0.0
before,cuda:1,1350,1,1.0,1.0,1.0,0.0
before,cuda:1,1351,1,1.0,1.0,1.0,0.0
before,cuda:1,1352,1,1.0,1.0,1.0,0.0
before,cuda:1,1353,1,1.0,1.0,1.0,0.0
before,cuda:1,1354,1,1.0,1.0,1.0,0.0
before,cuda:1,1355,1,1.0,1.0,1.0,0.0
before,cuda:1,1356,1,1.0,1.0,1.0,0.0
before,cuda:1,1357,1,1.0,1.0,1.0,0.0
before,cuda:1,1358,1,1.0,1.0,1.0,0.0
before,cuda:1,1359,1,1.0,1.0,1.0,0.0
before,cuda:1,1360,1,1.0,1.0,1.0,0.0
before,cuda:1,1361,1,1.0,1.0,1.0,0.0
before,cuda:1,1362,1,1.0,1.0,1.0,0.0
before,cuda:1,1363,1,1.0,1.0,1.0,0.0
before,cuda:1,1364,1,1.0,1.0,1.0,0.0
before,cuda:1,1365,1,1.0,1.0,1.0,0.0
before,cuda:1,1366,1,1.0,1.0,1.0,0.0
before,cuda:1,1367,1,1.0,1.0,1.0,0.0
before,cuda:1,1368,1,1.0,1.0,1.0,0.0
before,cuda:1,1369,1,1.0,1.0,1.0,0.0
before,cuda:1,1370,1,1.0,1.0,1.0,0.0
before,cuda:1,1371,1,1.0,1.0,1.0,0.0
before,cuda:1,1372,1,1.0,1.0,1.0,0.0
before,cuda:1,1373,1,1.0,1.0,1.0,0.0
before,cuda:1,1374,1,1.0,1.0,1.0,0.0
before,cuda:1,1375,1,1.0,1.0,1.0,0.0
before,cuda:1,1376,1,1.0,1.0,1.0,0.0
before,cuda:1,1377,1,1.0,1.0,1.0,0.0
before,cuda:1,1378,1,1.0,1.0,1.0,0.0
before,cuda:1,1379,1,1.0,1.0,1.0,0.0
before,cuda:1,1380,1,1.0,1.0,1.0,0.0
before,cuda:1,1381,1,1.0,1.0,1.0,0.0
before,cuda:1,1382,1,1.0,1.0,1.0,0.0
before,cuda:1,1383,1,1.0,1.0,1.0,0.0
before,cuda:1,1384,1,1.0,1.0,1.0,0.0
before,cuda:1,1385,1,1.0,1.0,1.0,0.0
before,cuda:1,1386,1,1.0,1.0,1.0,0.0
before,cuda:1,1387,1,1.0,1.0,1.0,0.0
before,cuda:1,1388,1,1.0,1.0,1.0,0.0
before,cuda:1,1389,1,1.0,1.0,1.0,0.0
before,cuda:1,1390,1,1.0,1.0,1.0,0.0
before,cuda:1,1391,1,1.0,1.0,1.0,0.0
before,cuda:1,1392,1,1.0,1.0,1.0,0.0
before,cuda:1,1393,1,1.0,1.0,1.0,0.0
before,cuda:1,1394,1,1.0,1.0,1.0,0.0
before,cuda:1,1395,1,1.0,1.0,1.0,0.0
before,cuda:1,1396,1,1.0,1.0,1.0,0.0
before,cuda:1,1397,1,1.0,1.0,1.0,0.0
before,cuda:1,1398,1,1.0,1.0,1.0,0.0
before,cuda:1,1399,1,1.0,1.0,1.0,0.0
before,cuda:1,1400,1,1.0,1.0,1.0,0.0
before,cuda:1,1401,1,1.0,1.0,1.0,0.0
before,cuda:1,1402,1,1.0,1.0,1.0,0.0
before,cuda:1,1403,1,1.0,1.0,1.0,0.0
before,cuda:1,1404,1,1.0,1.0,1.0,0.0
before,cuda:1,1405,1,1.0,1.0,1.0,0.0
before,cuda:1,1406,1,1.0,1.0,1.0,0.0
before,cuda:1,1407,1,1.0,1.0,1.0,0.0
before,cuda:1,1408,1,1.0,1.0,1.0,0.0
before,cuda:1,1409,1,1.0,1.0,1.0,0.0
before,cuda:1,1410,1,1.0,1.0,1.0,0.0
before,cuda:1,1411,1,1.0,1.0,1.0,0.0
before,cuda:1,1412,1,1.0,1.0,1.0,0.0
before,cuda:1,1413,1,1.0,1.0,1.0,0.0
before,cuda:1,1414,1,1.0,1.0,1.0,0.0
before,cuda:1,1415,1,1.0,1.0,1.0,0.0
before,cuda:1,1416,1,1.0,1.0,1.0,0.0
before,cuda:1,1417,1,1.0,1.0,1.0,0.0
before,cuda:1,1418,1,1.0,1.0,1.0,0.0
before,cuda:1,1419,1,1.0,1.0,1.0,0.0
before,cuda:1,1420,1,1.0,1.0,1.0,0.0
before,cuda:1,1421,1,1.0,1.0,1.0,0.0
before,cuda:1,1422,1,1.0,1.0,1.0,0.0
before,cuda:1,1423,1,1.0,1.0,1.0,0.0
before,cuda:1,1424,1,1.0,1.0,1.0,0.0
before,cuda:1,1425,1,1.0,1.0,1.0,0.0
before,cuda:1,1426,1,1.0,1.0,1.0,0.0
before,cuda:1,1427,1,1.0,1.0,1.0,0.0
before,cuda:1,1428,1,1.0,1.0,1.0,0.0
before,cuda:1,1429,1,1.0,1.0,1.0,0.0
before,cuda:1,1430,1,1.0,1.0,1.0,0.0
before,cuda:1,1431,1,1.0,1.0,1.0,0.0
before,cuda:1,1432,1,1.0,1.0,1.0,0.0
before,cuda:1,1433,1,1.0,1.0,1.0,0.0
before,cuda:1,1434,1,1.0,1.0,1.0,0.0
before,cuda:1,1435,1,1.0,1.0,1.0,0.0
before,cuda:1,1436,1,1.0,1.0,1.0,0.0
before,cuda:1,1437,1,1.0,1.0,1.0,0.0
before,cuda:1,1438,1,1.0,1.0,1.0,0.0
before,cuda:1,1439,1,1.0,1.0,1.0,0.0
before,cuda:1,1440,1,1.0,1.0,1.0,0.0
before,cuda:1,1441,1,1.0,1.0,1.0,0.0
before,cuda:1,1442,1,1.0,1.0,1.0,0.0
before,cuda:1,1443,1,1.0,1.0,1.0,0.0
before,cuda:1,1444,1,1.0,1.0,1.0,0.0
before,cuda:1,1445,1,1.0,1.0,1.0,0.0
before,cuda:1,1446,1,1.0,1.0,1.0,0.0
before,cuda:1,1447,1,1.0,1.0,1.0,0.0
before,cuda:1,1448,1,1.0,1.0,1.0,0.0
before,cuda:1,1449,1,1.0,1.0,1.0,0.0
before,cuda:1,1450,1,1.0,1.0,1.0,0.0
before,cuda:1,1451,1,1.0,1.0,1.0,0.0
before,cuda:1,1452,1,1.0,1.0,1.0,0.0
before,cuda:1,1453,1,1.0,1.0,1.0,0.0
before,cuda:1,1454,1,1.0,1.0,1.0,0.0
before,cuda:1,1455,1,1.0,1.0,1.0,0.0
before,cuda:1,1456,1,1.0,1.0,1.0,0.0
before,cuda:1,1457,1,1.0,1.0,1.0,0.0
before,cuda:1,1458,1,1.0,1.0,1.0,0.0
before,cuda:1,1459,1,1.0,1.0,1.0,0.0
before,cuda:1,1460,1,1.0,1.0,1.0,0.0
before,cuda:1,1461,1,1.0,1.0,1.0,0.0
before,cuda:1,1462,1,1.0,1.0,1.0,0.0
before,cuda:1,1463,1,1.0,1.0,1.0,0.0
before,cuda:1,1464,1,1.0,1.0,1.0,0.0
before,cuda:1,1465,1,1.0,1.0,1.0,0.0
before,cuda:1,1466,1,1.0,1.0,1.0,0.0
before,cuda:1,1467,1,1.0,1.0,1.0,0.0
before,cuda:1,1468,1,1.0,1.0,1.0,0.0
before,cuda:1,1469,1,1.0,1.0,1.0,0.0
before,cuda:1,1470,1,1.0,1.0,1.0,0.0
before,cuda:1,1471,1,1.0,1.0,1.0,0.0
before,cuda:1,1472,1,1.0,1.0,1.0,0.0
before,cuda:1,1473,1,1.0,1.0,1.0,0.0
before,cuda:1,1474,1,1.0,1.0,1.0,0.0
before,cuda:1,1475,1,1.0,1.0,1.0,0.0
before,cuda:1,1476,1,1.0,1.0,1.0,0.0
before,cuda:1,1477,1,1.0,1.0,1.0,0.0
before,cuda:1,1478,1,1.0,1.0,1.0,0.0
before,cuda:1,1479,1,1.0,1.0,1.0,0.0
before,cuda:1,1480,1,1.0,1.0,1.0,0.0
before,cuda:1,1481,1,1.0,1.0,1.0,0.0
before,cuda:1,1482,1,1.0,1.0,1.0,0.0
before,cuda:1,1483,1,1.0,1.0,1.0,0.0
before,cuda:1,1484,1,1.0,1.0,1.0,0.0
before,cuda:1,1485,1,1.0,1.0,1.0,0.0
before,cuda:1,1486,1,1.0,1.0,1.0,0.0
before,cuda:1,1487,1,1.0,1.0,1.0,0.0
before,cuda:1,1488,1,1.0,1.0,1.0,0.0
before,cuda:1,1489,1,1.0,1.0,1.0,0.0
before,cuda:1,1490,1,1.0,1.0,1.0,0.0
before,cuda:1,1491,1,1.0,1.0,1.0,0.0
before,cuda:1,1492,1,1.0,1.0,1.0,0.0
before,cuda:1,1493,1,1.0,1.0,1.0,0.0
before,cuda:1,1494,1,1.0,1.0,1.0,0.0
before,cuda:1,1495,1,1.0,1.0,1.0,0.0
before,cuda:1,1496,1,1.0,1.0,1.0,0.0
before,cuda:1,1497,1,1.0,1.0,1.0,0.0
before,cuda:1,1498,1,1.0,1.0,1.0,0.0
before,cuda:1,1499,1,1.0,1.0,1.0,0.0
before,cuda:1,1500,1,1.0,1.0,1.0,0.0
before,cuda:1,1501,1,1.0,1.0,1.0,0.0
before,cuda:1,1502,1,1.0,1.0,1.0,0.0
before,cuda:1,1503,1,1.0,1.0,1.0,0.0
before,cuda:1,1504,1,1.0,1.0,1.0,0.0
before,cuda:1,1505,1,1.0,1.0,1.0,0.0
before,cuda:1,1506,1,1.0,1.0,1.0,0.0
before,cuda:1,1507,1,1.0,1.0,1.0,0.0
before,cuda:1,1508,1,1.0,1.0,1.0,0.0
before,cuda:1,1509,1,1.0,1.0,1.0,0.0
before,cuda:1,1510,1,1.0,1.0,1.0,0.0
before,cuda:1,1511,1,1.0,1.0,1.0,0.0
before,cuda:1,1512,1,1.0,1.0,1.0,0.0
before,cuda:1,1513,1,1.0,1.0,1.0,0.0
before,cuda:1,1514,1,1.0,1.0,1.0,0.0
before,cuda:1,1515,1,1.0,1.0,1.0,0.0
before,cuda:1,1516,1,1.0,1.0,1.0,0.0
before,cuda:1,1517,1,1.0,1.0,1.0,0.0
before,cuda:1,1518,1,1.0,1.0,1.0,0.0
before,cuda:1,1519,1,1.0,1.0,1.0,0.0
before,cuda:1,1520,1,1.0,1.0,1.0,0.0
before,cuda:1,1521,1,1.0,1.0,1.0,0.0
before,cuda:1,1522,1,1.0,1.0,1.0,0.0
before,cuda:1,1523,1,1.0,1.0,1.0,0.0
before,cuda:1,1524,1,1.0,1.0,1.0,0.0
before,cuda:1,1525,1,1.0,1.0,1.0,0.0
before,cuda:1,1526,1,1.0,1.0,1.0,0.0
before,cuda:1,1527,1,1.0,1.0,1.0,0.0
before,cuda:1,1528,1,1.0,1.0,1.0,0.0
before,cuda:1,1529,1,1.0,1.0,1.0,0.0
before,cuda:1,1530,1,1.0,1.0,1.0,0.0
before,cuda:1,1531,1,1.0,1.0,1.0,0.0
before,cuda:1,1532,1,1.0,1.0,1.0,0.0
before,cuda:1,1533,1,1.0,1.0,1.0,0.0
before,cuda:1,1534,1,1.0,1.0,1.0,0.0
before,cuda:1,1535,1,1.0,1.0,1.0,0.0
before,cuda:1,1536,1,1.0,1.0,1.0,0.0
before,cuda:1,1537,1,1.0,1.0,1.0,0.0
before,cuda:1,1538,1,1.0,1.0,1.0,0.0
before,cuda:1,1539,1,1.0,1.0,1.0,0.0
before,cuda:1,1540,1,1.0,1.0,1.0,0.0
before,cuda:1,1541,1,1.0,1.0,1.0,0.0
before,cuda:1,1542,1,1.0,1.0,1.0,0.0
before,cuda:1,1543,1,1.0,1.0,1.0,0.0
before,cuda:1,1544,1,1.0,1.0,1.0,0.0
before,cuda:1,1545,1,1.0,1.0,1.0,0.0
before,cuda:1,1546,1,1.0,1.0,1.0,0.0
before,cuda:1,1547,1,1.0,1.0,1.0,0.0
before,cuda:1,1548,1,1.0,1.0,1.0,0.0
before,cuda:1,1549,1,1.0,1.0,1.0,0.0
before,cuda:1,1550,1,1.0,1.0,1.0,0.0
before,cuda:1,1551,1,1.0,1.0,1.0,0.0
before,cuda:1,1552,1,1.0,1.0,1.0,0.0
before,cuda:1,1553,1,1.0,1.0,1.0,0.0
before,cuda:1,1554,1,1.0,1.0,1.0,0.0
before,cuda:1,1555,1,1.0,1.0,1.0,0.0
before,cuda:1,1556,1,1.0,1.0,1.0,0.0
before,cuda:1,1557,1,1.0,1.0,1.0,0.0
before,cuda:1,1558,1,1.0,1.0,1.0,0.0
before,cuda:1,1559,1,1.0,1.0,1.0,0.0
before,cuda:1,1560,1,1.0,1.0,1.0,0.0
before,cuda:1,1561,1,1.0,1.0,1.0,0.0
before,cuda:1,1562,1,1.0,1.0,1.0,0.0
before,cuda:1,1563,1,1.0,1.0,1.0,0.0
before,cuda:1,1564,1,1.0,1.0,1.0,0.0
before,cuda:1,1565,1,1.0,1.0,1.0,0.0
before,cuda:1,1566,1,1.0,1.0,1.0,0.0
before,cuda:1,1567,1,1.0,1.0,1.0,0.0
before,cuda:1,1568,1,1.0,1.0,1.0,0.0
before,cuda:1,1569,1,1.0,1.0,1.0,0.0
before,cuda:1,1570,1,1.0,1.0,1.0,0.0
before,cuda:1,1571,1,1.0,1.0,1.0,0.0
before,cuda:1,1572,1,1.0,1.0,1.0,0.0
before,cuda:1,1573,1,1.0,1.0,1.0,0.0
before,cuda:1,1574,1,1.0,1.0,1.0,0.0
before,cuda:1,1575,1,1.0,1.0,1.0,0.0
before,cuda:1,1576,1,1.0,1.0,1.0,0.0
before,cuda:1,1577,1,1.0,1.0,1.0,0.0
before,cuda:1,1578,1,1.0,1.0,1.0,0.0
before,cuda:1,1579,1,1.0,1.0,1.0,0.0
before,cuda:1,1580,1,1.0,1.0,1.0,0.0
before,cuda:1,1581,1,1.0,1.0,1.0,0.0
before,cuda:1,1582,1,1.0,1.0,1.0,0.0
before,cuda:1,1583,1,1.0,1.0,1.0,0.0
before,cuda:1,1584,1,1.0,1.0,1.0,0.0
before,cuda:1,1585,1,1.0,1.0,1.0,0.0
before,cuda:1,1586,1,1.0,1.0,1.0,0.0
before,cuda:1,1587,1,1.0,1.0,1.0,0.0
before,cuda:1,1588,1,1.0,1.0,1.0,0.0
before,cuda:1,1589,1,1.0,1.0,1.0,0.0
before,cuda:1,1590,1,1.0,1.0,1.0,0.0
before,cuda:1,1591,1,1.0,1.0,1.0,0.0
before,cuda:1,1592,1,1.0,1.0,1.0,0.0
before,cuda:1,1593,1,1.0,1.0,1.0,0.0
before,cuda:1,1594,1,1.0,1.0,1.0,0.0
before,cuda:1,1595,1,1.0,1.0,1.0,0.0
before,cuda:1,1596,1,1.0,1.0,1.0,0.0
before,cuda:1,1597,1,1.0,1.0,1.0,0.0
before,cuda:1,1598,1,1.0,1.0,1.0,0.0
before,cuda:1,1599,1,1.0,1.0,1.0,0.0
before,cuda:1,1600,1,1.0,1.0,1.0,0.0
before,cuda:1,1601,1,1.0,1.0,1.0,0.0
before,cuda:1,1602,1,1.0,1.0,1.0,0.0
before,cuda:1,1603,1,1.0,1.0,1.0,0.0
before,cuda:1,1604,1,1.0,1.0,1.0,0.0
before,cuda:1,1605,1,1.0,1.0,1.0,0.0
before,cuda:1,1606,1,1.0,1.0,1.0,0.0
before,cuda:1,1607,1,1.0,1.0,1.0,0.0
before,cuda:1,1608,1,1.0,1.0,1.0,0.0
before,cuda:1,1609,1,1.0,1.0,1.0,0.0
before,cuda:1,1610,1,1.0,1.0,1.0,0.0
before,cuda:1,1611,1,1.0,1.0,1.0,0.0
before,cuda:1,1612,1,1.0,1.0,1.0,0.0
before,cuda:1,1613,1,1.0,1.0,1.0,0.0
before,cuda:1,1614,1,1.0,1.0,1.0,0.0
before,cuda:1,1615,1,1.0,1.0,1.0,0.0
before,cuda:1,1616,1,1.0,1.0,1.0,0.0
before,cuda:1,1617,1,1.0,1.0,1.0,0.0
before,cuda:1,1618,1,1.0,1.0,1.0,0.0
before,cuda:1,1619,1,1.0,1.0,1.0,0.0
before,cuda:1,1620,1,1.0,1.0,1.0,0.0
before,cuda:1,1621,1,1.0,1.0,1.0,0.0
before,cuda:1,1622,1,1.0,1.0,1.0,0.0
before,cuda:1,1623,1,1.0,1.0,1.0,0.0
before,cuda:1,1624,1,1.0,1.0,1.0,0.0
before,cuda:1,1625,1,1.0,1.0,1.0,0.0
before,cuda:1,1626,1,1.0,1.0,1.0,0.0
before,cuda:1,1627,1,1.0,1.0,1.0,0.0
before,cuda:1,1628,1,1.0,1.0,1.0,0.0
before,cuda:1,1629,1,1.0,1.0,1.0,0.0
before,cuda:1,1630,1,1.0,1.0,1.0,0.0
before,cuda:1,1631,1,1.0,1.0,1.0,0.0
before,cuda:1,1632,1,1.0,1.0,1.0,0.0
before,cuda:1,1633,1,1.0,1.0,1.0,0.0
before,cuda:1,1634,1,1.0,1.0,1.0,0.0
before,cuda:1,1635,1,1.0,1.0,1.0,0.0
before,cuda:1,1636,1,1.0,1.0,1.0,0.0
before,cuda:1,1637,1,1.0,1.0,1.0,0.0
before,cuda:1,1638,1,1.0,1.0,1.0,0.0
before,cuda:1,1639,1,1.0,1.0,1.0,0.0
before,cuda:1,1640,1,1.0,1.0,1.0,0.0
before,cuda:1,1641,1,1.0,1.0,1.0,0.0
before,cuda:1,1642,1,1.0,1.0,1.0,0.0
before,cuda:1,1643,1,1.0,1.0,1.0,0.0
before,cuda:1,1644,1,1.0,1.0,1.0,0.0
before,cuda:1,1645,1,1.0,1.0,1.0,0.0
before,cuda:1,1646,1,1.0,1.0,1.0,0.0
before,cuda:1,1647,1,1.0,1.0,1.0,0.0
before,cuda:1,1648,1,1.0,1.0,1.0,0.0
before,cuda:1,1649,1,1.0,1.0,1.0,0.0
before,cuda:1,1650,1,1.0,1.0,1.0,0.0
before,cuda:1,1651,1,1.0,1.0,1.0,0.0
before,cuda:1,1652,1,1.0,1.0,1.0,0.0
before,cuda:1,1653,1,1.0,1.0,1.0,0.0
before,cuda:1,1654,1,1.0,1.0,1.0,0.0
before,cuda:1,1655,1,1.0,1.0,1.0,0.0
before,cuda:1,1656,1,1.0,1.0,1.0,0.0
before,cuda:1,1657,1,1.0,1.0,1.0,0.0
before,cuda:1,1658,1,1.0,1.0,1.0,0.0
before,cuda:1,1659,1,1.0,1.0,1.0,0.0
before,cuda:1,1660,1,1.0,1.0,1.0,0.0
before,cuda:1,1661,1,1.0,1.0,1.0,0.0
before,cuda:1,1662,1,1.0,1.0,1.0,0.0
before,cuda:1,1663,1,1.0,1.0,1.0,0.0
before,cuda:1,1664,1,1.0,1.0,1.0,0.0
before,cuda:1,1665,1,1.0,1.0,1.0,0.0
before,cuda:1,1666,1,1.0,1.0,1.0,0.0
before,cuda:1,1667,1,1.0,1.0,1.0,0.0
before,cuda:1,1668,1,1.0,1.0,1.0,0.0
before,cuda:1,1669,1,1.0,1.0,1.0,0.0
before,cuda:1,1670,1,1.0,1.0,1.0,0.0
before,cuda:1,1671,1,1.0,1.0,1.0,0.0
before,cuda:1,1672,1,1.0,1.0,1.0,0.0
before,cuda:1,1673,1,1.0,1.0,1.0,0.0
before,cuda:1,1674,1,1.0,1.0,1.0,0.0
before,cuda:1,1675,1,1.0,1.0,1.0,0.0
before,cuda:1,1676,1,1.0,1.0,1.0,0.0
before,cuda:1,1677,1,1.0,1.0,1.0,0.0
before,cuda:1,1678,1,1.0,1.0,1.0,0.0
before,cuda:1,1679,1,1.0,1.0,1.0,0.0
before,cuda:1,1680,1,1.0,1.0,1.0,0.0
before,cuda:1,1681,1,1.0,1.0,1.0,0.0
before,cuda:1,1682,1,1.0,1.0,1.0,0.0
before,cuda:1,1683,1,1.0,1.0,1.0,0.0
before,cuda:1,1684,1,1.0,1.0,1.0,0.0
before,cuda:1,1685,1,1.0,1.0,1.0,0.0
before,cuda:1,1686,1,1.0,1.0,1.0,0.0
before,cuda:1,1687,1,1.0,1.0,1.0,0.0
before,cuda:1,1688,1,1.0,1.0,1.0,0.0
before,cuda:1,1689,1,1.0,1.0,1.0,0.0
before,cuda:1,1690,1,1.0,1.0,1.0,0.0
before,cuda:1,1691,1,1.0,1.0,1.0,0.0
before,cuda:1,1692,1,1.0,1.0,1.0,0.0
before,cuda:1,1693,1,1.0,1.0,1.0,0.0
before,cuda:1,1694,1,1.0,1.0,1.0,0.0
before,cuda:1,1695,1,1.0,1.0,1.0,0.0
before,cuda:1,1696,1,1.0,1.0,1.0,0.0
before,cuda:1,1697,1,1.0,1.0,1.0,0.0
before,cuda:1,1698,1,1.0,1.0,1.0,0.0
before,cuda:1,1699,1,1.0,1.0,1.0,0.0
before,cuda:1,1700,1,1.0,1.0,1.0,0.0
before,cuda:1,1701,1,1.0,1.0,1.0,0.0
before,cuda:1,1702,1,1.0,1.0,1.0,0.0
before,cuda:1,1703,1,1.0,1.0,1.0,0.0
before,cuda:1,1704,1,1.0,1.0,1.0,0.0
before,cuda:1,1705,1,1.0,1.0,1.0,0.0
before,cuda:1,1706,1,1.0,1.0,1.0,0.0
before,cuda:1,1707,1,1.0,1.0,1.0,0.0
before,cuda:1,1708,1,1.0,1.0,1.0,0.0
before,cuda:1,1709,1,1.0,1.0,1.0,0.0
before,cuda:1,1710,1,1.0,1.0,1.0,0.0
before,cuda:1,1711,1,1.0,1.0,1.0,0.0
before,cuda:1,1712,1,1.0,1.0,1.0,0.0
before,cuda:1,1713,1,1.0,1.0,1.0,0.0
before,cuda:1,1714,1,1.0,1.0,1.0,0.0
before,cuda:1,1715,1,1.0,1.0,1.0,0.0
before,cuda:1,1716,1,1.0,1.0,1.0,0.0
before,cuda:1,1717,1,1.0,1.0,1.0,0.0
before,cuda:1,1718,1,1.0,1.0,1.0,0.0
before,cuda:1,1719,1,1.0,1.0,1.0,0.0
before,cuda:1,1720,1,1.0,1.0,1.0,0.0
before,cuda:1,1721,1,1.0,1.0,1.0,0.0
before,cuda:1,1722,1,1.0,1.0,1.0,0.0
before,cuda:1,1723,1,1.0,1.0,1.0,0.0
before,cuda:1,1724,1,1.0,1.0,1.0,0.0
before,cuda:1,1725,1,1.0,1.0,1.0,0.0
before,cuda:1,1726,1,1.0,1.0,1.0,0.0
before,cuda:1,1727,1,1.0,1.0,1.0,0.0
before,cuda:1,1728,1,1.0,1.0,1.0,0.0
before,cuda:1,1729,1,1.0,1.0,1.0,0.0
before,cuda:1,1730,1,1.0,1.0,1.0,0.0
before,cuda:1,1731,1,1.0,1.0,1.0,0.0
before,cuda:1,1732,1,1.0,1.0,1.0,0.0
before,cuda:1,1733,1,1.0,1.0,1.0,0.0
before,cuda:1,1734,1,1.0,1.0,1.0,0.0
before,cuda:1,1735,1,1.0,1.0,1.0,0.0
before,cuda:1,1736,1,1.0,1.0,1.0,0.0
before,cuda:1,1737,1,1.0,1.0,1.0,0.0
before,cuda:1,1738,1,1.0,1.0,1.0,0.0
before,cuda:1,1739,1,1.0,1.0,1.0,0.0
before,cuda:1,1740,1,1.0,1.0,1.0,0.0
before,cuda:1,1741,1,1.0,1.0,1.0,0.0
before,cuda:1,1742,1,1.0,1.0,1.0,0.0
before,cuda:1,1743,1,1.0,1.0,1.0,0.0
before,cuda:1,1744,1,1.0,1.0,1.0,0.0
before,cuda:1,1745,1,1.0,1.0,1.0,0.0
before,cuda:1,1746,1,1.0,1.0,1.0,0.0
before,cuda:1,1747,1,1.0,1.0,1.0,0.0
before,cuda:1,1748,1,1.0,1.0,1.0,0.0
before,cuda:1,1749,1,1.0,1.0,1.0,0.0
before,cuda:1,1750,1,1.0,1.0,1.0,0.0
before,cuda:1,1751,1,1.0,1.0,1.0,0.0
before,cuda:1,1752,1,1.0,1.0,1.0,0.0
before,cuda:1,1753,1,1.0,1.0,1.0,0.0
before,cuda:1,1754,1,1.0,1.0,1.0,0.0
before,cuda:1,1755,1,1.0,1.0,1.0,0.0
before,cuda:1,1756,1,1.0,1.0,1.0,0.0
before,cuda:1,1757,1,1.0,1.0,1.0,0.0
before,cuda:1,1758,1,1.0,1.0,1.0,0.0
before,cuda:1,1759,1,1.0,1.0,1.0,0.0
before,cuda:1,1760,1,1.0,1.0,1.0,0.0
before,cuda:1,1761,1,1.0,1.0,1.0,0.0
before,cuda:1,1762,1,1.0,1.0,1.0,0.0
before,cuda:1,1763,1,1.0,1.0,1.0,0.0
before,cuda:1,1764,1,1.0,1.0,1.0,0.0
before,cuda:1,1765,1,1.0,1.0,1.0,0.0
before,cuda:1,1766,1,1.0,1.0,1.0,0.0
before,cuda:1,1767,1,1.0,1.0,1.0,0.0
before,cuda:1,1768,1,1.0,1.0,1.0,0.0
before,cuda:1,1769,1,1.0,1.0,1.0,0.0
before,cuda:1,1770,1,1.0,1.0,1.0,0.0
before,cuda:1,1771,1,1.0,1.0,1.0,0.0
before,cuda:1,1772,1,1.0,1.0,1.0,0.0
before,cuda:1,1773,1,1.0,1.0,1.0,0.0
before,cuda:1,1774,1,1.0,1.0,1.0,0.0
before,cuda:1,1775,1,1.0,1.0,1.0,0.0
before,cuda:1,1776,1,1.0,1.0,1.0,0.0
before,cuda:1,1777,1,1.0,1.0,1.0,0.0
before,cuda:1,1778,1,1.0,1.0,1.0,0.0
before,cuda:1,1779,1,1.0,1.0,1.0,0.0
before,cuda:1,1780,1,1.0,1.0,1.0,0.0
before,cuda:1,1781,1,1.0,1.0,1.0,0.0
before,cuda:1,1782,1,1.0,1.0,1.0,0.0
before,cuda:1,1783,1,1.0,1.0,1.0,0.0
before,cuda:1,1784,1,1.0,1.0,1.0,0.0
before,cuda:1,1785,1,1.0,1.0,1.0,0.0
before,cuda:1,1786,1,1.0,1.0,1.0,0.0
before,cuda:1,1787,1,1.0,1.0,1.0,0.0
before,cuda:1,1788,1,1.0,1.0,1.0,0.0
before,cuda:1,1789,1,1.0,1.0,1.0,0.0
before,cuda:1,1790,1,1.0,1.0,1.0,0.0
before,cuda:1,1791,1,1.0,1.0,1.0,0.0
before,cuda:1,1792,1,1.0,1.0,1.0,0.0
before,cuda:1,1793,1,1.0,1.0,1.0,0.0
before,cuda:1,1794,1,1.0,1.0,1.0,0.0
before,cuda:1,1795,1,1.0,1.0,1.0,0.0
before,cuda:1,1796,1,1.0,1.0,1.0,0.0
before,cuda:1,1797,1,1.0,1.0,1.0,0.0
before,cuda:1,1798,1,1.0,1.0,1.0,0.0
before,cuda:1,1799,1,1.0,1.0,1.0,0.0
before,cuda:1,1800,1,1.0,1.0,1.0,0.0
before,cuda:1,1801,1,1.0,1.0,1.0,0.0
before,cuda:1,1802,1,1.0,1.0,1.0,0.0
before,cuda:1,1803,1,1.0,1.0,1.0,0.0
before,cuda:1,1804,1,1.0,1.0,1.0,0.0
before,cuda:1,1805,1,1.0,1.0,1.0,0.0
before,cuda:1,1806,1,1.0,1.0,1.0,0.0
before,cuda:1,1807,1,1.0,1.0,1.0,0.0
before,cuda:1,1808,1,1.0,1.0,1.0,0.0
before,cuda:1,1809,1,1.0,1.0,1.0,0.0
before,cuda:1,1810,1,1.0,1.0,1.0,0.0
before,cuda:1,1811,1,1.0,1.0,1.0,0.0
before,cuda:1,1812,1,1.0,1.0,1.0,0.0
before,cuda:1,1813,1,1.0,1.0,1.0,0.0
before,cuda:1,1814,1,1.0,1.0,1.0,0.0
before,cuda:1,1815,1,1.0,1.0,1.0,0.0
before,cuda:1,1816,1,1.0,1.0,1.0,0.0
before,cuda:1,1817,1,1.0,1.0,1.0,0.0
before,cuda:1,1818,1,1.0,1.0,1.0,0.0
before,cuda:1,1819,1,1.0,1.0,1.0,0.0
before,cuda:1,1820,1,1.0,1.0,1.0,0.0
before,cuda:1,1821,1,1.0,1.0,1.0,0.0
before,cuda:1,1822,1,1.0,1.0,1.0,0.0
before,cuda:1,1823,1,1.0,1.0,1.0,0.0
before,cuda:1,1824,1,1.0,1.0,1.0,0.0
before,cuda:1,1825,1,1.0,1.0,1.0,0.0
before,cuda:1,1826,1,1.0,1.0,1.0,0.0
before,cuda:1,1827,1,1.0,1.0,1.0,0.0
before,cuda:1,1828,1,1.0,1.0,1.0,0.0
before,cuda:1,1829,1,1.0,1.0,1.0,0.0
before,cuda:1,1830,1,1.0,1.0,1.0,0.0
before,cuda:1,1831,1,1.0,1.0,1.0,0.0
before,cuda:1,1832,1,1.0,1.0,1.0,0.0
before,cuda:1,1833,1,1.0,1.0,1.0,0.0
before,cuda:1,1834,1,1.0,1.0,1.0,0.0
before,cuda:1,1835,1,1.0,1.0,1.0,0.0
before,cuda:1,1836,1,1.0,1.0,1.0,0.0
before,cuda:1,1837,1,1.0,1.0,1.0,0.0
before,cuda:1,1838,1,1.0,1.0,1.0,0.0
before,cuda:1,1839,1,1.0,1.0,1.0,0.0
before,cuda:1,1840,1,1.0,1.0,1.0,0.0
before,cuda:1,1841,1,1.0,1.0,1.0,0.0
before,cuda:1,1842,1,1.0,1.0,1.0,0.0
before,cuda:1,1843,1,1.0,1.0,1.0,0.0
before,cuda:1,1844,1,1.0,1.0,1.0,0.0
before,cuda:1,1845,1,1.0,1.0,1.0,0.0
before,cuda:1,1846,1,1.0,1.0,1.0,0.0
before,cuda:1,1847,1,1.0,1.0,1.0,0.0
before,cuda:1,1848,1,1.0,1.0,1.0,0.0
before,cuda:1,1849,1,1.0,1.0,1.0,0.0
before,cuda:1,1850,1,1.0,1.0,1.0,0.0
before,cuda:1,1851,1,1.0,1.0,1.0,0.0
before,cuda:1,1852,1,1.0,1.0,1.0,0.0
before,cuda:1,1853,1,1.0,1.0,1.0,0.0
before,cuda:1,1854,1,1.0,1.0,1.0,0.0
before,cuda:1,1855,1,1.0,1.0,1.0,0.0
before,cuda:1,1856,1,1.0,1.0,1.0,0.0
before,cuda:1,1857,1,1.0,1.0,1.0,0.0
before,cuda:1,1858,1,1.0,1.0,1.0,0.0
before,cuda:1,1859,1,1.0,1.0,1.0,0.0
before,cuda:1,1860,1,1.0,1.0,1.0,0.0
before,cuda:1,1861,1,1.0,1.0,1.0,0.0
before,cuda:1,1862,1,1.0,1.0,1.0,0.0
before,cuda:1,1863,1,1.0,1.0,1.0,0.0
before,cuda:1,1864,1,1.0,1.0,1.0,0.0
before,cuda:1,1865,1,1.0,1.0,1.0,0.0
before,cuda:1,1866,1,1.0,1.0,1.0,0.0
before,cuda:1,1867,1,1.0,1.0,1.0,0.0
before,cuda:1,1868,1,1.0,1.0,1.0,0.0
before,cuda:1,1869,1,1.0,1.0,1.0,0.0
before,cuda:1,1870,1,1.0,1.0,1.0,0.0
before,cuda:1,1871,1,1.0,1.0,1.0,0.0
before,cuda:1,1872,1,1.0,1.0,1.0,0.0
before,cuda:1,1873,1,1.0,1.0,1.0,0.0
before,cuda:1,1874,1,1.0,1.0,1.0,0.0
before,cuda:1,1875,1,1.0,1.0,1.0,0.0
before,cuda:1,1876,1,1.0,1.0,1.0,0.0
before,cuda:1,1877,1,1.0,1.0,1.0,0.0
before,cuda:1,1878,1,1.0,1.0,1.0,0.0
before,cuda:1,1879,1,1.0,1.0,1.0,0.0
before,cuda:1,1880,1,1.0,1.0,1.0,0.0
before,cuda:1,1881,1,1.0,1.0,1.0,0.0
before,cuda:1,1882,1,1.0,1.0,1.0,0.0
before,cuda:1,1883,1,1.0,1.0,1.0,0.0
before,cuda:1,1884,1,1.0,1.0,1.0,0.0
before,cuda:1,1885,1,1.0,1.0,1.0,0.0
before,cuda:1,1886,1,1.0,1.0,1.0,0.0
before,cuda:1,1887,1,1.0,1.0,1.0,0.0
before,cuda:1,1888,1,1.0,1.0,1.0,0.0
before,cuda:1,1889,1,1.0,1.0,1.0,0.0
before,cuda:1,1890,1,1.0,1.0,1.0,0.0
before,cuda:1,1891,1,1.0,1.0,1.0,0.0
before,cuda:1,1892,1,1.0,1.0,1.0,0.0
before,cuda:1,1893,1,1.0,1.0,1.0,0.0
before,cuda:1,1894,1,1.0,1.0,1.0,0.0
before,cuda:1,1895,1,1.0,1.0,1.0,0.0
before,cuda:1,1896,1,1.0,1.0,1.0,0.0
before,cuda:1,1897,1,1.0,1.0,1.0,0.0
before,cuda:1,1898,1,1.0,1.0,1.0,0.0
before,cuda:1,1899,1,1.0,1.0,1.0,0.0
before,cuda:1,1900,1,1.0,1.0,1.0,0.0
before,cuda:1,1901,1,1.0,1.0,1.0,0.0
before,cuda:1,1902,1,1.0,1.0,1.0,0.0
before,cuda:1,1903,1,1.0,1.0,1.0,0.0
before,cuda:1,1904,1,1.0,1.0,1.0,0.0
before,cuda:1,1905,1,1.0,1.0,1.0,0.0
before,cuda:1,1906,1,1.0,1.0,1.0,0.0
before,cuda:1,1907,1,1.0,1.0,1.0,0.0
before,cuda:1,1908,1,1.0,1.0,1.0,0.0
before,cuda:1,1909,1,1.0,1.0,1.0,0.0
before,cuda:1,1910,1,1.0,1.0,1.0,0.0
before,cuda:1,1911,1,1.0,1.0,1.0,0.0
before,cuda:1,1912,1,1.0,1.0,1.0,0.0
before,cuda:1,1913,1,1.0,1.0,1.0,0.0
before,cuda:1,1914,1,1.0,1.0,1.0,0.0
before,cuda:1,1915,1,1.0,1.0,1.0,0.0
before,cuda:1,1916,1,1.0,1.0,1.0,0.0
before,cuda:1,1917,1,1.0,1.0,1.0,0.0
before,cuda:1,1918,1,1.0,1.0,1.0,0.0
before,cuda:1,1919,1,1.0,1.0,1.0,0.0
before,cuda:1,1920,1,1.0,1.0,1.0,0.0
before,cuda:1,1921,1,1.0,1.0,1.0,0.0
before,cuda:1,1922,1,1.0,1.0,1.0,0.0
before,cuda:1,1923,1,1.0,1.0,1.0,0.0
before,cuda:1,1924,1,1.0,1.0,1.0,0.0
before,cuda:1,1925,1,1.0,1.0,1.0,0.0
before,cuda:1,1926,1,1.0,1.0,1.0,0.0
before,cuda:1,1927,1,1.0,1.0,1.0,0.0
before,cuda:1,1928,1,1.0,1.0,1.0,0.0
before,cuda:1,1929,1,1.0,1.0,1.0,0.0
before,cuda:1,1930,1,1.0,1.0,1.0,0.0
before,cuda:1,1931,1,1.0,1.0,1.0,0.0
before,cuda:1,1932,1,1.0,1.0,1.0,0.0
before,cuda:1,1933,1,1.0,1.0,1.0,0.0
before,cuda:1,1934,1,1.0,1.0,1.0,0.0
before,cuda:1,1935,1,1.0,1.0,1.0,0.0
before,cuda:1,1936,1,1.0,1.0,1.0,0.0
before,cuda:1,1937,1,1.0,1.0,1.0,0.0
before,cuda:1,1938,1,1.0,1.0,1.0,0.0
before,cuda:1,1939,1,1.0,1.0,1.0,0.0
before,cuda:1,1940,1,1.0,1.0,1.0,0.0
before,cuda:1,1941,1,1.0,1.0,1.0,0.0
before,cuda:1,1942,1,1.0,1.0,1.0,0.0
before,cuda:1,1943,1,1.0,1.0,1.0,0.0
before,cuda:1,1944,1,1.0,1.0,1.0,0.0
before,cuda:1,1945,1,1.0,1.0,1.0,0.0
before,cuda:1,1946,1,1.0,1.0,1.0,0.0
before,cuda:1,1947,1,1.0,1.0,1.0,0.0
before,cuda:1,1948,1,1.0,1.0,1.0,0.0
before,cuda:1,1949,1,1.0,1.0,1.0,0.0
before,cuda:1,1950,1,1.0,1.0,1.0,0.0
before,cuda:1,1951,1,1.0,1.0,1.0,0.0
before,cuda:1,1952,1,1.0,1.0,1.0,0.0
before,cuda:1,1953,1,1.0,1.0,1.0,0.0
before,cuda:1,1954,1,1.0,1.0,1.0,0.0
before,cuda:1,1955,1,1.0,1.0,1.0,0.0
before,cuda:1,1956,1,1.0,1.0,1.0,0.0
before,cuda:1,1957,1,1.0,1.0,1.0,0.0
before,cuda:1,1958,1,1.0,1.0,1.0,0.0
before,cuda:1,1959,1,1.0,1.0,1.0,0.0
before,cuda:1,1960,1,1.0,1.0,1.0,0.0
before,cuda:1,1961,1,1.0,1.0,1.0,0.0
before,cuda:1,1962,1,1.0,1.0,1.0,0.0
before,cuda:1,1963,1,1.0,1.0,1.0,0.0
before,cuda:1,1964,1,1.0,1.0,1.0,0.0
before,cuda:1,1965,1,1.0,1.0,1.0,0.0
before,cuda:1,1966,1,1.0,1.0,1.0,0.0
before,cuda:1,1967,1,1.0,1.0,1.0,0.0
before,cuda:1,1968,1,1.0,1.0,1.0,0.0
before,cuda:1,1969,1,1.0,1.0,1.0,0.0
before,cuda:1,1970,1,1.0,1.0,1.0,0.0
before,cuda:1,1971,0,0.0,0.0,0.0,1.0
before,cuda:1,1972,0,0.0,0.0,0.0,1.0
before,cuda:1,1973,0,0.0,0.0,0.0,1.0
before,cuda:1,1974,0,0.0,0.0,0.0,1.0
before,cuda:1,1975,0,0.0,0.0,0.0,1.0
before,cuda:1,1976,0,0.0,0.0,0.0,1.0
before,cuda:1,1977,0,0.0,0.0,0.0,1.0
before,cuda:1,1978,0,0.0,0.0,0.0,1.0
before,cuda:1,1979,0,0.0,0.0,0.0,1.0
before,cuda:1,1980,0,0.0,0.0,0.0,1.0
before,cuda:1,1981,0,0.0,0.0,0.0,1.0
before,cuda:1,1982,0,0.0,0.0,0.0,1.0
before,cuda:1,1983,0,0.0,0.0,0.0,1.0
before,cuda:1,1984,0,0.0,0.0,0.0,1.0
before,cuda:1,1985,0,0.0,0.0,0.0,1.0
before,cuda:1,1986,0,0.0,0.0,0.0,1.0
before,cuda:1,1987,0,0.0,0.0,0.0,1.0
before,cuda:1,1988,0,0.0,0.0,0.0,1.0
before,cuda:1,1989,0,0.0,0.0,0.0,1.0
before,cuda:1,1990,0,0.0,0.0,0.0,1.0
before,cuda:1,1991,0,0.0,0.0,0.0,1.0
before,cuda:1,1992,0,0.0,0.0,0.0,1.0
before,cuda:1,1993,0,0.0,0.0,0.0,1.0
before,cuda:1,1994,0,0.0,0.0,0.0,1.0
before,cuda:1,1995,0,0.0,0.0,0.0,1.0
before,cuda:1,1996,0,0.0,0.0,0.0,1.0
before,cuda:1,1997,0,0.0,0.0,0.0,1.0
before,cuda:1,1998,0,0.0,0.0,0.0,1.0
before,cuda:1,1999,0,0.0,0.0,0.0,1.0
before,cuda:1,2000,0,0.0,0.0,0.0,1.0
before,cuda:1,2001,0,0.0,0.0,0.0,1.0
before,cuda:1,2002,0,0.0,0.0,0.0,1.0
before,cuda:1,2003,0,0.0,0.0,0.0,1.0
before,cuda:1,2004,0,0.0,0.0,0.0,1.0
before,cuda:1,2005,0,0.0,0.0,0.0,1.0
before,cuda:1,2006,0,0.0,0.0,0.0,1.0
before,cuda:1,2007,0,0.0,0.0,0.0,1.0
before,cuda:1,2008,0,0.0,0.0,0.0,1.0
before,cuda:1,2009,0,0.0,0.0,0.0,1.0
before,cuda:1,2010,0,0.0,0.0,0.0,1.0
before,cuda:1,2011,0,0.0,0.0,0.0,1.0
before,cuda:1,2012,0,0.0,0.0,0.0,1.0
before,cuda:1,2013,0,0.0,0.0,0.0,1.0
before,cuda:1,2014,0,0.0,0.0,0.0,1.0
before,cuda:1,2015,0,0.0,0.0,0.0,1.0
before,cuda:1,2016,0,0.0,0.0,0.0,1.0
before,cuda:1,2017,0,0.0,0.0,0.0,1.0
before,cuda:1,2018,0,0.0,0.0,0.0,1.0
before,cuda:1,2019,0,0.0,0.0,0.0,1.0
before,cuda:1,2020,0,0.0,0.0,0.0,1.0
before,cuda:1,2021,0,0.0,0.0,0.0,1.0
before,cuda:1,2022,0,0.0,0.0,0.0,1.0
before,cuda:1,2023,0,0.0,0.0,0.0,1.0
before,cuda:1,2024,0,0.0,0.0,0.0,1.0
before,cuda:1,2025,0,0.0,0.0,0.0,1.0
before,cuda:1,2026,0,0.0,0.0,0.0,1.0
before,cuda:1,2027,0,0.0,0.0,0.0,1.0
before,cuda:1,2028,0,0.0,0.0,0.0,1.0
before,cuda:1,2029,0,0.0,0.0,0.0,1.0
before,cuda:1,2030,0,0.0,0.0,0.0,1.0
before,cuda:1,2031,0,0.0,0.0,0.0,1.0
before,cuda:1,2032,0,0.0,0.0,0.0,1.0
before,cuda:1,2033,0,0.0,0.0,0.0,1.0
before,cuda:1,2034,0,0.0,0.0,0.0,1.0
before,cuda:1,2035,0,0.0,0.0,0.0,1.0
before,cuda:1,2036,0,0.0,0.0,0.0,1.0
before,cuda:1,2037,0,0.0,0.0,0.0,1.0
before,cuda:1,2038,0,0.0,0.0,0.0,1.0
before,cuda:1,2039,0,0.0,0.0,0.0,1.0
before,cuda:1,2040,0,0.0,0.0,0.0,1.0
before,cuda:1,2041,0,0.0,0.0,0.0,1.0
before,cuda:1,2042,0,0.0,0.0,0.0,1.0
before,cuda:1,2043,0,0.0,0.0,0.0,1.0
before,cuda:1,2044,0,0.0,0.0,0.0,1.0
before,cuda:1,2045,0,0.0,0.0,0.0,1.0
before,cuda:1,2046,0,0.0,0.0,0.0,1.0
before,cuda:1,2047,0,0.0,0.0,0.0,1.0
after,cpu,0,1,1.0,1.0,1.0,0.0
after,cpu,1,1,1.0,1.0,1.0,0.0
after,cpu,2,1,1.0,1.0,1.0,0.0
after,cpu,3,1,1.0,1.0,1.0,0.0
after,cpu,4,1,1.0,1.0,1.0,0.0
after,cpu,5,1,1.0,1.0,1.0,0.0
after,cpu,6,1,1.0,1.0,1.0,0.0
after,cpu,7,1,1.0,1.0,1.0,0.0
after,cpu,8,1,1.0,1.0,1.0,0.0
after,cpu,9,1,1.0,1.0,1.0,0.0
after,cpu,10,1,1.0,1.0,1.0,0.0
after,cpu,11,1,1.0,1.0,1.0,0.0
after,cpu,12,1,1.0,1.0,1.0,0.0
after,cpu,13,1,1.0,1.0,1.0,0.0
after,cpu,14,1,1.0,1.0,1.0,0.0
after,cpu,15,1,1.0,1.0,1.0,0.0
after,cpu,16,1,1.0,1.0,1.0,0.0
after,cpu,17,1,1.0,1.0,1.0,0.0
after,cpu,18,1,1.0,1.0,1.0,0.0
after,cpu,19,1,1.0,1.0,1.0,0.0
after,cpu,20,1,1.0,1.0,1.0,0.0
after,cpu,21,1,1.0,1.0,1.0,0.0
after,cpu,22,1,1.0,1.0,1.0,0.0
after,cpu,23,1,1.0,1.0,1.0,0.0
after,cpu,24,1,1.0,1.0,1.0,0.0
after,cpu,25,1,1.0,1.0,1.0,0.0
after,cpu,26,1,1.0,1.0,1.0,0.0
after,cpu,27,1,1.0,1.0,1.0,0.0
after,cpu,28,1,1.0,1.0,1.0,0.0
after,cpu,29,1,1.0,1.0,1.0,0.0
after,cpu,30,1,1.0,1.0,1.0,0.0
after,cpu,31,1,1.0,1.0,1.0,0.0
after,cpu,32,1,1.0,1.0,1.0,0.0
after,cpu,33,1,1.0,1.0,1.0,0.0
after,cpu,34,1,1.0,1.0,1.0,0.0
after,cpu,35,1,1.0,1.0,1.0,0.0
after,cpu,36,1,1.0,1.0,1.0,0.0
after,cpu,37,1,1.0,1.0,1.0,0.0
after,cpu,38,1,1.0,1.0,1.0,0.0
after,cpu,39,1,1.0,1.0,1.0,0.0
after,cpu,40,1,1.0,1.0,1.0,0.0
after,cpu,41,1,1.0,1.0,1.0,0.0
after,cpu,42,1,1.0,1.0,1.0,0.0
after,cpu,43,1,1.0,1.0,1.0,0.0
after,cpu,44,1,1.0,1.0,1.0,0.0
after,cpu,45,1,1.0,1.0,1.0,0.0
after,cpu,46,1,1.0,1.0,1.0,0.0
after,cpu,47,1,1.0,1.0,1.0,0.0
after,cpu,48,1,1.0,1.0,1.0,0.0
after,cpu,49,1,1.0,1.0,1.0,0.0
after,cpu,50,1,1.0,1.0,1.0,0.0
after,cpu,51,1,1.0,1.0,1.0,0.0
after,cpu,52,1,1.0,1.0,1.0,0.0
after,cpu,53,1,1.0,1.0,1.0,0.0
after,cpu,54,1,1.0,1.0,1.0,0.0
after,cpu,55,1,1.0,1.0,1.0,0.0
after,cpu,56,1,1.0,1.0,1.0,0.0
after,cpu,57,1,1.0,1.0,1.0,0.0
after,cpu,58,1,1.0,1.0,1.0,0.0
after,cpu,59,1,1.0,1.0,1.0,0.0
after,cpu,60,1,1.0,1.0,1.0,0.0
after,cpu,61,1,1.0,1.0,1.0,0.0
after,cpu,62,1,1.0,1.0,1.0,0.0
after,cpu,63,1,1.0,1.0,1.0,0.0
after,cpu,64,1,1.0,1.0,1.0,0.0
after,cpu,65,1,1.0,1.0,1.0,0.0
after,cpu,66,1,1.0,1.0,1.0,0.0
after,cpu,67,1,1.0,1.0,1.0,0.0
after,cpu,68,1,1.0,1.0,1.0,0.0
after,cpu,69,1,1.0,1.0,1.0,0.0
after,cpu,70,1,1.0,1.0,1.0,0.0
after,cpu,71,1,1.0,1.0,1.0,0.0
after,cpu,72,1,1.0,1.0,1.0,0.0
after,cpu,73,1,1.0,1.0,1.0,0.0
after,cpu,74,1,1.0,1.0,1.0,0.0
after,cpu,75,1,1.0,1.0,1.0,0.0
after,cpu,76,1,1.0,1.0,1.0,0.0
after,cpu,77,1,1.0,1.0,1.0,0.0
after,cpu,78,1,1.0,1.0,1.0,0.0
after,cpu,79,1,1.0,1.0,1.0,0.0
after,cpu,80,1,1.0,1.0,1.0,0.0
after,cpu,81,1,1.0,1.0,1.0,0.0
after,cpu,82,1,1.0,1.0,1.0,0.0
after,cpu,83,1,1.0,1.0,1.0,0.0
after,cpu,84,1,1.0,1.0,1.0,0.0
after,cpu,85,1,1.0,1.0,1.0,0.0
after,cpu,86,1,1.0,1.0,1.0,0.0
after,cpu,87,1,1.0,1.0,1.0,0.0
after,cpu,88,1,1.0,1.0,1.0,0.0
after,cpu,89,1,1.0,1.0,1.0,0.0
after,cpu,90,1,1.0,1.0,1.0,0.0
after,cpu,91,1,1.0,1.0,1.0,0.0
after,cpu,92,1,1.0,1.0,1.0,0.0
after,cpu,93,1,1.0,1.0,1.0,0.0
after,cpu,94,1,1.0,1.0,1.0,0.0
after,cpu,95,1,1.0,1.0,1.0,0.0
after,cpu,96,1,1.0,1.0,1.0,0.0
after,cpu,97,1,1.0,1.0,1.0,0.0
after,cpu,98,1,1.0,1.0,1.0,0.0
after,cpu,99,1,1.0,1.0,1.0,0.0
after,cpu,100,1,1.0,1.0,1.0,0.0
after,cpu,101,1,1.0,1.0,1.0,0.0
after,cpu,102,1,1.0,1.0,1.0,0.0
after,cpu,103,1,1.0,1.0,1.0,0.0
after,cpu,104,1,1.0,1.0,1.0,0.0
after,cpu,105,1,1.0,1.0,1.0,0.0
after,cpu,106,1,1.0,1.0,1.0,0.0
after,cpu,107,1,1.0,1.0,1.0,0.0
after,cpu,108,1,1.0,1.0,1.0,0.0
after,cpu,109,1,1.0,1.0,1.0,0.0
after,cpu,110,1,1.0,1.0,1.0,0.0
after,cpu,111,1,1.0,1.0,1.0,0.0
after,cpu,112,1,1.0,1.0,1.0,0.0
after,cpu,113,1,1.0,1.0,1.0,0.0
after,cpu,114,1,1.0,1.0,1.0,0.0
after,cpu,115,1,1.0,1.0,1.0,0.0
after,cpu,116,1,1.0,1.0,1.0,0.0
after,cpu,117,1,1.0,1.0,1.0,0.0
after,cpu,118,1,1.0,1.0,1.0,0.0
after,cpu,119,1,1.0,1.0,1.0,0.0
after,cpu,120,1,1.0,1.0,1.0,0.0
after,cpu,121,1,1.0,1.0,1.0,0.0
after,cpu,122,1,1.0,1.0,1.0,0.0
after,cpu,123,1,1.0,1.0,1.0,0.0
after,cpu,124,1,1.0,1.0,1.0,0.0
after,cpu,125,1,1.0,1.0,1.0,0.0
after,cpu,126,1,1.0,1.0,1.0,0.0
after,cpu,127,1,1.0,1.0,1.0,0.0
after,cpu,128,1,1.0,1.0,1.0,0.0
after,cpu,129,1,1.0,1.0,1.0,0.0
after,cpu,130,1,1.0,1.0,1.0,0.0
after,cpu,131,1,1.0,1.0,1.0,0.0
after,cpu,132,1,1.0,1.0,1.0,0.0
after,cpu,133,1,1.0,1.0,1.0,0.0
after,cpu,134,1,1.0,1.0,1.0,0.0
after,cpu,135,1,1.0,1.0,1.0,0.0
after,cpu,136,1,1.0,1.0,1.0,0.0
after,cpu,137,1,1.0,1.0,1.0,0.0
after,cpu,138,1,1.0,1.0,1.0,0.0
after,cpu,139,1,1.0,1.0,1.0,0.0
after,cpu,140,1,1.0,1.0,1.0,0.0
after,cpu,141,1,1.0,1.0,1.0,0.0
after,cpu,142,1,1.0,1.0,1.0,0.0
after,cpu,143,1,1.0,1.0,1.0,0.0
after,cpu,144,1,1.0,1.0,1.0,0.0
after,cpu,145,1,1.0,1.0,1.0,0.0
after,cpu,146,1,1.0,1.0,1.0,0.0
after,cpu,147,1,1.0,1.0,1.0,0.0
after,cpu,148,1,1.0,1.0,1.0,0.0
after,cpu,149,1,1.0,1.0,1.0,0.0
after,cpu,150,1,1.0,1.0,1.0,0.0
after,cpu,151,1,1.0,1.0,1.0,0.0
after,cpu,152,1,1.0,1.0,1.0,0.0
after,cpu,153,1,1.0,1.0,1.0,0.0
after,cpu,154,1,1.0,1.0,1.0,0.0
after,cpu,155,1,1.0,1.0,1.0,0.0
after,cpu,156,1,1.0,1.0,1.0,0.0
after,cpu,157,1,1.0,1.0,1.0,0.0
after,cpu,158,1,1.0,1.0,1.0,0.0
after,cpu,159,1,1.0,1.0,1.0,0.0
after,cpu,160,1,1.0,1.0,1.0,0.0
after,cpu,161,1,1.0,1.0,1.0,0.0
after,cpu,162,1,1.0,1.0,1.0,0.0
after,cpu,163,1,1.0,1.0,1.0,0.0
after,cpu,164,1,1.0,1.0,1.0,0.0
after,cpu,165,1,1.0,1.0,1.0,0.0
after,cpu,166,1,1.0,1.0,1.0,0.0
after,cpu,167,1,1.0,1.0,1.0,0.0
after,cpu,168,1,1.0,1.0,1.0,0.0
after,cpu,169,1,1.0,1.0,1.0,0.0
after,cpu,170,1,1.0,1.0,1.0,0.0
after,cpu,171,1,1.0,1.0,1.0,0.0
after,cpu,172,1,1.0,1.0,1.0,0.0
after,cpu,173,1,1.0,1.0,1.0,0.0
after,cpu,174,1,1.0,1.0,1.0,0.0
after,cpu,175,1,1.0,1.0,1.0,0.0
after,cpu,176,1,1.0,1.0,1.0,0.0
after,cpu,177,1,1.0,1.0,1.0,0.0
after,cpu,178,1,1.0,1.0,1.0,0.0
after,cpu,179,1,1.0,1.0,1.0,0.0
after,cpu,180,1,1.0,1.0,1.0,0.0
after,cpu,181,1,1.0,1.0,1.0,0.0
after,cpu,182,1,1.0,1.0,1.0,0.0
after,cpu,183,1,1.0,1.0,1.0,0.0
after,cpu,184,1,1.0,1.0,1.0,0.0
after,cpu,185,1,1.0,1.0,1.0,0.0
after,cpu,186,1,1.0,1.0,1.0,0.0
after,cpu,187,1,1.0,1.0,1.0,0.0
after,cpu,188,1,1.0,1.0,1.0,0.0
after,cpu,189,1,1.0,1.0,1.0,0.0
after,cpu,190,1,1.0,1.0,1.0,0.0
after,cpu,191,1,1.0,1.0,1.0,0.0
after,cpu,192,1,1.0,1.0,1.0,0.0
after,cpu,193,1,1.0,1.0,1.0,0.0
after,cpu,194,1,1.0,1.0,1.0,0.0
after,cpu,195,1,1.0,1.0,1.0,0.0
after,cpu,196,1,1.0,1.0,1.0,0.0
after,cpu,197,1,1.0,1.0,1.0,0.0
after,cpu,198,1,1.0,1.0,1.0,0.0
after,cpu,199,1,1.0,1.0,1.0,0.0
after,cpu,200,1,1.0,1.0,1.0,0.0
after,cpu,201,1,1.0,1.0,1.0,0.0
after,cpu,202,1,1.0,1.0,1.0,0.0
after,cpu,203,1,1.0,1.0,1.0,0.0
after,cpu,204,1,1.0,1.0,1.0,0.0
after,cpu,205,1,1.0,1.0,1.0,0.0
after,cpu,206,1,1.0,1.0,1.0,0.0
after,cpu,207,1,1.0,1.0,1.0,0.0
after,cpu,208,1,1.0,1.0,1.0,0.0
after,cpu,209,1,1.0,1.0,1.0,0.0
after,cpu,210,1,1.0,1.0,1.0,0.0
after,cpu,211,1,1.0,1.0,1.0,0.0
after,cpu,212,1,1.0,1.0,1.0,0.0
after,cpu,213,1,1.0,1.0,1.0,0.0
after,cpu,214,1,1.0,1.0,1.0,0.0
after,cpu,215,1,1.0,1.0,1.0,0.0
after,cpu,216,1,1.0,1.0,1.0,0.0
after,cpu,217,1,1.0,1.0,1.0,0.0
after,cpu,218,1,1.0,1.0,1.0,0.0
after,cpu,219,1,1.0,1.0,1.0,0.0
after,cpu,220,1,1.0,1.0,1.0,0.0
after,cpu,221,1,1.0,1.0,1.0,0.0
after,cpu,222,1,1.0,1.0,1.0,0.0
after,cpu,223,1,1.0,1.0,1.0,0.0
after,cpu,224,1,1.0,1.0,1.0,0.0
after,cpu,225,1,1.0,1.0,1.0,0.0
after,cpu,226,1,1.0,1.0,1.0,0.0
after,cpu,227,1,1.0,1.0,1.0,0.0
after,cpu,228,1,1.0,1.0,1.0,0.0
after,cpu,229,1,1.0,1.0,1.0,0.0
after,cpu,230,1,1.0,1.0,1.0,0.0
after,cpu,231,1,1.0,1.0,1.0,0.0
after,cpu,232,1,1.0,1.0,1.0,0.0
after,cpu,233,1,1.0,1.0,1.0,0.0
after,cpu,234,1,1.0,1.0,1.0,0.0
after,cpu,235,1,1.0,1.0,1.0,0.0
after,cpu,236,1,1.0,1.0,1.0,0.0
after,cpu,237,1,1.0,1.0,1.0,0.0
after,cpu,238,1,1.0,1.0,1.0,0.0
after,cpu,239,1,1.0,1.0,1.0,0.0
after,cpu,240,1,1.0,1.0,1.0,0.0
after,cpu,241,1,1.0,1.0,1.0,0.0
after,cpu,242,1,1.0,1.0,1.0,0.0
after,cpu,243,1,1.0,1.0,1.0,0.0
after,cpu,244,1,1.0,1.0,1.0,0.0
after,cpu,245,1,1.0,1.0,1.0,0.0
after,cpu,246,1,1.0,1.0,1.0,0.0
after,cpu,247,1,1.0,1.0,1.0,0.0
after,cpu,248,1,1.0,1.0,1.0,0.0
after,cpu,249,1,1.0,1.0,1.0,0.0
after,cpu,250,1,1.0,1.0,1.0,0.0
after,cpu,251,1,1.0,1.0,1.0,0.0
after,cpu,252,1,1.0,1.0,1.0,0.0
after,cpu,253,1,1.0,1.0,1.0,0.0
after,cpu,254,1,1.0,1.0,1.0,0.0
after,cpu,255,1,1.0,1.0,1.0,0.0
after,cpu,256,1,1.0,1.0,1.0,0.0
after,cpu,257,1,1.0,1.0,1.0,0.0
after,cpu,258,1,1.0,1.0,1.0,0.0
after,cpu,259,1,1.0,1.0,1.0,0.0
after,cpu,260,1,1.0,1.0,1.0,0.0
after,cpu,261,1,1.0,1.0,1.0,0.0
after,cpu,262,1,1.0,1.0,1.0,0.0
after,cpu,263,1,1.0,1.0,1.0,0.0
after,cpu,264,1,1.0,1.0,1.0,0.0
after,cpu,265,1,1.0,1.0,1.0,0.0
after,cpu,266,1,1.0,1.0,1.0,0.0
after,cpu,267,1,1.0,1.0,1.0,0.0
after,cpu,268,1,1.0,1.0,1.0,0.0
after,cpu,269,1,1.0,1.0,1.0,0.0
after,cpu,270,1,1.0,1.0,1.0,0.0
after,cpu,271,1,1.0,1.0,1.0,0.0
after,cpu,272,1,1.0,1.0,1.0,0.0
after,cpu,273,1,1.0,1.0,1.0,0.0
after,cpu,274,1,1.0,1.0,1.0,0.0
after,cpu,275,1,1.0,1.0,1.0,0.0
after,cpu,276,1,1.0,1.0,1.0,0.0
after,cpu,277,1,1.0,1.0,1.0,0.0
after,cpu,278,1,1.0,1.0,1.0,0.0
after,cpu,279,1,1.0,1.0,1.0,0.0
after,cpu,280,1,1.0,1.0,1.0,0.0
after,cpu,281,1,1.0,1.0,1.0,0.0
after,cpu,282,1,1.0,1.0,1.0,0.0
after,cpu,283,1,1.0,1.0,1.0,0.0
after,cpu,284,1,1.0,1.0,1.0,0.0
after,cpu,285,1,1.0,1.0,1.0,0.0
after,cpu,286,1,1.0,1.0,1.0,0.0
after,cpu,287,1,1.0,1.0,1.0,0.0
after,cpu,288,1,1.0,1.0,1.0,0.0
after,cpu,289,1,1.0,1.0,1.0,0.0
after,cpu,290,1,1.0,1.0,1.0,0.0
after,cpu,291,1,1.0,1.0,1.0,0.0
after,cpu,292,1,1.0,1.0,1.0,0.0
after,cpu,293,1,1.0,1.0,1.0,0.0
after,cpu,294,1,1.0,1.0,1.0,0.0
after,cpu,295,1,1.0,1.0,1.0,0.0
after,cpu,296,1,1.0,1.0,1.0,0.0
after,cpu,297,1,1.0,1.0,1.0,0.0
after,cpu,298,1,1.0,1.0,1.0,0.0
after,cpu,299,1,1.0,1.0,1.0,0.0
after,cpu,300,1,1.0,1.0,1.0,0.0
after,cpu,301,1,1.0,1.0,1.0,0.0
after,cpu,302,1,1.0,1.0,1.0,0.0
after,cpu,303,1,1.0,1.0,1.0,0.0
after,cpu,304,1,1.0,1.0,1.0,0.0
after,cpu,305,1,1.0,1.0,1.0,0.0
after,cpu,306,1,1.0,1.0,1.0,0.0
after,cpu,307,1,1.0,1.0,1.0,0.0
after,cpu,308,1,1.0,1.0,1.0,0.0
after,cpu,309,1,1.0,1.0,1.0,0.0
after,cpu,310,1,1.0,1.0,1.0,0.0
after,cpu,311,1,1.0,1.0,1.0,0.0
after,cpu,312,1,1.0,1.0,1.0,0.0
after,cpu,313,1,1.0,1.0,1.0,0.0
after,cpu,314,1,1.0,1.0,1.0,0.0
after,cpu,315,1,1.0,1.0,1.0,0.0
after,cpu,316,1,1.0,1.0,1.0,0.0
after,cpu,317,1,1.0,1.0,1.0,0.0
after,cpu,318,1,1.0,1.0,1.0,0.0
after,cpu,319,1,1.0,1.0,1.0,0.0
after,cpu,320,1,1.0,1.0,1.0,0.0
after,cpu,321,1,1.0,1.0,1.0,0.0
after,cpu,322,1,1.0,1.0,1.0,0.0
after,cpu,323,1,1.0,1.0,1.0,0.0
after,cpu,324,1,1.0,1.0,1.0,0.0
after,cpu,325,1,1.0,1.0,1.0,0.0
after,cpu,326,1,1.0,1.0,1.0,0.0
after,cpu,327,1,1.0,1.0,1.0,0.0
after,cpu,328,1,1.0,1.0,1.0,0.0
after,cpu,329,1,1.0,1.0,1.0,0.0
after,cpu,330,1,1.0,1.0,1.0,0.0
after,cpu,331,1,1.0,1.0,1.0,0.0
after,cpu,332,1,1.0,1.0,1.0,0.0
after,cpu,333,1,1.0,1.0,1.0,0.0
after,cpu,334,1,1.0,1.0,1.0,0.0
after,cpu,335,1,1.0,1.0,1.0,0.0
after,cpu,336,1,1.0,1.0,1.0,0.0
after,cpu,337,1,1.0,1.0,1.0,0.0
after,cpu,338,1,1.0,1.0,1.0,0.0
after,cpu,339,1,1.0,1.0,1.0,0.0
after,cpu,340,1,1.0,1.0,1.0,0.0
after,cpu,341,1,1.0,1.0,1.0,0.0
after,cpu,342,1,1.0,1.0,1.0,0.0
after,cpu,343,1,1.0,1.0,1.0,0.0
after,cpu,344,1,1.0,1.0,1.0,0.0
after,cpu,345,1,1.0,1.0,1.0,0.0
after,cpu,346,1,1.0,1.0,1.0,0.0
after,cpu,347,1,1.0,1.0,1.0,0.0
after,cpu,348,1,1.0,1.0,1.0,0.0
after,cpu,349,1,1.0,1.0,1.0,0.0
after,cpu,350,1,1.0,1.0,1.0,0.0
after,cpu,351,1,1.0,1.0,1.0,0.0
after,cpu,352,1,1.0,1.0,1.0,0.0
after,cpu,353,1,1.0,1.0,1.0,0.0
after,cpu,354,1,1.0,1.0,1.0,0.0
after,cpu,355,1,1.0,1.0,1.0,0.0
after,cpu,356,1,1.0,1.0,1.0,0.0
after,cpu,357,1,1.0,1.0,1.0,0.0
after,cpu,358,1,1.0,1.0,1.0,0.0
after,cpu,359,1,1.0,1.0,1.0,0.0
after,cpu,360,1,1.0,1.0,1.0,0.0
after,cpu,361,1,1.0,1.0,1.0,0.0
after,cpu,362,1,1.0,1.0,1.0,0.0
after,cpu,363,1,1.0,1.0,1.0,0.0
after,cpu,364,1,1.0,1.0,1.0,0.0
after,cpu,365,1,1.0,1.0,1.0,0.0
after,cpu,366,1,1.0,1.0,1.0,0.0
after,cpu,367,1,1.0,1.0,1.0,0.0
after,cpu,368,1,1.0,1.0,1.0,0.0
after,cpu,369,1,1.0,1.0,1.0,0.0
after,cpu,370,1,1.0,1.0,1.0,0.0
after,cpu,371,1,1.0,1.0,1.0,0.0
after,cpu,372,1,1.0,1.0,1.0,0.0
after,cpu,373,1,1.0,1.0,1.0,0.0
after,cpu,374,1,1.0,1.0,1.0,0.0
after,cpu,375,1,1.0,1.0,1.0,0.0
after,cpu,376,1,1.0,1.0,1.0,0.0
after,cpu,377,1,1.0,1.0,1.0,0.0
after,cpu,378,1,1.0,1.0,1.0,0.0
after,cpu,379,1,1.0,1.0,1.0,0.0
after,cpu,380,1,1.0,1.0,1.0,0.0
after,cpu,381,1,1.0,1.0,1.0,0.0
after,cpu,382,1,1.0,1.0,1.0,0.0
after,cpu,383,1,1.0,1.0,1.0,0.0
after,cpu,384,1,1.0,1.0,1.0,0.0
after,cpu,385,1,1.0,1.0,1.0,0.0
after,cpu,386,1,1.0,1.0,1.0,0.0
after,cpu,387,1,1.0,1.0,1.0,0.0
after,cpu,388,1,1.0,1.0,1.0,0.0
after,cpu,389,1,1.0,1.0,1.0,0.0
after,cpu,390,1,1.0,1.0,1.0,0.0
after,cpu,391,1,1.0,1.0,1.0,0.0
after,cpu,392,1,1.0,1.0,1.0,0.0
after,cpu,393,1,1.0,1.0,1.0,0.0
after,cpu,394,1,1.0,1.0,1.0,0.0
after,cpu,395,1,1.0,1.0,1.0,0.0
after,cpu,396,1,1.0,1.0,1.0,0.0
after,cpu,397,1,1.0,1.0,1.0,0.0
after,cpu,398,1,1.0,1.0,1.0,0.0
after,cpu,399,1,1.0,1.0,1.0,0.0
after,cpu,400,1,1.0,1.0,1.0,0.0
after,cpu,401,1,1.0,1.0,1.0,0.0
after,cpu,402,1,1.0,1.0,1.0,0.0
after,cpu,403,1,1.0,1.0,1.0,0.0
after,cpu,404,1,1.0,1.0,1.0,0.0
after,cpu,405,1,1.0,1.0,1.0,0.0
after,cpu,406,1,1.0,1.0,1.0,0.0
after,cpu,407,1,1.0,1.0,1.0,0.0
after,cpu,408,1,1.0,1.0,1.0,0.0
after,cpu,409,1,1.0,1.0,1.0,0.0
after,cpu,410,1,1.0,1.0,1.0,0.0
after,cpu,411,1,1.0,1.0,1.0,0.0
after,cpu,412,1,1.0,1.0,1.0,0.0
after,cpu,413,1,1.0,1.0,1.0,0.0
after,cpu,414,1,1.0,1.0,1.0,0.0
after,cpu,415,1,1.0,1.0,1.0,0.0
after,cpu,416,1,1.0,1.0,1.0,0.0
after,cpu,417,1,1.0,1.0,1.0,0.0
after,cpu,418,1,1.0,1.0,1.0,0.0
after,cpu,419,1,1.0,1.0,1.0,0.0
after,cpu,420,1,1.0,1.0,1.0,0.0
after,cpu,421,1,1.0,1.0,1.0,0.0
after,cpu,422,1,1.0,1.0,1.0,0.0
after,cpu,423,1,1.0,1.0,1.0,0.0
after,cpu,424,1,1.0,1.0,1.0,0.0
after,cpu,425,1,1.0,1.0,1.0,0.0
after,cpu,426,1,1.0,1.0,1.0,0.0
after,cpu,427,1,1.0,1.0,1.0,0.0
after,cpu,428,1,1.0,1.0,1.0,0.0
after,cpu,429,1,1.0,1.0,1.0,0.0
after,cpu,430,1,1.0,1.0,1.0,0.0
after,cpu,431,1,1.0,1.0,1.0,0.0
after,cpu,432,1,1.0,1.0,1.0,0.0
after,cpu,433,1,1.0,1.0,1.0,0.0
after,cpu,434,1,1.0,1.0,1.0,0.0
after,cpu,435,1,1.0,1.0,1.0,0.0
after,cpu,436,1,1.0,1.0,1.0,0.0
after,cpu,437,1,1.0,1.0,1.0,0.0
after,cpu,438,1,1.0,1.0,1.0,0.0
after,cpu,439,1,1.0,1.0,1.0,0.0
after,cpu,440,1,1.0,1.0,1.0,0.0
after,cpu,441,1,1.0,1.0,1.0,0.0
after,cpu,442,1,1.0,1.0,1.0,0.0
after,cpu,443,1,1.0,1.0,1.0,0.0
after,cpu,444,1,1.0,1.0,1.0,0.0
after,cpu,445,1,1.0,1.0,1.0,0.0
after,cpu,446,1,1.0,1.0,1.0,0.0
after,cpu,447,1,1.0,1.0,1.0,0.0
after,cpu,448,1,1.0,1.0,1.0,0.0
after,cpu,449,1,1.0,1.0,1.0,0.0
after,cpu,450,1,1.0,1.0,1.0,0.0
after,cpu,451,1,1.0,1.0,1.0,0.0
after,cpu,452,1,1.0,1.0,1.0,0.0
after,cpu,453,1,1.0,1.0,1.0,0.0
after,cpu,454,1,1.0,1.0,1.0,0.0
after,cpu,455,1,1.0,1.0,1.0,0.0
after,cpu,456,1,1.0,1.0,1.0,0.0
after,cpu,457,1,1.0,1.0,1.0,0.0
after,cpu,458,1,1.0,1.0,1.0,0.0
after,cpu,459,1,1.0,1.0,1.0,0.0
after,cpu,460,1,1.0,1.0,1.0,0.0
after,cpu,461,1,1.0,1.0,1.0,0.0
after,cpu,462,1,1.0,1.0,1.0,0.0
after,cpu,463,1,1.0,1.0,1.0,0.0
after,cpu,464,1,1.0,1.0,1.0,0.0
after,cpu,465,1,1.0,1.0,1.0,0.0
after,cpu,466,1,1.0,1.0,1.0,0.0
after,cpu,467,1,1.0,1.0,1.0,0.0
after,cpu,468,1,1.0,1.0,1.0,0.0
after,cpu,469,1,1.0,1.0,1.0,0.0
after,cpu,470,1,1.0,1.0,1.0,0.0
after,cpu,471,1,1.0,1.0,1.0,0.0
after,cpu,472,1,1.0,1.0,1.0,0.0
after,cpu,473,1,1.0,1.0,1.0,0.0
after,cpu,474,1,1.0,1.0,1.0,0.0
after,cpu,475,1,1.0,1.0,1.0,0.0
after,cpu,476,1,1.0,1.0,1.0,0.0
after,cpu,477,1,1.0,1.0,1.0,0.0
after,cpu,478,1,1.0,1.0,1.0,0.0
after,cpu,479,1,1.0,1.0,1.0,0.0
after,cpu,480,1,1.0,1.0,1.0,0.0
after,cpu,481,1,1.0,1.0,1.0,0.0
after,cpu,482,1,1.0,1.0,1.0,0.0
after,cpu,483,1,1.0,1.0,1.0,0.0
after,cpu,484,1,1.0,1.0,1.0,0.0
after,cpu,485,1,1.0,1.0,1.0,0.0
after,cpu,486,1,1.0,1.0,1.0,0.0
after,cpu,487,1,1.0,1.0,1.0,0.0
after,cpu,488,1,1.0,1.0,1.0,0.0
after,cpu,489,1,1.0,1.0,1.0,0.0
after,cpu,490,1,1.0,1.0,1.0,0.0
after,cpu,491,1,1.0,1.0,1.0,0.0
after,cpu,492,1,1.0,1.0,1.0,0.0
after,cpu,493,1,1.0,1.0,1.0,0.0
after,cpu,494,1,1.0,1.0,1.0,0.0
after,cpu,495,1,1.0,1.0,1.0,0.0
after,cpu,496,1,1.0,1.0,1.0,0.0
after,cpu,497,1,1.0,1.0,1.0,0.0
after,cpu,498,1,1.0,1.0,1.0,0.0
after,cpu,499,1,1.0,1.0,1.0,0.0
after,cpu,500,1,1.0,1.0,1.0,0.0
after,cpu,501,1,1.0,1.0,1.0,0.0
after,cpu,502,1,1.0,1.0,1.0,0.0
after,cpu,503,1,1.0,1.0,1.0,0.0
after,cpu,504,1,1.0,1.0,1.0,0.0
after,cpu,505,1,1.0,1.0,1.0,0.0
after,cpu,506,1,1.0,1.0,1.0,0.0
after,cpu,507,1,1.0,1.0,1.0,0.0
after,cpu,508,1,1.0,1.0,1.0,0.0
after,cpu,509,1,1.0,1.0,1.0,0.0
after,cpu,510,1,1.0,1.0,1.0,0.0
after,cpu,511,1,1.0,1.0,1.0,0.0
after,cpu,512,1,1.0,1.0,1.0,0.0
after,cpu,513,1,1.0,1.0,1.0,0.0
after,cpu,514,1,1.0,1.0,1.0,0.0
after,cpu,515,1,1.0,1.0,1.0,0.0
after,cpu,516,1,1.0,1.0,1.0,0.0
after,cpu,517,1,1.0,1.0,1.0,0.0
after,cpu,518,1,1.0,1.0,1.0,0.0
after,cpu,519,1,1.0,1.0,1.0,0.0
after,cpu,520,1,1.0,1.0,1.0,0.0
after,cpu,521,1,1.0,1.0,1.0,0.0
after,cpu,522,1,1.0,1.0,1.0,0.0
after,cpu,523,1,1.0,1.0,1.0,0.0
after,cpu,524,1,1.0,1.0,1.0,0.0
after,cpu,525,1,1.0,1.0,1.0,0.0
after,cpu,526,1,1.0,1.0,1.0,0.0
after,cpu,527,1,1.0,1.0,1.0,0.0
after,cpu,528,1,1.0,1.0,1.0,0.0
after,cpu,529,1,1.0,1.0,1.0,0.0
after,cpu,530,1,1.0,1.0,1.0,0.0
after,cpu,531,1,1.0,1.0,1.0,0.0
after,cpu,532,1,1.0,1.0,1.0,0.0
after,cpu,533,1,1.0,1.0,1.0,0.0
after,cpu,534,1,1.0,1.0,1.0,0.0
after,cpu,535,1,1.0,1.0,1.0,0.0
after,cpu,536,1,1.0,1.0,1.0,0.0
after,cpu,537,1,1.0,1.0,1.0,0.0
after,cpu,538,1,1.0,1.0,1.0,0.0
after,cpu,539,1,1.0,1.0,1.0,0.0
after,cpu,540,1,1.0,1.0,1.0,0.0
after,cpu,541,1,1.0,1.0,1.0,0.0
after,cpu,542,1,1.0,1.0,1.0,0.0
after,cpu,543,1,1.0,1.0,1.0,0.0
after,cpu,544,1,1.0,1.0,1.0,0.0
after,cpu,545,1,1.0,1.0,1.0,0.0
after,cpu,546,1,1.0,1.0,1.0,0.0
after,cpu,547,1,1.0,1.0,1.0,0.0
after,cpu,548,1,1.0,1.0,1.0,0.0
after,cpu,549,1,1.0,1.0,1.0,0.0
after,cpu,550,1,1.0,1.0,1.0,0.0
after,cpu,551,1,1.0,1.0,1.0,0.0
after,cpu,552,1,1.0,1.0,1.0,0.0
after,cpu,553,1,1.0,1.0,1.0,0.0
after,cpu,554,1,1.0,1.0,1.0,0.0
after,cpu,555,1,1.0,1.0,1.0,0.0
after,cpu,556,1,1.0,1.0,1.0,0.0
after,cpu,557,1,1.0,1.0,1.0,0.0
after,cpu,558,1,1.0,1.0,1.0,0.0
after,cpu,559,1,1.0,1.0,1.0,0.0
after,cpu,560,1,1.0,1.0,1.0,0.0
after,cpu,561,1,1.0,1.0,1.0,0.0
after,cpu,562,1,1.0,1.0,1.0,0.0
after,cpu,563,1,1.0,1.0,1.0,0.0
after,cpu,564,1,1.0,1.0,1.0,0.0
after,cpu,565,1,1.0,1.0,1.0,0.0
after,cpu,566,1,1.0,1.0,1.0,0.0
after,cpu,567,1,1.0,1.0,1.0,0.0
after,cpu,568,1,1.0,1.0,1.0,0.0
after,cpu,569,1,1.0,1.0,1.0,0.0
after,cpu,570,1,1.0,1.0,1.0,0.0
after,cpu,571,1,1.0,1.0,1.0,0.0
after,cpu,572,1,1.0,1.0,1.0,0.0
after,cpu,573,1,1.0,1.0,1.0,0.0
after,cpu,574,1,1.0,1.0,1.0,0.0
after,cpu,575,1,1.0,1.0,1.0,0.0
after,cpu,576,1,1.0,1.0,1.0,0.0
after,cpu,577,1,1.0,1.0,1.0,0.0
after,cpu,578,1,1.0,1.0,1.0,0.0
after,cpu,579,1,1.0,1.0,1.0,0.0
after,cpu,580,1,1.0,1.0,1.0,0.0
after,cpu,581,1,1.0,1.0,1.0,0.0
after,cpu,582,1,1.0,1.0,1.0,0.0
after,cpu,583,1,1.0,1.0,1.0,0.0
after,cpu,584,1,1.0,1.0,1.0,0.0
after,cpu,585,1,1.0,1.0,1.0,0.0
after,cpu,586,1,1.0,1.0,1.0,0.0
after,cpu,587,1,1.0,1.0,1.0,0.0
after,cpu,588,1,1.0,1.0,1.0,0.0
after,cpu,589,1,1.0,1.0,1.0,0.0
after,cpu,590,1,1.0,1.0,1.0,0.0
after,cpu,591,1,1.0,1.0,1.0,0.0
after,cpu,592,1,1.0,1.0,1.0,0.0
after,cpu,593,1,1.0,1.0,1.0,0.0
after,cpu,594,1,1.0,1.0,1.0,0.0
after,cpu,595,1,1.0,1.0,1.0,0.0
after,cpu,596,1,1.0,1.0,1.0,0.0
after,cpu,597,1,1.0,1.0,1.0,0.0
after,cpu,598,1,1.0,1.0,1.0,0.0
after,cpu,599,1,1.0,1.0,1.0,0.0
after,cpu,600,1,1.0,1.0,1.0,0.0
after,cpu,601,1,1.0,1.0,1.0,0.0
after,cpu,602,1,1.0,1.0,1.0,0.0
after,cpu,603,1,1.0,1.0,1.0,0.0
after,cpu,604,1,1.0,1.0,1.0,0.0
after,cpu,605,1,1.0,1.0,1.0,0.0
after,cpu,606,1,1.0,1.0,1.0,0.0
after,cpu,607,1,1.0,1.0,1.0,0.0
after,cpu,608,1,1.0,1.0,1.0,0.0
after,cpu,609,1,1.0,1.0,1.0,0.0
after,cpu,610,1,1.0,1.0,1.0,0.0
after,cpu,611,1,1.0,1.0,1.0,0.0
after,cpu,612,1,1.0,1.0,1.0,0.0
after,cpu,613,1,1.0,1.0,1.0,0.0
after,cpu,614,1,1.0,1.0,1.0,0.0
after,cpu,615,1,1.0,1.0,1.0,0.0
after,cpu,616,1,1.0,1.0,1.0,0.0
after,cpu,617,1,1.0,1.0,1.0,0.0
after,cpu,618,1,1.0,1.0,1.0,0.0
after,cpu,619,1,1.0,1.0,1.0,0.0
after,cpu,620,1,1.0,1.0,1.0,0.0
after,cpu,621,1,1.0,1.0,1.0,0.0
after,cpu,622,1,1.0,1.0,1.0,0.0
after,cpu,623,1,1.0,1.0,1.0,0.0
after,cpu,624,1,1.0,1.0,1.0,0.0
after,cpu,625,1,1.0,1.0,1.0,0.0
after,cpu,626,1,1.0,1.0,1.0,0.0
after,cpu,627,1,1.0,1.0,1.0,0.0
after,cpu,628,1,1.0,1.0,1.0,0.0
after,cpu,629,1,1.0,1.0,1.0,0.0
after,cpu,630,1,1.0,1.0,1.0,0.0
after,cpu,631,1,1.0,1.0,1.0,0.0
after,cpu,632,1,1.0,1.0,1.0,0.0
after,cpu,633,1,1.0,1.0,1.0,0.0
after,cpu,634,1,1.0,1.0,1.0,0.0
after,cpu,635,1,1.0,1.0,1.0,0.0
after,cpu,636,1,1.0,1.0,1.0,0.0
after,cpu,637,1,1.0,1.0,1.0,0.0
after,cpu,638,1,1.0,1.0,1.0,0.0
after,cpu,639,1,1.0,1.0,1.0,0.0
after,cpu,640,1,1.0,1.0,1.0,0.0
after,cpu,641,1,1.0,1.0,1.0,0.0
after,cpu,642,1,1.0,1.0,1.0,0.0
after,cpu,643,1,1.0,1.0,1.0,0.0
after,cpu,644,1,1.0,1.0,1.0,0.0
after,cpu,645,1,1.0,1.0,1.0,0.0
after,cpu,646,1,1.0,1.0,1.0,0.0
after,cpu,647,1,1.0,1.0,1.0,0.0
after,cpu,648,1,1.0,1.0,1.0,0.0
after,cpu,649,1,1.0,1.0,1.0,0.0
after,cpu,650,1,1.0,1.0,1.0,0.0
after,cpu,651,1,1.0,1.0,1.0,0.0
after,cpu,652,1,1.0,1.0,1.0,0.0
after,cpu,653,1,1.0,1.0,1.0,0.0
after,cpu,654,1,1.0,1.0,1.0,0.0
after,cpu,655,1,1.0,1.0,1.0,0.0
after,cpu,656,1,1.0,1.0,1.0,0.0
after,cpu,657,1,1.0,1.0,1.0,0.0
after,cpu,658,1,1.0,1.0,1.0,0.0
after,cpu,659,1,1.0,1.0,1.0,0.0
after,cpu,660,1,1.0,1.0,1.0,0.0
after,cpu,661,1,1.0,1.0,1.0,0.0
after,cpu,662,1,1.0,1.0,1.0,0.0
after,cpu,663,1,1.0,1.0,1.0,0.0
after,cpu,664,1,1.0,1.0,1.0,0.0
after,cpu,665,1,1.0,1.0,1.0,0.0
after,cpu,666,1,1.0,1.0,1.0,0.0
after,cpu,667,1,1.0,1.0,1.0,0.0
after,cpu,668,1,1.0,1.0,1.0,0.0
after,cpu,669,1,1.0,1.0,1.0,0.0
after,cpu,670,1,1.0,1.0,1.0,0.0
after,cpu,671,1,1.0,1.0,1.0,0.0
after,cpu,672,1,1.0,1.0,1.0,0.0
after,cpu,673,1,1.0,1.0,1.0,0.0
after,cpu,674,1,1.0,1.0,1.0,0.0
after,cpu,675,1,1.0,1.0,1.0,0.0
after,cpu,676,1,1.0,1.0,1.0,0.0
after,cpu,677,1,1.0,1.0,1.0,0.0
after,cpu,678,1,1.0,1.0,1.0,0.0
after,cpu,679,1,1.0,1.0,1.0,0.0
after,cpu,680,1,1.0,1.0,1.0,0.0
after,cpu,681,1,1.0,1.0,1.0,0.0
after,cpu,682,1,1.0,1.0,1.0,0.0
after,cpu,683,1,1.0,1.0,1.0,0.0
after,cpu,684,1,1.0,1.0,1.0,0.0
after,cpu,685,1,1.0,1.0,1.0,0.0
after,cpu,686,1,1.0,1.0,1.0,0.0
after,cpu,687,1,1.0,1.0,1.0,0.0
after,cpu,688,1,1.0,1.0,1.0,0.0
after,cpu,689,1,1.0,1.0,1.0,0.0
after,cpu,690,1,1.0,1.0,1.0,0.0
after,cpu,691,1,1.0,1.0,1.0,0.0
after,cpu,692,1,1.0,1.0,1.0,0.0
after,cpu,693,1,1.0,1.0,1.0,0.0
after,cpu,694,1,1.0,1.0,1.0,0.0
after,cpu,695,1,1.0,1.0,1.0,0.0
after,cpu,696,1,1.0,1.0,1.0,0.0
after,cpu,697,1,1.0,1.0,1.0,0.0
after,cpu,698,1,1.0,1.0,1.0,0.0
after,cpu,699,1,1.0,1.0,1.0,0.0
after,cpu,700,1,1.0,1.0,1.0,0.0
after,cpu,701,1,1.0,1.0,1.0,0.0
after,cpu,702,1,1.0,1.0,1.0,0.0
after,cpu,703,1,1.0,1.0,1.0,0.0
after,cpu,704,1,1.0,1.0,1.0,0.0
after,cpu,705,1,1.0,1.0,1.0,0.0
after,cpu,706,1,1.0,1.0,1.0,0.0
after,cpu,707,1,1.0,1.0,1.0,0.0
after,cpu,708,1,1.0,1.0,1.0,0.0
after,cpu,709,1,1.0,1.0,1.0,0.0
after,cpu,710,1,1.0,1.0,1.0,0.0
after,cpu,711,1,1.0,1.0,1.0,0.0
after,cpu,712,1,1.0,1.0,1.0,0.0
after,cpu,713,1,1.0,1.0,1.0,0.0
after,cpu,714,1,1.0,1.0,1.0,0.0
after,cpu,715,1,1.0,1.0,1.0,0.0
after,cpu,716,1,1.0,1.0,1.0,0.0
after,cpu,717,1,1.0,1.0,1.0,0.0
after,cpu,718,1,1.0,1.0,1.0,0.0
after,cpu,719,1,1.0,1.0,1.0,0.0
after,cpu,720,1,1.0,1.0,1.0,0.0
after,cpu,721,1,1.0,1.0,1.0,0.0
after,cpu,722,1,1.0,1.0,1.0,0.0
after,cpu,723,1,1.0,1.0,1.0,0.0
after,cpu,724,1,1.0,1.0,1.0,0.0
after,cpu,725,1,1.0,1.0,1.0,0.0
after,cpu,726,1,1.0,1.0,1.0,0.0
after,cpu,727,1,1.0,1.0,1.0,0.0
after,cpu,728,1,1.0,1.0,1.0,0.0
after,cpu,729,1,1.0,1.0,1.0,0.0
after,cpu,730,1,1.0,1.0,1.0,0.0
after,cpu,731,1,1.0,1.0,1.0,0.0
after,cpu,732,1,1.0,1.0,1.0,0.0
after,cpu,733,1,1.0,1.0,1.0,0.0
after,cpu,734,1,1.0,1.0,1.0,0.0
after,cpu,735,1,1.0,1.0,1.0,0.0
after,cpu,736,1,1.0,1.0,1.0,0.0
after,cpu,737,1,1.0,1.0,1.0,0.0
after,cpu,738,1,1.0,1.0,1.0,0.0
after,cpu,739,1,1.0,1.0,1.0,0.0
after,cpu,740,1,1.0,1.0,1.0,0.0
after,cpu,741,1,1.0,1.0,1.0,0.0
after,cpu,742,1,1.0,1.0,1.0,0.0
after,cpu,743,1,1.0,1.0,1.0,0.0
after,cpu,744,1,1.0,1.0,1.0,0.0
after,cpu,745,1,1.0,1.0,1.0,0.0
after,cpu,746,1,1.0,1.0,1.0,0.0
after,cpu,747,1,1.0,1.0,1.0,0.0
after,cpu,748,1,1.0,1.0,1.0,0.0
after,cpu,749,1,1.0,1.0,1.0,0.0
after,cpu,750,1,1.0,1.0,1.0,0.0
after,cpu,751,1,1.0,1.0,1.0,0.0
after,cpu,752,1,1.0,1.0,1.0,0.0
after,cpu,753,1,1.0,1.0,1.0,0.0
after,cpu,754,1,1.0,1.0,1.0,0.0
after,cpu,755,1,1.0,1.0,1.0,0.0
after,cpu,756,1,1.0,1.0,1.0,0.0
after,cpu,757,1,1.0,1.0,1.0,0.0
after,cpu,758,1,1.0,1.0,1.0,0.0
after,cpu,759,1,1.0,1.0,1.0,0.0
after,cpu,760,1,1.0,1.0,1.0,0.0
after,cpu,761,1,1.0,1.0,1.0,0.0
after,cpu,762,1,1.0,1.0,1.0,0.0
after,cpu,763,1,1.0,1.0,1.0,0.0
after,cpu,764,1,1.0,1.0,1.0,0.0
after,cpu,765,1,1.0,1.0,1.0,0.0
after,cpu,766,1,1.0,1.0,1.0,0.0
after,cpu,767,1,1.0,1.0,1.0,0.0
after,cpu,768,1,1.0,1.0,1.0,0.0
after,cpu,769,1,1.0,1.0,1.0,0.0
after,cpu,770,1,1.0,1.0,1.0,0.0
after,cpu,771,1,1.0,1.0,1.0,0.0
after,cpu,772,1,1.0,1.0,1.0,0.0
after,cpu,773,1,1.0,1.0,1.0,0.0
after,cpu,774,1,1.0,1.0,1.0,0.0
after,cpu,775,1,1.0,1.0,1.0,0.0
after,cpu,776,1,1.0,1.0,1.0,0.0
after,cpu,777,1,1.0,1.0,1.0,0.0
after,cpu,778,1,1.0,1.0,1.0,0.0
after,cpu,779,1,1.0,1.0,1.0,0.0
after,cpu,780,1,1.0,1.0,1.0,0.0
after,cpu,781,1,1.0,1.0,1.0,0.0
after,cpu,782,1,1.0,1.0,1.0,0.0
after,cpu,783,1,1.0,1.0,1.0,0.0
after,cpu,784,1,1.0,1.0,1.0,0.0
after,cpu,785,1,1.0,1.0,1.0,0.0
after,cpu,786,1,1.0,1.0,1.0,0.0
after,cpu,787,1,1.0,1.0,1.0,0.0
after,cpu,788,1,1.0,1.0,1.0,0.0
after,cpu,789,1,1.0,1.0,1.0,0.0
after,cpu,790,1,1.0,1.0,1.0,0.0
after,cpu,791,1,1.0,1.0,1.0,0.0
after,cpu,792,1,1.0,1.0,1.0,0.0
after,cpu,793,1,1.0,1.0,1.0,0.0
after,cpu,794,1,1.0,1.0,1.0,0.0
after,cpu,795,1,1.0,1.0,1.0,0.0
after,cpu,796,1,1.0,1.0,1.0,0.0
after,cpu,797,1,1.0,1.0,1.0,0.0
after,cpu,798,1,1.0,1.0,1.0,0.0
after,cpu,799,1,1.0,1.0,1.0,0.0
after,cpu,800,1,1.0,1.0,1.0,0.0
after,cpu,801,1,1.0,1.0,1.0,0.0
after,cpu,802,1,1.0,1.0,1.0,0.0
after,cpu,803,1,1.0,1.0,1.0,0.0
after,cpu,804,1,1.0,1.0,1.0,0.0
after,cpu,805,1,1.0,1.0,1.0,0.0
after,cpu,806,1,1.0,1.0,1.0,0.0
after,cpu,807,1,1.0,1.0,1.0,0.0
after,cpu,808,1,1.0,1.0,1.0,0.0
after,cpu,809,1,1.0,1.0,1.0,0.0
after,cpu,810,1,1.0,1.0,1.0,0.0
after,cpu,811,1,1.0,1.0,1.0,0.0
after,cpu,812,1,1.0,1.0,1.0,0.0
after,cpu,813,1,1.0,1.0,1.0,0.0
after,cpu,814,1,1.0,1.0,1.0,0.0
after,cpu,815,1,1.0,1.0,1.0,0.0
after,cpu,816,1,1.0,1.0,1.0,0.0
after,cpu,817,1,1.0,1.0,1.0,0.0
after,cpu,818,1,1.0,1.0,1.0,0.0
after,cpu,819,1,1.0,1.0,1.0,0.0
after,cpu,820,1,1.0,1.0,1.0,0.0
after,cpu,821,1,1.0,1.0,1.0,0.0
after,cpu,822,1,1.0,1.0,1.0,0.0
after,cpu,823,1,1.0,1.0,1.0,0.0
after,cpu,824,1,1.0,1.0,1.0,0.0
after,cpu,825,1,1.0,1.0,1.0,0.0
after,cpu,826,1,1.0,1.0,1.0,0.0
after,cpu,827,1,1.0,1.0,1.0,0.0
after,cpu,828,1,1.0,1.0,1.0,0.0
after,cpu,829,1,1.0,1.0,1.0,0.0
after,cpu,830,1,1.0,1.0,1.0,0.0
after,cpu,831,1,1.0,1.0,1.0,0.0
after,cpu,832,1,1.0,1.0,1.0,0.0
after,cpu,833,1,1.0,1.0,1.0,0.0
after,cpu,834,1,1.0,1.0,1.0,0.0
after,cpu,835,1,1.0,1.0,1.0,0.0
after,cpu,836,1,1.0,1.0,1.0,0.0
after,cpu,837,1,1.0,1.0,1.0,0.0
after,cpu,838,1,1.0,1.0,1.0,0.0
after,cpu,839,1,1.0,1.0,1.0,0.0
after,cpu,840,1,1.0,1.0,1.0,0.0
after,cpu,841,1,1.0,1.0,1.0,0.0
after,cpu,842,1,1.0,1.0,1.0,0.0
after,cpu,843,1,1.0,1.0,1.0,0.0
after,cpu,844,1,1.0,1.0,1.0,0.0
after,cpu,845,1,1.0,1.0,1.0,0.0
after,cpu,846,1,1.0,1.0,1.0,0.0
after,cpu,847,1,1.0,1.0,1.0,0.0
after,cpu,848,1,1.0,1.0,1.0,0.0
after,cpu,849,1,1.0,1.0,1.0,0.0
after,cpu,850,1,1.0,1.0,1.0,0.0
after,cpu,851,1,1.0,1.0,1.0,0.0
after,cpu,852,1,1.0,1.0,1.0,0.0
after,cpu,853,1,1.0,1.0,1.0,0.0
after,cpu,854,1,1.0,1.0,1.0,0.0
after,cpu,855,1,1.0,1.0,1.0,0.0
after,cpu,856,1,1.0,1.0,1.0,0.0
after,cpu,857,1,1.0,1.0,1.0,0.0
after,cpu,858,1,1.0,1.0,1.0,0.0
after,cpu,859,1,1.0,1.0,1.0,0.0
after,cpu,860,1,1.0,1.0,1.0,0.0
after,cpu,861,1,1.0,1.0,1.0,0.0
after,cpu,862,1,1.0,1.0,1.0,0.0
after,cpu,863,1,1.0,1.0,1.0,0.0
after,cpu,864,1,1.0,1.0,1.0,0.0
after,cpu,865,1,1.0,1.0,1.0,0.0
after,cpu,866,1,1.0,1.0,1.0,0.0
after,cpu,867,1,1.0,1.0,1.0,0.0
after,cpu,868,1,1.0,1.0,1.0,0.0
after,cpu,869,1,1.0,1.0,1.0,0.0
after,cpu,870,1,1.0,1.0,1.0,0.0
after,cpu,871,1,1.0,1.0,1.0,0.0
after,cpu,872,1,1.0,1.0,1.0,0.0
after,cpu,873,1,1.0,1.0,1.0,0.0
after,cpu,874,1,1.0,1.0,1.0,0.0
after,cpu,875,1,1.0,1.0,1.0,0.0
after,cpu,876,1,1.0,1.0,1.0,0.0
after,cpu,877,1,1.0,1.0,1.0,0.0
after,cpu,878,1,1.0,1.0,1.0,0.0
after,cpu,879,1,1.0,1.0,1.0,0.0
after,cpu,880,1,1.0,1.0,1.0,0.0
after,cpu,881,1,1.0,1.0,1.0,0.0
after,cpu,882,1,1.0,1.0,1.0,0.0
after,cpu,883,1,1.0,1.0,1.0,0.0
after,cpu,884,1,1.0,1.0,1.0,0.0
after,cpu,885,1,1.0,1.0,1.0,0.0
after,cpu,886,1,1.0,1.0,1.0,0.0
after,cpu,887,1,1.0,1.0,1.0,0.0
after,cpu,888,1,1.0,1.0,1.0,0.0
after,cpu,889,1,1.0,1.0,1.0,0.0
after,cpu,890,1,1.0,1.0,1.0,0.0
after,cpu,891,1,1.0,1.0,1.0,0.0
after,cpu,892,1,1.0,1.0,1.0,0.0
after,cpu,893,1,1.0,1.0,1.0,0.0
after,cpu,894,1,1.0,1.0,1.0,0.0
after,cpu,895,1,1.0,1.0,1.0,0.0
after,cpu,896,1,1.0,1.0,1.0,0.0
after,cpu,897,1,1.0,1.0,1.0,0.0
after,cpu,898,1,1.0,1.0,1.0,0.0
after,cpu,899,1,1.0,1.0,1.0,0.0
after,cpu,900,1,1.0,1.0,1.0,0.0
after,cpu,901,1,1.0,1.0,1.0,0.0
after,cpu,902,1,1.0,1.0,1.0,0.0
after,cpu,903,1,1.0,1.0,1.0,0.0
after,cpu,904,1,1.0,1.0,1.0,0.0
after,cpu,905,1,1.0,1.0,1.0,0.0
after,cpu,906,1,1.0,1.0,1.0,0.0
after,cpu,907,1,1.0,1.0,1.0,0.0
after,cpu,908,1,1.0,1.0,1.0,0.0
after,cpu,909,1,1.0,1.0,1.0,0.0
after,cpu,910,1,1.0,1.0,1.0,0.0
after,cpu,911,1,1.0,1.0,1.0,0.0
after,cpu,912,1,1.0,1.0,1.0,0.0
after,cpu,913,1,1.0,1.0,1.0,0.0
after,cpu,914,1,1.0,1.0,1.0,0.0
after,cpu,915,1,1.0,1.0,1.0,0.0
after,cpu,916,1,1.0,1.0,1.0,0.0
after,cpu,917,1,1.0,1.0,1.0,0.0
after,cpu,918,1,1.0,1.0,1.0,0.0
after,cpu,919,1,1.0,1.0,1.0,0.0
after,cpu,920,1,1.0,1.0,1.0,0.0
after,cpu,921,1,1.0,1.0,1.0,0.0
after,cpu,922,1,1.0,1.0,1.0,0.0
after,cpu,923,1,1.0,1.0,1.0,0.0
after,cpu,924,1,1.0,1.0,1.0,0.0
after,cpu,925,1,1.0,1.0,1.0,0.0
after,cpu,926,1,1.0,1.0,1.0,0.0
after,cpu,927,1,1.0,1.0,1.0,0.0
after,cpu,928,1,1.0,1.0,1.0,0.0
after,cpu,929,1,1.0,1.0,1.0,0.0
after,cpu,930,1,1.0,1.0,1.0,0.0
after,cpu,931,1,1.0,1.0,1.0,0.0
after,cpu,932,1,1.0,1.0,1.0,0.0
after,cpu,933,1,1.0,1.0,1.0,0.0
after,cpu,934,1,1.0,1.0,1.0,0.0
after,cpu,935,1,1.0,1.0,1.0,0.0
after,cpu,936,1,1.0,1.0,1.0,0.0
after,cpu,937,1,1.0,1.0,1.0,0.0
after,cpu,938,1,1.0,1.0,1.0,0.0
after,cpu,939,1,1.0,1.0,1.0,0.0
after,cpu,940,1,1.0,1.0,1.0,0.0
after,cpu,941,1,1.0,1.0,1.0,0.0
after,cpu,942,1,1.0,1.0,1.0,0.0
after,cpu,943,1,1.0,1.0,1.0,0.0
after,cpu,944,1,1.0,1.0,1.0,0.0
after,cpu,945,1,1.0,1.0,1.0,0.0
after,cpu,946,1,1.0,1.0,1.0,0.0
after,cpu,947,1,1.0,1.0,1.0,0.0
after,cpu,948,1,1.0,1.0,1.0,0.0
after,cpu,949,1,1.0,1.0,1.0,0.0
after,cpu,950,1,1.0,1.0,1.0,0.0
after,cpu,951,1,1.0,1.0,1.0,0.0
after,cpu,952,1,1.0,1.0,1.0,0.0
after,cpu,953,1,1.0,1.0,1.0,0.0
after,cpu,954,1,1.0,1.0,1.0,0.0
after,cpu,955,1,1.0,1.0,1.0,0.0
after,cpu,956,1,1.0,1.0,1.0,0.0
after,cpu,957,1,1.0,1.0,1.0,0.0
after,cpu,958,1,1.0,1.0,1.0,0.0
after,cpu,959,1,1.0,1.0,1.0,0.0
after,cpu,960,1,1.0,1.0,1.0,0.0
after,cpu,961,1,1.0,1.0,1.0,0.0
after,cpu,962,1,1.0,1.0,1.0,0.0
after,cpu,963,1,1.0,1.0,1.0,0.0
after,cpu,964,1,1.0,1.0,1.0,0.0
after,cpu,965,1,1.0,1.0,1.0,0.0
after,cpu,966,1,1.0,1.0,1.0,0.0
after,cpu,967,1,1.0,1.0,1.0,0.0
after,cpu,968,1,1.0,1.0,1.0,0.0
after,cpu,969,1,1.0,1.0,1.0,0.0
after,cpu,970,1,1.0,1.0,1.0,0.0
after,cpu,971,1,1.0,1.0,1.0,0.0
after,cpu,972,1,1.0,1.0,1.0,0.0
after,cpu,973,1,1.0,1.0,1.0,0.0
after,cpu,974,1,1.0,1.0,1.0,0.0
after,cpu,975,1,1.0,1.0,1.0,0.0
after,cpu,976,1,1.0,1.0,1.0,0.0
after,cpu,977,1,1.0,1.0,1.0,0.0
after,cpu,978,1,1.0,1.0,1.0,0.0
after,cpu,979,1,1.0,1.0,1.0,0.0
after,cpu,980,1,1.0,1.0,1.0,0.0
after,cpu,981,1,1.0,1.0,1.0,0.0
after,cpu,982,1,1.0,1.0,1.0,0.0
after,cpu,983,1,1.0,1.0,1.0,0.0
after,cpu,984,1,1.0,1.0,1.0,0.0
after,cpu,985,1,1.0,1.0,1.0,0.0
after,cpu,986,1,1.0,1.0,1.0,0.0
after,cpu,987,1,1.0,1.0,1.0,0.0
after,cpu,988,1,1.0,1.0,1.0,0.0
after,cpu,989,1,1.0,1.0,1.0,0.0
after,cpu,990,1,1.0,1.0,1.0,0.0
after,cpu,991,1,1.0,1.0,1.0,0.0
after,cpu,992,1,1.0,1.0,1.0,0.0
after,cpu,993,1,1.0,1.0,1.0,0.0
after,cpu,994,1,1.0,1.0,1.0,0.0
after,cpu,995,1,1.0,1.0,1.0,0.0
after,cpu,996,1,1.0,1.0,1.0,0.0
after,cpu,997,1,1.0,1.0,1.0,0.0
after,cpu,998,1,1.0,1.0,1.0,0.0
after,cpu,999,1,1.0,1.0,1.0,0.0
after,cpu,1000,1,1.0,1.0,1.0,0.0
after,cpu,1001,1,1.0,1.0,1.0,0.0
after,cpu,1002,1,1.0,1.0,1.0,0.0
after,cpu,1003,1,1.0,1.0,1.0,0.0
after,cpu,1004,1,1.0,1.0,1.0,0.0
after,cpu,1005,1,1.0,1.0,1.0,0.0
after,cpu,1006,1,1.0,1.0,1.0,0.0
after,cpu,1007,1,1.0,1.0,1.0,0.0
after,cpu,1008,1,1.0,1.0,1.0,0.0
after,cpu,1009,1,1.0,1.0,1.0,0.0
after,cpu,1010,1,1.0,1.0,1.0,0.0
after,cpu,1011,1,1.0,1.0,1.0,0.0
after,cpu,1012,1,1.0,1.0,1.0,0.0
after,cpu,1013,1,1.0,1.0,1.0,0.0
after,cpu,1014,1,1.0,1.0,1.0,0.0
after,cpu,1015,1,1.0,1.0,1.0,0.0
after,cpu,1016,1,1.0,1.0,1.0,0.0
after,cpu,1017,1,1.0,1.0,1.0,0.0
after,cpu,1018,1,1.0,1.0,1.0,0.0
after,cpu,1019,1,1.0,1.0,1.0,0.0
after,cpu,1020,1,1.0,1.0,1.0,0.0
after,cpu,1021,1,1.0,1.0,1.0,0.0
after,cpu,1022,1,1.0,1.0,1.0,0.0
after,cpu,1023,1,1.0,1.0,1.0,0.0
after,cpu,1024,1,1.0,1.0,1.0,0.0
after,cpu,1025,1,1.0,1.0,1.0,0.0
after,cpu,1026,1,1.0,1.0,1.0,0.0
after,cpu,1027,1,1.0,1.0,1.0,0.0
after,cpu,1028,1,1.0,1.0,1.0,0.0
after,cpu,1029,1,1.0,1.0,1.0,0.0
after,cpu,1030,1,1.0,1.0,1.0,0.0
after,cpu,1031,1,1.0,1.0,1.0,0.0
after,cpu,1032,1,1.0,1.0,1.0,0.0
after,cpu,1033,1,1.0,1.0,1.0,0.0
after,cpu,1034,1,1.0,1.0,1.0,0.0
after,cpu,1035,1,1.0,1.0,1.0,0.0
after,cpu,1036,1,1.0,1.0,1.0,0.0
after,cpu,1037,1,1.0,1.0,1.0,0.0
after,cpu,1038,1,1.0,1.0,1.0,0.0
after,cpu,1039,1,1.0,1.0,1.0,0.0
after,cpu,1040,1,1.0,1.0,1.0,0.0
after,cpu,1041,1,1.0,1.0,1.0,0.0
after,cpu,1042,1,1.0,1.0,1.0,0.0
after,cpu,1043,1,1.0,1.0,1.0,0.0
after,cpu,1044,1,1.0,1.0,1.0,0.0
after,cpu,1045,1,1.0,1.0,1.0,0.0
after,cpu,1046,1,1.0,1.0,1.0,0.0
after,cpu,1047,1,1.0,1.0,1.0,0.0
after,cpu,1048,1,1.0,1.0,1.0,0.0
after,cpu,1049,1,1.0,1.0,1.0,0.0
after,cpu,1050,1,1.0,1.0,1.0,0.0
after,cpu,1051,1,1.0,1.0,1.0,0.0
after,cpu,1052,1,1.0,1.0,1.0,0.0
after,cpu,1053,1,1.0,1.0,1.0,0.0
after,cpu,1054,1,1.0,1.0,1.0,0.0
after,cpu,1055,1,1.0,1.0,1.0,0.0
after,cpu,1056,1,1.0,1.0,1.0,0.0
after,cpu,1057,1,1.0,1.0,1.0,0.0
after,cpu,1058,1,1.0,1.0,1.0,0.0
after,cpu,1059,1,1.0,1.0,1.0,0.0
after,cpu,1060,1,1.0,1.0,1.0,0.0
after,cpu,1061,1,1.0,1.0,1.0,0.0
after,cpu,1062,1,1.0,1.0,1.0,0.0
after,cpu,1063,1,1.0,1.0,1.0,0.0
after,cpu,1064,1,1.0,1.0,1.0,0.0
after,cpu,1065,1,1.0,1.0,1.0,0.0
after,cpu,1066,1,1.0,1.0,1.0,0.0
after,cpu,1067,1,1.0,1.0,1.0,0.0
after,cpu,1068,1,1.0,1.0,1.0,0.0
after,cpu,1069,1,1.0,1.0,1.0,0.0
after,cpu,1070,1,1.0,1.0,1.0,0.0
after,cpu,1071,1,1.0,1.0,1.0,0.0
after,cpu,1072,1,1.0,1.0,1.0,0.0
after,cpu,1073,1,1.0,1.0,1.0,0.0
after,cpu,1074,1,1.0,1.0,1.0,0.0
after,cpu,1075,1,1.0,1.0,1.0,0.0
after,cpu,1076,1,1.0,1.0,1.0,0.0
after,cpu,1077,1,1.0,1.0,1.0,0.0
after,cpu,1078,1,1.0,1.0,1.0,0.0
after,cpu,1079,1,1.0,1.0,1.0,0.0
after,cpu,1080,1,1.0,1.0,1.0,0.0
after,cpu,1081,1,1.0,1.0,1.0,0.0
after,cpu,1082,1,1.0,1.0,1.0,0.0
after,cpu,1083,1,1.0,1.0,1.0,0.0
after,cpu,1084,1,1.0,1.0,1.0,0.0
after,cpu,1085,1,1.0,1.0,1.0,0.0
after,cpu,1086,1,1.0,1.0,1.0,0.0
after,cpu,1087,1,1.0,1.0,1.0,0.0
after,cpu,1088,1,1.0,1.0,1.0,0.0
after,cpu,1089,1,1.0,1.0,1.0,0.0
after,cpu,1090,1,1.0,1.0,1.0,0.0
after,cpu,1091,1,1.0,1.0,1.0,0.0
after,cpu,1092,1,1.0,1.0,1.0,0.0
after,cpu,1093,1,1.0,1.0,1.0,0.0
after,cpu,1094,1,1.0,1.0,1.0,0.0
after,cpu,1095,1,1.0,1.0,1.0,0.0
after,cpu,1096,1,1.0,1.0,1.0,0.0
after,cpu,1097,1,1.0,1.0,1.0,0.0
after,cpu,1098,1,1.0,1.0,1.0,0.0
after,cpu,1099,1,1.0,1.0,1.0,0.0
after,cpu,1100,1,1.0,1.0,1.0,0.0
after,cpu,1101,1,1.0,1.0,1.0,0.0
after,cpu,1102,1,1.0,1.0,1.0,0.0
after,cpu,1103,1,1.0,1.0,1.0,0.0
after,cpu,1104,1,1.0,1.0,1.0,0.0
after,cpu,1105,1,1.0,1.0,1.0,0.0
after,cpu,1106,1,1.0,1.0,1.0,0.0
after,cpu,1107,1,1.0,1.0,1.0,0.0
after,cpu,1108,1,1.0,1.0,1.0,0.0
after,cpu,1109,1,1.0,1.0,1.0,0.0
after,cpu,1110,1,1.0,1.0,1.0,0.0
after,cpu,1111,1,1.0,1.0,1.0,0.0
after,cpu,1112,1,1.0,1.0,1.0,0.0
after,cpu,1113,1,1.0,1.0,1.0,0.0
after,cpu,1114,1,1.0,1.0,1.0,0.0
after,cpu,1115,1,1.0,1.0,1.0,0.0
after,cpu,1116,1,1.0,1.0,1.0,0.0
after,cpu,1117,1,1.0,1.0,1.0,0.0
after,cpu,1118,1,1.0,1.0,1.0,0.0
after,cpu,1119,1,1.0,1.0,1.0,0.0
after,cpu,1120,1,1.0,1.0,1.0,0.0
after,cpu,1121,1,1.0,1.0,1.0,0.0
after,cpu,1122,1,1.0,1.0,1.0,0.0
after,cpu,1123,1,1.0,1.0,1.0,0.0
after,cpu,1124,1,1.0,1.0,1.0,0.0
after,cpu,1125,1,1.0,1.0,1.0,0.0
after,cpu,1126,1,1.0,1.0,1.0,0.0
after,cpu,1127,1,1.0,1.0,1.0,0.0
after,cpu,1128,1,1.0,1.0,1.0,0.0
after,cpu,1129,1,1.0,1.0,1.0,0.0
after,cpu,1130,1,1.0,1.0,1.0,0.0
after,cpu,1131,1,1.0,1.0,1.0,0.0
after,cpu,1132,1,1.0,1.0,1.0,0.0
after,cpu,1133,1,1.0,1.0,1.0,0.0
after,cpu,1134,1,1.0,1.0,1.0,0.0
after,cpu,1135,1,1.0,1.0,1.0,0.0
after,cpu,1136,1,1.0,1.0,1.0,0.0
after,cpu,1137,1,1.0,1.0,1.0,0.0
after,cpu,1138,1,1.0,1.0,1.0,0.0
after,cpu,1139,1,1.0,1.0,1.0,0.0
after,cpu,1140,1,1.0,1.0,1.0,0.0
after,cpu,1141,1,1.0,1.0,1.0,0.0
after,cpu,1142,1,1.0,1.0,1.0,0.0
after,cpu,1143,1,1.0,1.0,1.0,0.0
after,cpu,1144,1,1.0,1.0,1.0,0.0
after,cpu,1145,1,1.0,1.0,1.0,0.0
after,cpu,1146,1,1.0,1.0,1.0,0.0
after,cpu,1147,1,1.0,1.0,1.0,0.0
after,cpu,1148,1,1.0,1.0,1.0,0.0
after,cpu,1149,1,1.0,1.0,1.0,0.0
after,cpu,1150,1,1.0,1.0,1.0,0.0
after,cpu,1151,1,1.0,1.0,1.0,0.0
after,cpu,1152,1,1.0,1.0,1.0,0.0
after,cpu,1153,1,1.0,1.0,1.0,0.0
after,cpu,1154,1,1.0,1.0,1.0,0.0
after,cpu,1155,1,1.0,1.0,1.0,0.0
after,cpu,1156,1,1.0,1.0,1.0,0.0
after,cpu,1157,1,1.0,1.0,1.0,0.0
after,cpu,1158,1,1.0,1.0,1.0,0.0
after,cpu,1159,1,1.0,1.0,1.0,0.0
after,cpu,1160,1,1.0,1.0,1.0,0.0
after,cpu,1161,1,1.0,1.0,1.0,0.0
after,cpu,1162,1,1.0,1.0,1.0,0.0
after,cpu,1163,1,1.0,1.0,1.0,0.0
after,cpu,1164,1,1.0,1.0,1.0,0.0
after,cpu,1165,1,1.0,1.0,1.0,0.0
after,cpu,1166,1,1.0,1.0,1.0,0.0
after,cpu,1167,1,1.0,1.0,1.0,0.0
after,cpu,1168,1,1.0,1.0,1.0,0.0
after,cpu,1169,1,1.0,1.0,1.0,0.0
after,cpu,1170,1,1.0,1.0,1.0,0.0
after,cpu,1171,1,1.0,1.0,1.0,0.0
after,cpu,1172,1,1.0,1.0,1.0,0.0
after,cpu,1173,1,1.0,1.0,1.0,0.0
after,cpu,1174,1,1.0,1.0,1.0,0.0
after,cpu,1175,1,1.0,1.0,1.0,0.0
after,cpu,1176,1,1.0,1.0,1.0,0.0
after,cpu,1177,1,1.0,1.0,1.0,0.0
after,cpu,1178,1,1.0,1.0,1.0,0.0
after,cpu,1179,1,1.0,1.0,1.0,0.0
after,cpu,1180,1,1.0,1.0,1.0,0.0
after,cpu,1181,1,1.0,1.0,1.0,0.0
after,cpu,1182,1,1.0,1.0,1.0,0.0
after,cpu,1183,1,1.0,1.0,1.0,0.0
after,cpu,1184,1,1.0,1.0,1.0,0.0
after,cpu,1185,1,1.0,1.0,1.0,0.0
after,cpu,1186,1,1.0,1.0,1.0,0.0
after,cpu,1187,1,1.0,1.0,1.0,0.0
after,cpu,1188,1,1.0,1.0,1.0,0.0
after,cpu,1189,1,1.0,1.0,1.0,0.0
after,cpu,1190,1,1.0,1.0,1.0,0.0
after,cpu,1191,1,1.0,1.0,1.0,0.0
after,cpu,1192,1,1.0,1.0,1.0,0.0
after,cpu,1193,1,1.0,1.0,1.0,0.0
after,cpu,1194,1,1.0,1.0,1.0,0.0
after,cpu,1195,1,1.0,1.0,1.0,0.0
after,cpu,1196,1,1.0,1.0,1.0,0.0
after,cpu,1197,1,1.0,1.0,1.0,0.0
after,cpu,1198,1,1.0,1.0,1.0,0.0
after,cpu,1199,1,1.0,1.0,1.0,0.0
after,cpu,1200,1,1.0,1.0,1.0,0.0
after,cpu,1201,1,1.0,1.0,1.0,0.0
after,cpu,1202,1,1.0,1.0,1.0,0.0
after,cpu,1203,1,1.0,1.0,1.0,0.0
after,cpu,1204,1,1.0,1.0,1.0,0.0
after,cpu,1205,1,1.0,1.0,1.0,0.0
after,cpu,1206,1,1.0,1.0,1.0,0.0
after,cpu,1207,1,1.0,1.0,1.0,0.0
after,cpu,1208,1,1.0,1.0,1.0,0.0
after,cpu,1209,1,1.0,1.0,1.0,0.0
after,cpu,1210,1,1.0,1.0,1.0,0.0
after,cpu,1211,1,1.0,1.0,1.0,0.0
after,cpu,1212,1,1.0,1.0,1.0,0.0
after,cpu,1213,1,1.0,1.0,1.0,0.0
after,cpu,1214,1,1.0,1.0,1.0,0.0
after,cpu,1215,1,1.0,1.0,1.0,0.0
after,cpu,1216,1,1.0,1.0,1.0,0.0
after,cpu,1217,1,1.0,1.0,1.0,0.0
after,cpu,1218,1,1.0,1.0,1.0,0.0
after,cpu,1219,1,1.0,1.0,1.0,0.0
after,cpu,1220,1,1.0,1.0,1.0,0.0
after,cpu,1221,1,1.0,1.0,1.0,0.0
after,cpu,1222,1,1.0,1.0,1.0,0.0
after,cpu,1223,1,1.0,1.0,1.0,0.0
after,cpu,1224,1,1.0,1.0,1.0,0.0
after,cpu,1225,1,1.0,1.0,1.0,0.0
after,cpu,1226,1,1.0,1.0,1.0,0.0
after,cpu,1227,1,1.0,1.0,1.0,0.0
after,cpu,1228,1,1.0,1.0,1.0,0.0
after,cpu,1229,1,1.0,1.0,1.0,0.0
after,cpu,1230,1,1.0,1.0,1.0,0.0
after,cpu,1231,1,1.0,1.0,1.0,0.0
after,cpu,1232,1,1.0,1.0,1.0,0.0
after,cpu,1233,1,1.0,1.0,1.0,0.0
after,cpu,1234,1,1.0,1.0,1.0,0.0
after,cpu,1235,1,1.0,1.0,1.0,0.0
after,cpu,1236,1,1.0,1.0,1.0,0.0
after,cpu,1237,1,1.0,1.0,1.0,0.0
after,cpu,1238,1,1.0,1.0,1.0,0.0
after,cpu,1239,1,1.0,1.0,1.0,0.0
after,cpu,1240,1,1.0,1.0,1.0,0.0
after,cpu,1241,1,1.0,1.0,1.0,0.0
after,cpu,1242,1,1.0,1.0,1.0,0.0
after,cpu,1243,1,1.0,1.0,1.0,0.0
after,cpu,1244,1,1.0,1.0,1.0,0.0
after,cpu,1245,1,1.0,1.0,1.0,0.0
after,cpu,1246,1,1.0,1.0,1.0,0.0
after,cpu,1247,1,1.0,1.0,1.0,0.0
after,cpu,1248,1,1.0,1.0,1.0,0.0
after,cpu,1249,1,1.0,1.0,1.0,0.0
after,cpu,1250,1,1.0,1.0,1.0,0.0
after,cpu,1251,1,1.0,1.0,1.0,0.0
after,cpu,1252,1,1.0,1.0,1.0,0.0
after,cpu,1253,1,1.0,1.0,1.0,0.0
after,cpu,1254,1,1.0,1.0,1.0,0.0
after,cpu,1255,1,1.0,1.0,1.0,0.0
after,cpu,1256,1,1.0,1.0,1.0,0.0
after,cpu,1257,1,1.0,1.0,1.0,0.0
after,cpu,1258,1,1.0,1.0,1.0,0.0
after,cpu,1259,1,1.0,1.0,1.0,0.0
after,cpu,1260,1,1.0,1.0,1.0,0.0
after,cpu,1261,1,1.0,1.0,1.0,0.0
after,cpu,1262,1,1.0,1.0,1.0,0.0
after,cpu,1263,1,1.0,1.0,1.0,0.0
after,cpu,1264,1,1.0,1.0,1.0,0.0
after,cpu,1265,1,1.0,1.0,1.0,0.0
after,cpu,1266,1,1.0,1.0,1.0,0.0
after,cpu,1267,1,1.0,1.0,1.0,0.0
after,cpu,1268,1,1.0,1.0,1.0,0.0
after,cpu,1269,1,1.0,1.0,1.0,0.0
after,cpu,1270,1,1.0,1.0,1.0,0.0
after,cpu,1271,1,1.0,1.0,1.0,0.0
after,cpu,1272,1,1.0,1.0,1.0,0.0
after,cpu,1273,1,1.0,1.0,1.0,0.0
after,cpu,1274,1,1.0,1.0,1.0,0.0
after,cpu,1275,1,1.0,1.0,1.0,0.0
after,cpu,1276,1,1.0,1.0,1.0,0.0
after,cpu,1277,1,1.0,1.0,1.0,0.0
after,cpu,1278,1,1.0,1.0,1.0,0.0
after,cpu,1279,1,1.0,1.0,1.0,0.0
after,cpu,1280,1,1.0,1.0,1.0,0.0
after,cpu,1281,1,1.0,1.0,1.0,0.0
after,cpu,1282,1,1.0,1.0,1.0,0.0
after,cpu,1283,1,1.0,1.0,1.0,0.0
after,cpu,1284,1,1.0,1.0,1.0,0.0
after,cpu,1285,1,1.0,1.0,1.0,0.0
after,cpu,1286,1,1.0,1.0,1.0,0.0
after,cpu,1287,1,1.0,1.0,1.0,0.0
after,cpu,1288,1,1.0,1.0,1.0,0.0
after,cpu,1289,1,1.0,1.0,1.0,0.0
after,cpu,1290,1,1.0,1.0,1.0,0.0
after,cpu,1291,1,1.0,1.0,1.0,0.0
after,cpu,1292,1,1.0,1.0,1.0,0.0
after,cpu,1293,1,1.0,1.0,1.0,0.0
after,cpu,1294,1,1.0,1.0,1.0,0.0
after,cpu,1295,1,1.0,1.0,1.0,0.0
after,cpu,1296,1,1.0,1.0,1.0,0.0
after,cpu,1297,1,1.0,1.0,1.0,0.0
after,cpu,1298,1,1.0,1.0,1.0,0.0
after,cpu,1299,1,1.0,1.0,1.0,0.0
after,cpu,1300,1,1.0,1.0,1.0,0.0
after,cpu,1301,1,1.0,1.0,1.0,0.0
after,cpu,1302,1,1.0,1.0,1.0,0.0
after,cpu,1303,1,1.0,1.0,1.0,0.0
after,cpu,1304,1,1.0,1.0,1.0,0.0
after,cpu,1305,1,1.0,1.0,1.0,0.0
after,cpu,1306,1,1.0,1.0,1.0,0.0
after,cpu,1307,1,1.0,1.0,1.0,0.0
after,cpu,1308,1,1.0,1.0,1.0,0.0
after,cpu,1309,1,1.0,1.0,1.0,0.0
after,cpu,1310,1,1.0,1.0,1.0,0.0
after,cpu,1311,1,1.0,1.0,1.0,0.0
after,cpu,1312,1,1.0,1.0,1.0,0.0
after,cpu,1313,1,1.0,1.0,1.0,0.0
after,cpu,1314,1,1.0,1.0,1.0,0.0
after,cpu,1315,1,1.0,1.0,1.0,0.0
after,cpu,1316,1,1.0,1.0,1.0,0.0
after,cpu,1317,1,1.0,1.0,1.0,0.0
after,cpu,1318,1,1.0,1.0,1.0,0.0
after,cpu,1319,1,1.0,1.0,1.0,0.0
after,cpu,1320,1,1.0,1.0,1.0,0.0
after,cpu,1321,1,1.0,1.0,1.0,0.0
after,cpu,1322,1,1.0,1.0,1.0,0.0
after,cpu,1323,1,1.0,1.0,1.0,0.0
after,cpu,1324,1,1.0,1.0,1.0,0.0
after,cpu,1325,1,1.0,1.0,1.0,0.0
after,cpu,1326,1,1.0,1.0,1.0,0.0
after,cpu,1327,1,1.0,1.0,1.0,0.0
after,cpu,1328,1,1.0,1.0,1.0,0.0
after,cpu,1329,1,1.0,1.0,1.0,0.0
after,cpu,1330,1,1.0,1.0,1.0,0.0
after,cpu,1331,1,1.0,1.0,1.0,0.0
after,cpu,1332,1,1.0,1.0,1.0,0.0
after,cpu,1333,1,1.0,1.0,1.0,0.0
after,cpu,1334,1,1.0,1.0,1.0,0.0
after,cpu,1335,1,1.0,1.0,1.0,0.0
after,cpu,1336,1,1.0,1.0,1.0,0.0
after,cpu,1337,1,1.0,1.0,1.0,0.0
after,cpu,1338,1,1.0,1.0,1.0,0.0
after,cpu,1339,1,1.0,1.0,1.0,0.0
after,cpu,1340,1,1.0,1.0,1.0,0.0
after,cpu,1341,1,1.0,1.0,1.0,0.0
after,cpu,1342,1,1.0,1.0,1.0,0.0
after,cpu,1343,1,1.0,1.0,1.0,0.0
after,cpu,1344,1,1.0,1.0,1.0,0.0
after,cpu,1345,1,1.0,1.0,1.0,0.0
after,cpu,1346,1,1.0,1.0,1.0,0.0
after,cpu,1347,1,1.0,1.0,1.0,0.0
after,cpu,1348,1,1.0,1.0,1.0,0.0
after,cpu,1349,1,1.0,1.0,1.0,0.0
after,cpu,1350,1,1.0,1.0,1.0,0.0
after,cpu,1351,1,1.0,1.0,1.0,0.0
after,cpu,1352,1,1.0,1.0,1.0,0.0
after,cpu,1353,1,1.0,1.0,1.0,0.0
after,cpu,1354,1,1.0,1.0,1.0,0.0
after,cpu,1355,1,1.0,1.0,1.0,0.0
after,cpu,1356,1,1.0,1.0,1.0,0.0
after,cpu,1357,1,1.0,1.0,1.0,0.0
after,cpu,1358,1,1.0,1.0,1.0,0.0
after,cpu,1359,1,1.0,1.0,1.0,0.0
after,cpu,1360,1,1.0,1.0,1.0,0.0
after,cpu,1361,1,1.0,1.0,1.0,0.0
after,cpu,1362,1,1.0,1.0,1.0,0.0
after,cpu,1363,1,1.0,1.0,1.0,0.0
after,cpu,1364,1,1.0,1.0,1.0,0.0
after,cpu,1365,1,1.0,1.0,1.0,0.0
after,cpu,1366,1,1.0,1.0,1.0,0.0
after,cpu,1367,1,1.0,1.0,1.0,0.0
after,cpu,1368,1,1.0,1.0,1.0,0.0
after,cpu,1369,1,1.0,1.0,1.0,0.0
after,cpu,1370,1,1.0,1.0,1.0,0.0
after,cpu,1371,1,1.0,1.0,1.0,0.0
after,cpu,1372,1,1.0,1.0,1.0,0.0
after,cpu,1373,1,1.0,1.0,1.0,0.0
after,cpu,1374,1,1.0,1.0,1.0,0.0
after,cpu,1375,1,1.0,1.0,1.0,0.0
after,cpu,1376,1,1.0,1.0,1.0,0.0
after,cpu,1377,1,1.0,1.0,1.0,0.0
after,cpu,1378,1,1.0,1.0,1.0,0.0
after,cpu,1379,1,1.0,1.0,1.0,0.0
after,cpu,1380,1,1.0,1.0,1.0,0.0
after,cpu,1381,1,1.0,1.0,1.0,0.0
after,cpu,1382,1,1.0,1.0,1.0,0.0
after,cpu,1383,1,1.0,1.0,1.0,0.0
after,cpu,1384,1,1.0,1.0,1.0,0.0
after,cpu,1385,1,1.0,1.0,1.0,0.0
after,cpu,1386,1,1.0,1.0,1.0,0.0
after,cpu,1387,1,1.0,1.0,1.0,0.0
after,cpu,1388,1,1.0,1.0,1.0,0.0
after,cpu,1389,1,1.0,1.0,1.0,0.0
after,cpu,1390,1,1.0,1.0,1.0,0.0
after,cpu,1391,1,1.0,1.0,1.0,0.0
after,cpu,1392,1,1.0,1.0,1.0,0.0
after,cpu,1393,1,1.0,1.0,1.0,0.0
after,cpu,1394,1,1.0,1.0,1.0,0.0
after,cpu,1395,1,1.0,1.0,1.0,0.0
after,cpu,1396,1,1.0,1.0,1.0,0.0
after,cpu,1397,1,1.0,1.0,1.0,0.0
after,cpu,1398,1,1.0,1.0,1.0,0.0
after,cpu,1399,1,1.0,1.0,1.0,0.0
after,cpu,1400,1,1.0,1.0,1.0,0.0
after,cpu,1401,1,1.0,1.0,1.0,0.0
after,cpu,1402,1,1.0,1.0,1.0,0.0
after,cpu,1403,1,1.0,1.0,1.0,0.0
after,cpu,1404,1,1.0,1.0,1.0,0.0
after,cpu,1405,1,1.0,1.0,1.0,0.0
after,cpu,1406,1,1.0,1.0,1.0,0.0
after,cpu,1407,1,1.0,1.0,1.0,0.0
after,cpu,1408,1,1.0,1.0,1.0,0.0
after,cpu,1409,1,1.0,1.0,1.0,0.0
after,cpu,1410,1,1.0,1.0,1.0,0.0
after,cpu,1411,1,1.0,1.0,1.0,0.0
after,cpu,1412,1,1.0,1.0,1.0,0.0
after,cpu,1413,1,1.0,1.0,1.0,0.0
after,cpu,1414,1,1.0,1.0,1.0,0.0
after,cpu,1415,1,1.0,1.0,1.0,0.0
after,cpu,1416,1,1.0,1.0,1.0,0.0
after,cpu,1417,1,1.0,1.0,1.0,0.0
after,cpu,1418,1,1.0,1.0,1.0,0.0
after,cpu,1419,1,1.0,1.0,1.0,0.0
after,cpu,1420,1,1.0,1.0,1.0,0.0
after,cpu,1421,1,1.0,1.0,1.0,0.0
after,cpu,1422,1,1.0,1.0,1.0,0.0
after,cpu,1423,1,1.0,1.0,1.0,0.0
after,cpu,1424,1,1.0,1.0,1.0,0.0
after,cpu,1425,1,1.0,1.0,1.0,0.0
after,cpu,1426,1,1.0,1.0,1.0,0.0
after,cpu,1427,1,1.0,1.0,1.0,0.0
after,cpu,1428,1,1.0,1.0,1.0,0.0
after,cpu,1429,1,1.0,1.0,1.0,0.0
after,cpu,1430,1,1.0,1.0,1.0,0.0
after,cpu,1431,1,1.0,1.0,1.0,0.0
after,cpu,1432,1,1.0,1.0,1.0,0.0
after,cpu,1433,1,1.0,1.0,1.0,0.0
after,cpu,1434,1,1.0,1.0,1.0,0.0
after,cpu,1435,1,1.0,1.0,1.0,0.0
after,cpu,1436,1,1.0,1.0,1.0,0.0
after,cpu,1437,1,1.0,1.0,1.0,0.0
after,cpu,1438,1,1.0,1.0,1.0,0.0
after,cpu,1439,1,1.0,1.0,1.0,0.0
after,cpu,1440,1,1.0,1.0,1.0,0.0
after,cpu,1441,1,1.0,1.0,1.0,0.0
after,cpu,1442,1,1.0,1.0,1.0,0.0
after,cpu,1443,1,1.0,1.0,1.0,0.0
after,cpu,1444,1,1.0,1.0,1.0,0.0
after,cpu,1445,1,1.0,1.0,1.0,0.0
after,cpu,1446,1,1.0,1.0,1.0,0.0
after,cpu,1447,1,1.0,1.0,1.0,0.0
after,cpu,1448,1,1.0,1.0,1.0,0.0
after,cpu,1449,1,1.0,1.0,1.0,0.0
after,cpu,1450,1,1.0,1.0,1.0,0.0
after,cpu,1451,1,1.0,1.0,1.0,0.0
after,cpu,1452,1,1.0,1.0,1.0,0.0
after,cpu,1453,1,1.0,1.0,1.0,0.0
after,cpu,1454,1,1.0,1.0,1.0,0.0
after,cpu,1455,1,1.0,1.0,1.0,0.0
after,cpu,1456,1,1.0,1.0,1.0,0.0
after,cpu,1457,1,1.0,1.0,1.0,0.0
after,cpu,1458,1,1.0,1.0,1.0,0.0
after,cpu,1459,1,1.0,1.0,1.0,0.0
after,cpu,1460,1,1.0,1.0,1.0,0.0
after,cpu,1461,1,1.0,1.0,1.0,0.0
after,cpu,1462,1,1.0,1.0,1.0,0.0
after,cpu,1463,1,1.0,1.0,1.0,0.0
after,cpu,1464,1,1.0,1.0,1.0,0.0
after,cpu,1465,1,1.0,1.0,1.0,0.0
after,cpu,1466,1,1.0,1.0,1.0,0.0
after,cpu,1467,1,1.0,1.0,1.0,0.0
after,cpu,1468,1,1.0,1.0,1.0,0.0
after,cpu,1469,1,1.0,1.0,1.0,0.0
after,cpu,1470,1,1.0,1.0,1.0,0.0
after,cpu,1471,1,1.0,1.0,1.0,0.0
after,cpu,1472,1,1.0,1.0,1.0,0.0
after,cpu,1473,1,1.0,1.0,1.0,0.0
after,cpu,1474,1,1.0,1.0,1.0,0.0
after,cpu,1475,1,1.0,1.0,1.0,0.0
after,cpu,1476,1,1.0,1.0,1.0,0.0
after,cpu,1477,1,1.0,1.0,1.0,0.0
after,cpu,1478,1,1.0,1.0,1.0,0.0
after,cpu,1479,1,1.0,1.0,1.0,0.0
after,cpu,1480,1,1.0,1.0,1.0,0.0
after,cpu,1481,1,1.0,1.0,1.0,0.0
after,cpu,1482,1,1.0,1.0,1.0,0.0
after,cpu,1483,1,1.0,1.0,1.0,0.0
after,cpu,1484,1,1.0,1.0,1.0,0.0
after,cpu,1485,1,1.0,1.0,1.0,0.0
after,cpu,1486,1,1.0,1.0,1.0,0.0
after,cpu,1487,1,1.0,1.0,1.0,0.0
after,cpu,1488,1,1.0,1.0,1.0,0.0
after,cpu,1489,1,1.0,1.0,1.0,0.0
after,cpu,1490,1,1.0,1.0,1.0,0.0
after,cpu,1491,1,1.0,1.0,1.0,0.0
after,cpu,1492,1,1.0,1.0,1.0,0.0
after,cpu,1493,1,1.0,1.0,1.0,0.0
after,cpu,1494,1,1.0,1.0,1.0,0.0
after,cpu,1495,1,1.0,1.0,1.0,0.0
after,cpu,1496,1,1.0,1.0,1.0,0.0
after,cpu,1497,1,1.0,1.0,1.0,0.0
after,cpu,1498,1,1.0,1.0,1.0,0.0
after,cpu,1499,1,1.0,1.0,1.0,0.0
after,cpu,1500,1,1.0,1.0,1.0,0.0
after,cpu,1501,1,1.0,1.0,1.0,0.0
after,cpu,1502,1,1.0,1.0,1.0,0.0
after,cpu,1503,1,1.0,1.0,1.0,0.0
after,cpu,1504,1,1.0,1.0,1.0,0.0
after,cpu,1505,1,1.0,1.0,1.0,0.0
after,cpu,1506,1,1.0,1.0,1.0,0.0
after,cpu,1507,1,1.0,1.0,1.0,0.0
after,cpu,1508,1,1.0,1.0,1.0,0.0
after,cpu,1509,1,1.0,1.0,1.0,0.0
after,cpu,1510,1,1.0,1.0,1.0,0.0
after,cpu,1511,1,1.0,1.0,1.0,0.0
after,cpu,1512,1,1.0,1.0,1.0,0.0
after,cpu,1513,1,1.0,1.0,1.0,0.0
after,cpu,1514,1,1.0,1.0,1.0,0.0
after,cpu,1515,1,1.0,1.0,1.0,0.0
after,cpu,1516,1,1.0,1.0,1.0,0.0
after,cpu,1517,1,1.0,1.0,1.0,0.0
after,cpu,1518,1,1.0,1.0,1.0,0.0
after,cpu,1519,1,1.0,1.0,1.0,0.0
after,cpu,1520,1,1.0,1.0,1.0,0.0
after,cpu,1521,1,1.0,1.0,1.0,0.0
after,cpu,1522,1,1.0,1.0,1.0,0.0
after,cpu,1523,1,1.0,1.0,1.0,0.0
after,cpu,1524,1,1.0,1.0,1.0,0.0
after,cpu,1525,1,1.0,1.0,1.0,0.0
after,cpu,1526,1,1.0,1.0,1.0,0.0
after,cpu,1527,1,1.0,1.0,1.0,0.0
after,cpu,1528,1,1.0,1.0,1.0,0.0
after,cpu,1529,1,1.0,1.0,1.0,0.0
after,cpu,1530,1,1.0,1.0,1.0,0.0
after,cpu,1531,1,1.0,1.0,1.0,0.0
after,cpu,1532,1,1.0,1.0,1.0,0.0
after,cpu,1533,1,1.0,1.0,1.0,0.0
after,cpu,1534,1,1.0,1.0,1.0,0.0
after,cpu,1535,1,1.0,1.0,1.0,0.0
after,cpu,1536,1,1.0,1.0,1.0,0.0
after,cpu,1537,1,1.0,1.0,1.0,0.0
after,cpu,1538,1,1.0,1.0,1.0,0.0
after,cpu,1539,1,1.0,1.0,1.0,0.0
after,cpu,1540,1,1.0,1.0,1.0,0.0
after,cpu,1541,1,1.0,1.0,1.0,0.0
after,cpu,1542,1,1.0,1.0,1.0,0.0
after,cpu,1543,1,1.0,1.0,1.0,0.0
after,cpu,1544,1,1.0,1.0,1.0,0.0
after,cpu,1545,1,1.0,1.0,1.0,0.0
after,cpu,1546,1,1.0,1.0,1.0,0.0
after,cpu,1547,1,1.0,1.0,1.0,0.0
after,cpu,1548,1,1.0,1.0,1.0,0.0
after,cpu,1549,1,1.0,1.0,1.0,0.0
after,cpu,1550,1,1.0,1.0,1.0,0.0
after,cpu,1551,1,1.0,1.0,1.0,0.0
after,cpu,1552,1,1.0,1.0,1.0,0.0
after,cpu,1553,1,1.0,1.0,1.0,0.0
after,cpu,1554,1,1.0,1.0,1.0,0.0
after,cpu,1555,1,1.0,1.0,1.0,0.0
after,cpu,1556,1,1.0,1.0,1.0,0.0
after,cpu,1557,1,1.0,1.0,1.0,0.0
after,cpu,1558,1,1.0,1.0,1.0,0.0
after,cpu,1559,1,1.0,1.0,1.0,0.0
after,cpu,1560,1,1.0,1.0,1.0,0.0
after,cpu,1561,1,1.0,1.0,1.0,0.0
after,cpu,1562,1,1.0,1.0,1.0,0.0
after,cpu,1563,1,1.0,1.0,1.0,0.0
after,cpu,1564,1,1.0,1.0,1.0,0.0
after,cpu,1565,1,1.0,1.0,1.0,0.0
after,cpu,1566,1,1.0,1.0,1.0,0.0
after,cpu,1567,1,1.0,1.0,1.0,0.0
after,cpu,1568,1,1.0,1.0,1.0,0.0
after,cpu,1569,1,1.0,1.0,1.0,0.0
after,cpu,1570,1,1.0,1.0,1.0,0.0
after,cpu,1571,1,1.0,1.0,1.0,0.0
after,cpu,1572,1,1.0,1.0,1.0,0.0
after,cpu,1573,1,1.0,1.0,1.0,0.0
after,cpu,1574,1,1.0,1.0,1.0,0.0
after,cpu,1575,1,1.0,1.0,1.0,0.0
after,cpu,1576,1,1.0,1.0,1.0,0.0
after,cpu,1577,1,1.0,1.0,1.0,0.0
after,cpu,1578,1,1.0,1.0,1.0,0.0
after,cpu,1579,1,1.0,1.0,1.0,0.0
after,cpu,1580,1,1.0,1.0,1.0,0.0
after,cpu,1581,1,1.0,1.0,1.0,0.0
after,cpu,1582,1,1.0,1.0,1.0,0.0
after,cpu,1583,1,1.0,1.0,1.0,0.0
after,cpu,1584,1,1.0,1.0,1.0,0.0
after,cpu,1585,1,1.0,1.0,1.0,0.0
after,cpu,1586,1,1.0,1.0,1.0,0.0
after,cpu,1587,1,1.0,1.0,1.0,0.0
after,cpu,1588,1,1.0,1.0,1.0,0.0
after,cpu,1589,1,1.0,1.0,1.0,0.0
after,cpu,1590,1,1.0,1.0,1.0,0.0
after,cpu,1591,1,1.0,1.0,1.0,0.0
after,cpu,1592,1,1.0,1.0,1.0,0.0
after,cpu,1593,1,1.0,1.0,1.0,0.0
after,cpu,1594,1,1.0,1.0,1.0,0.0
after,cpu,1595,1,1.0,1.0,1.0,0.0
after,cpu,1596,1,1.0,1.0,1.0,0.0
after,cpu,1597,1,1.0,1.0,1.0,0.0
after,cpu,1598,1,1.0,1.0,1.0,0.0
after,cpu,1599,1,1.0,1.0,1.0,0.0
after,cpu,1600,1,1.0,1.0,1.0,0.0
after,cpu,1601,1,1.0,1.0,1.0,0.0
after,cpu,1602,1,1.0,1.0,1.0,0.0
after,cpu,1603,1,1.0,1.0,1.0,0.0
after,cpu,1604,1,1.0,1.0,1.0,0.0
after,cpu,1605,1,1.0,1.0,1.0,0.0
after,cpu,1606,1,1.0,1.0,1.0,0.0
after,cpu,1607,1,1.0,1.0,1.0,0.0
after,cpu,1608,1,1.0,1.0,1.0,0.0
after,cpu,1609,1,1.0,1.0,1.0,0.0
after,cpu,1610,1,1.0,1.0,1.0,0.0
after,cpu,1611,1,1.0,1.0,1.0,0.0
after,cpu,1612,1,1.0,1.0,1.0,0.0
after,cpu,1613,1,1.0,1.0,1.0,0.0
after,cpu,1614,1,1.0,1.0,1.0,0.0
after,cpu,1615,1,1.0,1.0,1.0,0.0
after,cpu,1616,1,1.0,1.0,1.0,0.0
after,cpu,1617,1,1.0,1.0,1.0,0.0
after,cpu,1618,1,1.0,1.0,1.0,0.0
after,cpu,1619,1,1.0,1.0,1.0,0.0
after,cpu,1620,1,1.0,1.0,1.0,0.0
after,cpu,1621,1,1.0,1.0,1.0,0.0
after,cpu,1622,1,1.0,1.0,1.0,0.0
after,cpu,1623,1,1.0,1.0,1.0,0.0
after,cpu,1624,1,1.0,1.0,1.0,0.0
after,cpu,1625,1,1.0,1.0,1.0,0.0
after,cpu,1626,1,1.0,1.0,1.0,0.0
after,cpu,1627,1,1.0,1.0,1.0,0.0
after,cpu,1628,1,1.0,1.0,1.0,0.0
after,cpu,1629,1,1.0,1.0,1.0,0.0
after,cpu,1630,1,1.0,1.0,1.0,0.0
after,cpu,1631,1,1.0,1.0,1.0,0.0
after,cpu,1632,1,1.0,1.0,1.0,0.0
after,cpu,1633,1,1.0,1.0,1.0,0.0
after,cpu,1634,1,1.0,1.0,1.0,0.0
after,cpu,1635,1,1.0,1.0,1.0,0.0
after,cpu,1636,1,1.0,1.0,1.0,0.0
after,cpu,1637,1,1.0,1.0,1.0,0.0
after,cpu,1638,1,1.0,1.0,1.0,0.0
after,cpu,1639,1,1.0,1.0,1.0,0.0
after,cpu,1640,1,1.0,1.0,1.0,0.0
after,cpu,1641,1,1.0,1.0,1.0,0.0
after,cpu,1642,1,1.0,1.0,1.0,0.0
after,cpu,1643,1,1.0,1.0,1.0,0.0
after,cpu,1644,1,1.0,1.0,1.0,0.0
after,cpu,1645,1,1.0,1.0,1.0,0.0
after,cpu,1646,1,1.0,1.0,1.0,0.0
after,cpu,1647,1,1.0,1.0,1.0,0.0
after,cpu,1648,1,1.0,1.0,1.0,0.0
after,cpu,1649,1,1.0,1.0,1.0,0.0
after,cpu,1650,1,1.0,1.0,1.0,0.0
after,cpu,1651,1,1.0,1.0,1.0,0.0
after,cpu,1652,1,1.0,1.0,1.0,0.0
after,cpu,1653,1,1.0,1.0,1.0,0.0
after,cpu,1654,1,1.0,1.0,1.0,0.0
after,cpu,1655,1,1.0,1.0,1.0,0.0
after,cpu,1656,1,1.0,1.0,1.0,0.0
after,cpu,1657,1,1.0,1.0,1.0,0.0
after,cpu,1658,1,1.0,1.0,1.0,0.0
after,cpu,1659,1,1.0,1.0,1.0,0.0
after,cpu,1660,1,1.0,1.0,1.0,0.0
after,cpu,1661,1,1.0,1.0,1.0,0.0
after,cpu,1662,1,1.0,1.0,1.0,0.0
after,cpu,1663,1,1.0,1.0,1.0,0.0
after,cpu,1664,1,1.0,1.0,1.0,0.0
after,cpu,1665,1,1.0,1.0,1.0,0.0
after,cpu,1666,1,1.0,1.0,1.0,0.0
after,cpu,1667,1,1.0,1.0,1.0,0.0
after,cpu,1668,1,1.0,1.0,1.0,0.0
after,cpu,1669,1,1.0,1.0,1.0,0.0
after,cpu,1670,1,1.0,1.0,1.0,0.0
after,cpu,1671,1,1.0,1.0,1.0,0.0
after,cpu,1672,1,1.0,1.0,1.0,0.0
after,cpu,1673,1,1.0,1.0,1.0,0.0
after,cpu,1674,1,1.0,1.0,1.0,0.0
after,cpu,1675,1,1.0,1.0,1.0,0.0
after,cpu,1676,1,1.0,1.0,1.0,0.0
after,cpu,1677,1,1.0,1.0,1.0,0.0
after,cpu,1678,1,1.0,1.0,1.0,0.0
after,cpu,1679,1,1.0,1.0,1.0,0.0
after,cpu,1680,1,1.0,1.0,1.0,0.0
after,cpu,1681,1,1.0,1.0,1.0,0.0
after,cpu,1682,1,1.0,1.0,1.0,0.0
after,cpu,1683,1,1.0,1.0,1.0,0.0
after,cpu,1684,1,1.0,1.0,1.0,0.0
after,cpu,1685,1,1.0,1.0,1.0,0.0
after,cpu,1686,1,1.0,1.0,1.0,0.0
after,cpu,1687,1,1.0,1.0,1.0,0.0
after,cpu,1688,1,1.0,1.0,1.0,0.0
after,cpu,1689,1,1.0,1.0,1.0,0.0
after,cpu,1690,1,1.0,1.0,1.0,0.0
after,cpu,1691,1,1.0,1.0,1.0,0.0
after,cpu,1692,1,1.0,1.0,1.0,0.0
after,cpu,1693,1,1.0,1.0,1.0,0.0
after,cpu,1694,1,1.0,1.0,1.0,0.0
after,cpu,1695,1,1.0,1.0,1.0,0.0
after,cpu,1696,1,1.0,1.0,1.0,0.0
after,cpu,1697,1,1.0,1.0,1.0,0.0
after,cpu,1698,1,1.0,1.0,1.0,0.0
after,cpu,1699,1,1.0,1.0,1.0,0.0
after,cpu,1700,1,1.0,1.0,1.0,0.0
after,cpu,1701,1,1.0,1.0,1.0,0.0
after,cpu,1702,1,1.0,1.0,1.0,0.0
after,cpu,1703,1,1.0,1.0,1.0,0.0
after,cpu,1704,1,1.0,1.0,1.0,0.0
after,cpu,1705,1,1.0,1.0,1.0,0.0
after,cpu,1706,1,1.0,1.0,1.0,0.0
after,cpu,1707,1,1.0,1.0,1.0,0.0
after,cpu,1708,1,1.0,1.0,1.0,0.0
after,cpu,1709,1,1.0,1.0,1.0,0.0
after,cpu,1710,1,1.0,1.0,1.0,0.0
after,cpu,1711,1,1.0,1.0,1.0,0.0
after,cpu,1712,1,1.0,1.0,1.0,0.0
after,cpu,1713,1,1.0,1.0,1.0,0.0
after,cpu,1714,1,1.0,1.0,1.0,0.0
after,cpu,1715,1,1.0,1.0,1.0,0.0
after,cpu,1716,1,1.0,1.0,1.0,0.0
after,cpu,1717,1,1.0,1.0,1.0,0.0
after,cpu,1718,1,1.0,1.0,1.0,0.0
after,cpu,1719,1,1.0,1.0,1.0,0.0
after,cpu,1720,1,1.0,1.0,1.0,0.0
after,cpu,1721,1,1.0,1.0,1.0,0.0
after,cpu,1722,1,1.0,1.0,1.0,0.0
after,cpu,1723,1,1.0,1.0,1.0,0.0
after,cpu,1724,1,1.0,1.0,1.0,0.0
after,cpu,1725,1,1.0,1.0,1.0,0.0
after,cpu,1726,1,1.0,1.0,1.0,0.0
after,cpu,1727,1,1.0,1.0,1.0,0.0
after,cpu,1728,1,1.0,1.0,1.0,0.0
after,cpu,1729,1,1.0,1.0,1.0,0.0
after,cpu,1730,1,1.0,1.0,1.0,0.0
after,cpu,1731,1,1.0,1.0,1.0,0.0
after,cpu,1732,1,1.0,1.0,1.0,0.0
after,cpu,1733,1,1.0,1.0,1.0,0.0
after,cpu,1734,1,1.0,1.0,1.0,0.0
after,cpu,1735,1,1.0,1.0,1.0,0.0
after,cpu,1736,1,1.0,1.0,1.0,0.0
after,cpu,1737,1,1.0,1.0,1.0,0.0
after,cpu,1738,1,1.0,1.0,1.0,0.0
after,cpu,1739,1,1.0,1.0,1.0,0.0
after,cpu,1740,1,1.0,1.0,1.0,0.0
after,cpu,1741,1,1.0,1.0,1.0,0.0
after,cpu,1742,1,1.0,1.0,1.0,0.0
after,cpu,1743,1,1.0,1.0,1.0,0.0
after,cpu,1744,1,1.0,1.0,1.0,0.0
after,cpu,1745,1,1.0,1.0,1.0,0.0
after,cpu,1746,1,1.0,1.0,1.0,0.0
after,cpu,1747,1,1.0,1.0,1.0,0.0
after,cpu,1748,1,1.0,1.0,1.0,0.0
after,cpu,1749,1,1.0,1.0,1.0,0.0
after,cpu,1750,1,1.0,1.0,1.0,0.0
after,cpu,1751,1,1.0,1.0,1.0,0.0
after,cpu,1752,1,1.0,1.0,1.0,0.0
after,cpu,1753,1,1.0,1.0,1.0,0.0
after,cpu,1754,1,1.0,1.0,1.0,0.0
after,cpu,1755,1,1.0,1.0,1.0,0.0
after,cpu,1756,1,1.0,1.0,1.0,0.0
after,cpu,1757,1,1.0,1.0,1.0,0.0
after,cpu,1758,1,1.0,1.0,1.0,0.0
after,cpu,1759,1,1.0,1.0,1.0,0.0
after,cpu,1760,1,1.0,1.0,1.0,0.0
after,cpu,1761,1,1.0,1.0,1.0,0.0
after,cpu,1762,1,1.0,1.0,1.0,0.0
after,cpu,1763,1,1.0,1.0,1.0,0.0
after,cpu,1764,1,1.0,1.0,1.0,0.0
after,cpu,1765,1,1.0,1.0,1.0,0.0
after,cpu,1766,1,1.0,1.0,1.0,0.0
after,cpu,1767,1,1.0,1.0,1.0,0.0
after,cpu,1768,1,1.0,1.0,1.0,0.0
after,cpu,1769,1,1.0,1.0,1.0,0.0
after,cpu,1770,1,1.0,1.0,1.0,0.0
after,cpu,1771,1,1.0,1.0,1.0,0.0
after,cpu,1772,1,1.0,1.0,1.0,0.0
after,cpu,1773,1,1.0,1.0,1.0,0.0
after,cpu,1774,1,1.0,1.0,1.0,0.0
after,cpu,1775,1,1.0,1.0,1.0,0.0
after,cpu,1776,1,1.0,1.0,1.0,0.0
after,cpu,1777,1,1.0,1.0,1.0,0.0
after,cpu,1778,1,1.0,1.0,1.0,0.0
after,cpu,1779,1,1.0,1.0,1.0,0.0
after,cpu,1780,1,1.0,1.0,1.0,0.0
after,cpu,1781,1,1.0,1.0,1.0,0.0
after,cpu,1782,1,1.0,1.0,1.0,0.0
after,cpu,1783,1,1.0,1.0,1.0,0.0
after,cpu,1784,1,1.0,1.0,1.0,0.0
after,cpu,1785,1,1.0,1.0,1.0,0.0
after,cpu,1786,1,1.0,1.0,1.0,0.0
after,cpu,1787,1,1.0,1.0,1.0,0.0
after,cpu,1788,1,1.0,1.0,1.0,0.0
after,cpu,1789,1,1.0,1.0,1.0,0.0
after,cpu,1790,1,1.0,1.0,1.0,0.0
after,cpu,1791,1,1.0,1.0,1.0,0.0
after,cpu,1792,1,1.0,1.0,1.0,0.0
after,cpu,1793,1,1.0,1.0,1.0,0.0
after,cpu,1794,1,1.0,1.0,1.0,0.0
after,cpu,1795,1,1.0,1.0,1.0,0.0
after,cpu,1796,1,1.0,1.0,1.0,0.0
after,cpu,1797,1,1.0,1.0,1.0,0.0
after,cpu,1798,1,1.0,1.0,1.0,0.0
after,cpu,1799,1,1.0,1.0,1.0,0.0
after,cpu,1800,1,1.0,1.0,1.0,0.0
after,cpu,1801,1,1.0,1.0,1.0,0.0
after,cpu,1802,1,1.0,1.0,1.0,0.0
after,cpu,1803,1,1.0,1.0,1.0,0.0
after,cpu,1804,1,1.0,1.0,1.0,0.0
after,cpu,1805,1,1.0,1.0,1.0,0.0
after,cpu,1806,1,1.0,1.0,1.0,0.0
after,cpu,1807,1,1.0,1.0,1.0,0.0
after,cpu,1808,1,1.0,1.0,1.0,0.0
after,cpu,1809,1,1.0,1.0,1.0,0.0
after,cpu,1810,1,1.0,1.0,1.0,0.0
after,cpu,1811,1,1.0,1.0,1.0,0.0
after,cpu,1812,1,1.0,1.0,1.0,0.0
after,cpu,1813,1,1.0,1.0,1.0,0.0
after,cpu,1814,1,1.0,1.0,1.0,0.0
after,cpu,1815,1,1.0,1.0,1.0,0.0
after,cpu,1816,1,1.0,1.0,1.0,0.0
after,cpu,1817,1,1.0,1.0,1.0,0.0
after,cpu,1818,1,1.0,1.0,1.0,0.0
after,cpu,1819,1,1.0,1.0,1.0,0.0
after,cpu,1820,1,1.0,1.0,1.0,0.0
after,cpu,1821,1,1.0,1.0,1.0,0.0
after,cpu,1822,1,1.0,1.0,1.0,0.0
after,cpu,1823,1,1.0,1.0,1.0,0.0
after,cpu,1824,1,1.0,1.0,1.0,0.0
after,cpu,1825,1,1.0,1.0,1.0,0.0
after,cpu,1826,1,1.0,1.0,1.0,0.0
after,cpu,1827,1,1.0,1.0,1.0,0.0
after,cpu,1828,1,1.0,1.0,1.0,0.0
after,cpu,1829,1,1.0,1.0,1.0,0.0
after,cpu,1830,1,1.0,1.0,1.0,0.0
after,cpu,1831,1,1.0,1.0,1.0,0.0
after,cpu,1832,1,1.0,1.0,1.0,0.0
after,cpu,1833,1,1.0,1.0,1.0,0.0
after,cpu,1834,1,1.0,1.0,1.0,0.0
after,cpu,1835,1,1.0,1.0,1.0,0.0
after,cpu,1836,1,1.0,1.0,1.0,0.0
after,cpu,1837,1,1.0,1.0,1.0,0.0
after,cpu,1838,1,1.0,1.0,1.0,0.0
after,cpu,1839,1,1.0,1.0,1.0,0.0
after,cpu,1840,1,1.0,1.0,1.0,0.0
after,cpu,1841,1,1.0,1.0,1.0,0.0
after,cpu,1842,1,1.0,1.0,1.0,0.0
after,cpu,1843,1,1.0,1.0,1.0,0.0
after,cpu,1844,1,1.0,1.0,1.0,0.0
after,cpu,1845,1,1.0,1.0,1.0,0.0
after,cpu,1846,1,1.0,1.0,1.0,0.0
after,cpu,1847,1,1.0,1.0,1.0,0.0
after,cpu,1848,1,1.0,1.0,1.0,0.0
after,cpu,1849,1,1.0,1.0,1.0,0.0
after,cpu,1850,1,1.0,1.0,1.0,0.0
after,cpu,1851,1,1.0,1.0,1.0,0.0
after,cpu,1852,1,1.0,1.0,1.0,0.0
after,cpu,1853,1,1.0,1.0,1.0,0.0
after,cpu,1854,1,1.0,1.0,1.0,0.0
after,cpu,1855,1,1.0,1.0,1.0,0.0
after,cpu,1856,1,1.0,1.0,1.0,0.0
after,cpu,1857,1,1.0,1.0,1.0,0.0
after,cpu,1858,1,1.0,1.0,1.0,0.0
after,cpu,1859,1,1.0,1.0,1.0,0.0
after,cpu,1860,1,1.0,1.0,1.0,0.0
after,cpu,1861,1,1.0,1.0,1.0,0.0
after,cpu,1862,1,1.0,1.0,1.0,0.0
after,cpu,1863,1,1.0,1.0,1.0,0.0
after,cpu,1864,1,1.0,1.0,1.0,0.0
after,cpu,1865,1,1.0,1.0,1.0,0.0
after,cpu,1866,1,1.0,1.0,1.0,0.0
after,cpu,1867,1,1.0,1.0,1.0,0.0
after,cpu,1868,1,1.0,1.0,1.0,0.0
after,cpu,1869,1,1.0,1.0,1.0,0.0
after,cpu,1870,1,1.0,1.0,1.0,0.0
after,cpu,1871,1,1.0,1.0,1.0,0.0
after,cpu,1872,1,1.0,1.0,1.0,0.0
after,cpu,1873,1,1.0,1.0,1.0,0.0
after,cpu,1874,1,1.0,1.0,1.0,0.0
after,cpu,1875,1,1.0,1.0,1.0,0.0
after,cpu,1876,1,1.0,1.0,1.0,0.0
after,cpu,1877,1,1.0,1.0,1.0,0.0
after,cpu,1878,1,1.0,1.0,1.0,0.0
after,cpu,1879,1,1.0,1.0,1.0,0.0
after,cpu,1880,1,1.0,1.0,1.0,0.0
after,cpu,1881,1,1.0,1.0,1.0,0.0
after,cpu,1882,1,1.0,1.0,1.0,0.0
after,cpu,1883,1,1.0,1.0,1.0,0.0
after,cpu,1884,1,1.0,1.0,1.0,0.0
after,cpu,1885,1,1.0,1.0,1.0,0.0
after,cpu,1886,1,1.0,1.0,1.0,0.0
after,cpu,1887,1,1.0,1.0,1.0,0.0
after,cpu,1888,1,1.0,1.0,1.0,0.0
after,cpu,1889,1,1.0,1.0,1.0,0.0
after,cpu,1890,1,1.0,1.0,1.0,0.0
after,cpu,1891,1,1.0,1.0,1.0,0.0
after,cpu,1892,1,1.0,1.0,1.0,0.0
after,cpu,1893,1,1.0,1.0,1.0,0.0
after,cpu,1894,1,1.0,1.0,1.0,0.0
after,cpu,1895,1,1.0,1.0,1.0,0.0
after,cpu,1896,1,1.0,1.0,1.0,0.0
after,cpu,1897,1,1.0,1.0,1.0,0.0
after,cpu,1898,1,1.0,1.0,1.0,0.0
after,cpu,1899,1,1.0,1.0,1.0,0.0
after,cpu,1900,1,1.0,1.0,1.0,0.0
after,cpu,1901,1,1.0,1.0,1.0,0.0
after,cpu,1902,1,1.0,1.0,1.0,0.0
after,cpu,1903,1,1.0,1.0,1.0,0.0
after,cpu,1904,1,1.0,1.0,1.0,0.0
after,cpu,1905,1,1.0,1.0,1.0,0.0
after,cpu,1906,1,1.0,1.0,1.0,0.0
after,cpu,1907,1,1.0,1.0,1.0,0.0
after,cpu,1908,1,1.0,1.0,1.0,0.0
after,cpu,1909,1,1.0,1.0,1.0,0.0
after,cpu,1910,1,1.0,1.0,1.0,0.0
after,cpu,1911,1,1.0,1.0,1.0,0.0
after,cpu,1912,1,1.0,1.0,1.0,0.0
after,cpu,1913,1,1.0,1.0,1.0,0.0
after,cpu,1914,1,1.0,1.0,1.0,0.0
after,cpu,1915,1,1.0,1.0,1.0,0.0
after,cpu,1916,1,1.0,1.0,1.0,0.0
after,cpu,1917,1,1.0,1.0,1.0,0.0
after,cpu,1918,1,1.0,1.0,1.0,0.0
after,cpu,1919,1,1.0,1.0,1.0,0.0
after,cpu,1920,1,1.0,1.0,1.0,0.0
after,cpu,1921,1,1.0,1.0,1.0,0.0
after,cpu,1922,1,1.0,1.0,1.0,0.0
after,cpu,1923,1,1.0,1.0,1.0,0.0
after,cpu,1924,1,1.0,1.0,1.0,0.0
after,cpu,1925,1,1.0,1.0,1.0,0.0
after,cpu,1926,1,1.0,1.0,1.0,0.0
after,cpu,1927,1,1.0,1.0,1.0,0.0
after,cpu,1928,1,1.0,1.0,1.0,0.0
after,cpu,1929,1,1.0,1.0,1.0,0.0
after,cpu,1930,1,1.0,1.0,1.0,0.0
after,cpu,1931,1,1.0,1.0,1.0,0.0
after,cpu,1932,1,1.0,1.0,1.0,0.0
after,cpu,1933,1,1.0,1.0,1.0,0.0
after,cpu,1934,1,1.0,1.0,1.0,0.0
after,cpu,1935,1,1.0,1.0,1.0,0.0
after,cpu,1936,1,1.0,1.0,1.0,0.0
after,cpu,1937,1,1.0,1.0,1.0,0.0
after,cpu,1938,1,1.0,1.0,1.0,0.0
after,cpu,1939,1,1.0,1.0,1.0,0.0
after,cpu,1940,1,1.0,1.0,1.0,0.0
after,cpu,1941,1,1.0,1.0,1.0,0.0
after,cpu,1942,1,1.0,1.0,1.0,0.0
after,cpu,1943,1,1.0,1.0,1.0,0.0
after,cpu,1944,1,1.0,1.0,1.0,0.0
after,cpu,1945,1,1.0,1.0,1.0,0.0
after,cpu,1946,1,1.0,1.0,1.0,0.0
after,cpu,1947,1,1.0,1.0,1.0,0.0
after,cpu,1948,1,1.0,1.0,1.0,0.0
after,cpu,1949,1,1.0,1.0,1.0,0.0
after,cpu,1950,1,1.0,1.0,1.0,0.0
after,cpu,1951,1,1.0,1.0,1.0,0.0
after,cpu,1952,1,1.0,1.0,1.0,0.0
after,cpu,1953,1,1.0,1.0,1.0,0.0
after,cpu,1954,1,1.0,1.0,1.0,0.0
after,cpu,1955,1,1.0,1.0,1.0,0.0
after,cpu,1956,1,1.0,1.0,1.0,0.0
after,cpu,1957,1,1.0,1.0,1.0,0.0
after,cpu,1958,1,1.0,1.0,1.0,0.0
after,cpu,1959,1,1.0,1.0,1.0,0.0
after,cpu,1960,1,1.0,1.0,1.0,0.0
after,cpu,1961,1,1.0,1.0,1.0,0.0
after,cpu,1962,1,1.0,1.0,1.0,0.0
after,cpu,1963,1,1.0,1.0,1.0,0.0
after,cpu,1964,1,1.0,1.0,1.0,0.0
after,cpu,1965,1,1.0,1.0,1.0,0.0
after,cpu,1966,1,1.0,1.0,1.0,0.0
after,cpu,1967,1,1.0,1.0,1.0,0.0
after,cpu,1968,1,1.0,1.0,1.0,0.0
after,cpu,1969,1,1.0,1.0,1.0,0.0
after,cpu,1970,1,1.0,1.0,1.0,0.0
after,cpu,1971,1,1.0,1.0,1.0,0.0
after,cpu,1972,1,1.0,1.0,1.0,0.0
after,cpu,1973,1,1.0,1.0,1.0,0.0
after,cpu,1974,1,1.0,1.0,1.0,0.0
after,cpu,1975,1,1.0,1.0,1.0,0.0
after,cpu,1976,1,1.0,1.0,1.0,0.0
after,cpu,1977,1,1.0,1.0,1.0,0.0
after,cpu,1978,1,1.0,1.0,1.0,0.0
after,cpu,1979,1,1.0,1.0,1.0,0.0
after,cpu,1980,1,1.0,1.0,1.0,0.0
after,cpu,1981,1,1.0,1.0,1.0,0.0
after,cpu,1982,1,1.0,1.0,1.0,0.0
after,cpu,1983,1,1.0,1.0,1.0,0.0
after,cpu,1984,1,1.0,1.0,1.0,0.0
after,cpu,1985,1,1.0,1.0,1.0,0.0
after,cpu,1986,1,1.0,1.0,1.0,0.0
after,cpu,1987,1,1.0,1.0,1.0,0.0
after,cpu,1988,1,1.0,1.0,1.0,0.0
after,cpu,1989,1,1.0,1.0,1.0,0.0
after,cpu,1990,1,1.0,1.0,1.0,0.0
after,cpu,1991,1,1.0,1.0,1.0,0.0
after,cpu,1992,1,1.0,1.0,1.0,0.0
after,cpu,1993,1,1.0,1.0,1.0,0.0
after,cpu,1994,1,1.0,1.0,1.0,0.0
after,cpu,1995,1,1.0,1.0,1.0,0.0
after,cpu,1996,1,1.0,1.0,1.0,0.0
after,cpu,1997,1,1.0,1.0,1.0,0.0
after,cpu,1998,1,1.0,1.0,1.0,0.0
after,cpu,1999,1,1.0,1.0,1.0,0.0
after,cpu,2000,1,1.0,1.0,1.0,0.0
after,cpu,2001,1,1.0,1.0,1.0,0.0
after,cpu,2002,1,1.0,1.0,1.0,0.0
after,cpu,2003,1,1.0,1.0,1.0,0.0
after,cpu,2004,1,1.0,1.0,1.0,0.0
after,cpu,2005,1,1.0,1.0,1.0,0.0
after,cpu,2006,1,1.0,1.0,1.0,0.0
after,cpu,2007,1,1.0,1.0,1.0,0.0
after,cpu,2008,1,1.0,1.0,1.0,0.0
after,cpu,2009,1,1.0,1.0,1.0,0.0
after,cpu,2010,1,1.0,1.0,1.0,0.0
after,cpu,2011,1,1.0,1.0,1.0,0.0
after,cpu,2012,1,1.0,1.0,1.0,0.0
after,cpu,2013,1,1.0,1.0,1.0,0.0
after,cpu,2014,1,1.0,1.0,1.0,0.0
after,cpu,2015,1,1.0,1.0,1.0,0.0
after,cpu,2016,1,1.0,1.0,1.0,0.0
after,cpu,2017,1,1.0,1.0,1.0,0.0
after,cpu,2018,1,1.0,1.0,1.0,0.0
after,cpu,2019,1,1.0,1.0,1.0,0.0
after,cpu,2020,1,1.0,1.0,1.0,0.0
after,cpu,2021,1,1.0,1.0,1.0,0.0
after,cpu,2022,1,1.0,1.0,1.0,0.0
after,cpu,2023,1,1.0,1.0,1.0,0.0
after,cpu,2024,1,1.0,1.0,1.0,0.0
after,cpu,2025,1,1.0,1.0,1.0,0.0
after,cpu,2026,1,1.0,1.0,1.0,0.0
after,cpu,2027,1,1.0,1.0,1.0,0.0
after,cpu,2028,1,1.0,1.0,1.0,0.0
after,cpu,2029,1,1.0,1.0,1.0,0.0
after,cpu,2030,1,1.0,1.0,1.0,0.0
after,cpu,2031,1,1.0,1.0,1.0,0.0
after,cpu,2032,1,1.0,1.0,1.0,0.0
after,cpu,2033,1,1.0,1.0,1.0,0.0
after,cpu,2034,1,1.0,1.0,1.0,0.0
after,cpu,2035,1,1.0,1.0,1.0,0.0
after,cpu,2036,1,1.0,1.0,1.0,0.0
after,cpu,2037,1,1.0,1.0,1.0,0.0
after,cpu,2038,1,1.0,1.0,1.0,0.0
after,cpu,2039,1,1.0,1.0,1.0,0.0
after,cpu,2040,1,1.0,1.0,1.0,0.0
after,cpu,2041,1,1.0,1.0,1.0,0.0
after,cpu,2042,1,1.0,1.0,1.0,0.0
after,cpu,2043,1,1.0,1.0,1.0,0.0
after,cpu,2044,1,1.0,1.0,1.0,0.0
after,cpu,2045,1,1.0,1.0,1.0,0.0
after,cpu,2046,1,1.0,1.0,1.0,0.0
after,cpu,2047,1,1.0,1.0,1.0,0.0
after,cuda:0,0,1,1.0,1.0,1.0,0.0
after,cuda:0,1,1,1.0,1.0,1.0,0.0
after,cuda:0,2,1,1.0,1.0,1.0,0.0
after,cuda:0,3,1,1.0,1.0,1.0,0.0
after,cuda:0,4,1,1.0,1.0,1.0,0.0
after,cuda:0,5,1,1.0,1.0,1.0,0.0
after,cuda:0,6,1,1.0,1.0,1.0,0.0
after,cuda:0,7,1,1.0,1.0,1.0,0.0
after,cuda:0,8,1,1.0,1.0,1.0,0.0
after,cuda:0,9,1,1.0,1.0,1.0,0.0
after,cuda:0,10,1,1.0,1.0,1.0,0.0
after,cuda:0,11,1,1.0,1.0,1.0,0.0
after,cuda:0,12,1,1.0,1.0,1.0,0.0
after,cuda:0,13,1,1.0,1.0,1.0,0.0
after,cuda:0,14,1,1.0,1.0,1.0,0.0
after,cuda:0,15,1,1.0,1.0,1.0,0.0
after,cuda:0,16,1,1.0,1.0,1.0,0.0
after,cuda:0,17,1,1.0,1.0,1.0,0.0
after,cuda:0,18,1,1.0,1.0,1.0,0.0
after,cuda:0,19,1,1.0,1.0,1.0,0.0
after,cuda:0,20,1,1.0,1.0,1.0,0.0
after,cuda:0,21,1,1.0,1.0,1.0,0.0
after,cuda:0,22,1,1.0,1.0,1.0,0.0
after,cuda:0,23,1,1.0,1.0,1.0,0.0
after,cuda:0,24,1,1.0,1.0,1.0,0.0
after,cuda:0,25,1,1.0,1.0,1.0,0.0
after,cuda:0,26,1,1.0,1.0,1.0,0.0
after,cuda:0,27,1,1.0,1.0,1.0,0.0
after,cuda:0,28,1,1.0,1.0,1.0,0.0
after,cuda:0,29,1,1.0,1.0,1.0,0.0
after,cuda:0,30,1,1.0,1.0,1.0,0.0
after,cuda:0,31,1,1.0,1.0,1.0,0.0
after,cuda:0,32,1,1.0,1.0,1.0,0.0
after,cuda:0,33,1,1.0,1.0,1.0,0.0
after,cuda:0,34,1,1.0,1.0,1.0,0.0
after,cuda:0,35,1,1.0,1.0,1.0,0.0
after,cuda:0,36,1,1.0,1.0,1.0,0.0
after,cuda:0,37,1,1.0,1.0,1.0,0.0
after,cuda:0,38,1,1.0,1.0,1.0,0.0
after,cuda:0,39,1,1.0,1.0,1.0,0.0
after,cuda:0,40,1,1.0,1.0,1.0,0.0
after,cuda:0,41,1,1.0,1.0,1.0,0.0
after,cuda:0,42,1,1.0,1.0,1.0,0.0
after,cuda:0,43,1,1.0,1.0,1.0,0.0
after,cuda:0,44,1,1.0,1.0,1.0,0.0
after,cuda:0,45,1,1.0,1.0,1.0,0.0
after,cuda:0,46,1,1.0,1.0,1.0,0.0
after,cuda:0,47,1,1.0,1.0,1.0,0.0
after,cuda:0,48,1,1.0,1.0,1.0,0.0
after,cuda:0,49,1,1.0,1.0,1.0,0.0
after,cuda:0,50,1,1.0,1.0,1.0,0.0
after,cuda:0,51,1,1.0,1.0,1.0,0.0
after,cuda:0,52,1,1.0,1.0,1.0,0.0
after,cuda:0,53,1,1.0,1.0,1.0,0.0
after,cuda:0,54,1,1.0,1.0,1.0,0.0
after,cuda:0,55,1,1.0,1.0,1.0,0.0
after,cuda:0,56,1,1.0,1.0,1.0,0.0
after,cuda:0,57,1,1.0,1.0,1.0,0.0
after,cuda:0,58,1,1.0,1.0,1.0,0.0
after,cuda:0,59,1,1.0,1.0,1.0,0.0
after,cuda:0,60,1,1.0,1.0,1.0,0.0
after,cuda:0,61,1,1.0,1.0,1.0,0.0
after,cuda:0,62,1,1.0,1.0,1.0,0.0
after,cuda:0,63,1,1.0,1.0,1.0,0.0
after,cuda:0,64,1,1.0,1.0,1.0,0.0
after,cuda:0,65,1,1.0,1.0,1.0,0.0
after,cuda:0,66,1,1.0,1.0,1.0,0.0
after,cuda:0,67,1,1.0,1.0,1.0,0.0
after,cuda:0,68,1,1.0,1.0,1.0,0.0
after,cuda:0,69,1,1.0,1.0,1.0,0.0
after,cuda:0,70,1,1.0,1.0,1.0,0.0
after,cuda:0,71,1,1.0,1.0,1.0,0.0
after,cuda:0,72,1,1.0,1.0,1.0,0.0
after,cuda:0,73,1,1.0,1.0,1.0,0.0
after,cuda:0,74,1,1.0,1.0,1.0,0.0
after,cuda:0,75,1,1.0,1.0,1.0,0.0
after,cuda:0,76,1,1.0,1.0,1.0,0.0
after,cuda:0,77,1,1.0,1.0,1.0,0.0
after,cuda:0,78,1,1.0,1.0,1.0,0.0
after,cuda:0,79,1,1.0,1.0,1.0,0.0
after,cuda:0,80,1,1.0,1.0,1.0,0.0
after,cuda:0,81,1,1.0,1.0,1.0,0.0
after,cuda:0,82,1,1.0,1.0,1.0,0.0
after,cuda:0,83,1,1.0,1.0,1.0,0.0
after,cuda:0,84,1,1.0,1.0,1.0,0.0
after,cuda:0,85,1,1.0,1.0,1.0,0.0
after,cuda:0,86,1,1.0,1.0,1.0,0.0
after,cuda:0,87,1,1.0,1.0,1.0,0.0
after,cuda:0,88,1,1.0,1.0,1.0,0.0
after,cuda:0,89,1,1.0,1.0,1.0,0.0
after,cuda:0,90,1,1.0,1.0,1.0,0.0
after,cuda:0,91,1,1.0,1.0,1.0,0.0
after,cuda:0,92,1,1.0,1.0,1.0,0.0
after,cuda:0,93,1,1.0,1.0,1.0,0.0
after,cuda:0,94,1,1.0,1.0,1.0,0.0
after,cuda:0,95,1,1.0,1.0,1.0,0.0
after,cuda:0,96,1,1.0,1.0,1.0,0.0
after,cuda:0,97,1,1.0,1.0,1.0,0.0
after,cuda:0,98,1,1.0,1.0,1.0,0.0
after,cuda:0,99,1,1.0,1.0,1.0,0.0
after,cuda:0,100,1,1.0,1.0,1.0,0.0
after,cuda:0,101,1,1.0,1.0,1.0,0.0
after,cuda:0,102,1,1.0,1.0,1.0,0.0
after,cuda:0,103,1,1.0,1.0,1.0,0.0
after,cuda:0,104,1,1.0,1.0,1.0,0.0
after,cuda:0,105,1,1.0,1.0,1.0,0.0
after,cuda:0,106,1,1.0,1.0,1.0,0.0
after,cuda:0,107,1,1.0,1.0,1.0,0.0
after,cuda:0,108,1,1.0,1.0,1.0,0.0
after,cuda:0,109,1,1.0,1.0,1.0,0.0
after,cuda:0,110,1,1.0,1.0,1.0,0.0
after,cuda:0,111,1,1.0,1.0,1.0,0.0
after,cuda:0,112,1,1.0,1.0,1.0,0.0
after,cuda:0,113,1,1.0,1.0,1.0,0.0
after,cuda:0,114,1,1.0,1.0,1.0,0.0
after,cuda:0,115,1,1.0,1.0,1.0,0.0
after,cuda:0,116,1,1.0,1.0,1.0,0.0
after,cuda:0,117,1,1.0,1.0,1.0,0.0
after,cuda:0,118,1,1.0,1.0,1.0,0.0
after,cuda:0,119,1,1.0,1.0,1.0,0.0
after,cuda:0,120,1,1.0,1.0,1.0,0.0
after,cuda:0,121,1,1.0,1.0,1.0,0.0
after,cuda:0,122,1,1.0,1.0,1.0,0.0
after,cuda:0,123,1,1.0,1.0,1.0,0.0
after,cuda:0,124,1,1.0,1.0,1.0,0.0
after,cuda:0,125,1,1.0,1.0,1.0,0.0
after,cuda:0,126,1,1.0,1.0,1.0,0.0
after,cuda:0,127,1,1.0,1.0,1.0,0.0
after,cuda:0,128,1,1.0,1.0,1.0,0.0
after,cuda:0,129,1,1.0,1.0,1.0,0.0
after,cuda:0,130,1,1.0,1.0,1.0,0.0
after,cuda:0,131,1,1.0,1.0,1.0,0.0
after,cuda:0,132,1,1.0,1.0,1.0,0.0
after,cuda:0,133,1,1.0,1.0,1.0,0.0
after,cuda:0,134,1,1.0,1.0,1.0,0.0
after,cuda:0,135,1,1.0,1.0,1.0,0.0
after,cuda:0,136,1,1.0,1.0,1.0,0.0
after,cuda:0,137,1,1.0,1.0,1.0,0.0
after,cuda:0,138,1,1.0,1.0,1.0,0.0
after,cuda:0,139,1,1.0,1.0,1.0,0.0
after,cuda:0,140,1,1.0,1.0,1.0,0.0
after,cuda:0,141,1,1.0,1.0,1.0,0.0
after,cuda:0,142,1,1.0,1.0,1.0,0.0
after,cuda:0,143,1,1.0,1.0,1.0,0.0
after,cuda:0,144,1,1.0,1.0,1.0,0.0
after,cuda:0,145,1,1.0,1.0,1.0,0.0
after,cuda:0,146,1,1.0,1.0,1.0,0.0
after,cuda:0,147,1,1.0,1.0,1.0,0.0
after,cuda:0,148,1,1.0,1.0,1.0,0.0
after,cuda:0,149,1,1.0,1.0,1.0,0.0
after,cuda:0,150,1,1.0,1.0,1.0,0.0
after,cuda:0,151,1,1.0,1.0,1.0,0.0
after,cuda:0,152,1,1.0,1.0,1.0,0.0
after,cuda:0,153,1,1.0,1.0,1.0,0.0
after,cuda:0,154,1,1.0,1.0,1.0,0.0
after,cuda:0,155,1,1.0,1.0,1.0,0.0
after,cuda:0,156,1,1.0,1.0,1.0,0.0
after,cuda:0,157,1,1.0,1.0,1.0,0.0
after,cuda:0,158,1,1.0,1.0,1.0,0.0
after,cuda:0,159,1,1.0,1.0,1.0,0.0
after,cuda:0,160,1,1.0,1.0,1.0,0.0
after,cuda:0,161,1,1.0,1.0,1.0,0.0
after,cuda:0,162,1,1.0,1.0,1.0,0.0
after,cuda:0,163,1,1.0,1.0,1.0,0.0
after,cuda:0,164,1,1.0,1.0,1.0,0.0
after,cuda:0,165,1,1.0,1.0,1.0,0.0
after,cuda:0,166,1,1.0,1.0,1.0,0.0
after,cuda:0,167,1,1.0,1.0,1.0,0.0
after,cuda:0,168,1,1.0,1.0,1.0,0.0
after,cuda:0,169,1,1.0,1.0,1.0,0.0
after,cuda:0,170,1,1.0,1.0,1.0,0.0
after,cuda:0,171,1,1.0,1.0,1.0,0.0
after,cuda:0,172,1,1.0,1.0,1.0,0.0
after,cuda:0,173,1,1.0,1.0,1.0,0.0
after,cuda:0,174,1,1.0,1.0,1.0,0.0
after,cuda:0,175,1,1.0,1.0,1.0,0.0
after,cuda:0,176,1,1.0,1.0,1.0,0.0
after,cuda:0,177,1,1.0,1.0,1.0,0.0
after,cuda:0,178,1,1.0,1.0,1.0,0.0
after,cuda:0,179,1,1.0,1.0,1.0,0.0
after,cuda:0,180,1,1.0,1.0,1.0,0.0
after,cuda:0,181,1,1.0,1.0,1.0,0.0
after,cuda:0,182,1,1.0,1.0,1.0,0.0
after,cuda:0,183,1,1.0,1.0,1.0,0.0
after,cuda:0,184,1,1.0,1.0,1.0,0.0
after,cuda:0,185,1,1.0,1.0,1.0,0.0
after,cuda:0,186,1,1.0,1.0,1.0,0.0
after,cuda:0,187,1,1.0,1.0,1.0,0.0
after,cuda:0,188,1,1.0,1.0,1.0,0.0
after,cuda:0,189,1,1.0,1.0,1.0,0.0
after,cuda:0,190,1,1.0,1.0,1.0,0.0
after,cuda:0,191,1,1.0,1.0,1.0,0.0
after,cuda:0,192,1,1.0,1.0,1.0,0.0
after,cuda:0,193,1,1.0,1.0,1.0,0.0
after,cuda:0,194,1,1.0,1.0,1.0,0.0
after,cuda:0,195,1,1.0,1.0,1.0,0.0
after,cuda:0,196,1,1.0,1.0,1.0,0.0
after,cuda:0,197,1,1.0,1.0,1.0,0.0
after,cuda:0,198,1,1.0,1.0,1.0,0.0
after,cuda:0,199,1,1.0,1.0,1.0,0.0
after,cuda:0,200,1,1.0,1.0,1.0,0.0
after,cuda:0,201,1,1.0,1.0,1.0,0.0
after,cuda:0,202,1,1.0,1.0,1.0,0.0
after,cuda:0,203,1,1.0,1.0,1.0,0.0
after,cuda:0,204,1,1.0,1.0,1.0,0.0
after,cuda:0,205,1,1.0,1.0,1.0,0.0
after,cuda:0,206,1,1.0,1.0,1.0,0.0
after,cuda:0,207,1,1.0,1.0,1.0,0.0
after,cuda:0,208,1,1.0,1.0,1.0,0.0
after,cuda:0,209,1,1.0,1.0,1.0,0.0
after,cuda:0,210,1,1.0,1.0,1.0,0.0
after,cuda:0,211,1,1.0,1.0,1.0,0.0
after,cuda:0,212,1,1.0,1.0,1.0,0.0
after,cuda:0,213,1,1.0,1.0,1.0,0.0
after,cuda:0,214,1,1.0,1.0,1.0,0.0
after,cuda:0,215,1,1.0,1.0,1.0,0.0
after,cuda:0,216,1,1.0,1.0,1.0,0.0
after,cuda:0,217,1,1.0,1.0,1.0,0.0
after,cuda:0,218,1,1.0,1.0,1.0,0.0
after,cuda:0,219,1,1.0,1.0,1.0,0.0
after,cuda:0,220,1,1.0,1.0,1.0,0.0
after,cuda:0,221,1,1.0,1.0,1.0,0.0
after,cuda:0,222,1,1.0,1.0,1.0,0.0
after,cuda:0,223,1,1.0,1.0,1.0,0.0
after,cuda:0,224,1,1.0,1.0,1.0,0.0
after,cuda:0,225,1,1.0,1.0,1.0,0.0
after,cuda:0,226,1,1.0,1.0,1.0,0.0
after,cuda:0,227,1,1.0,1.0,1.0,0.0
after,cuda:0,228,1,1.0,1.0,1.0,0.0
after,cuda:0,229,1,1.0,1.0,1.0,0.0
after,cuda:0,230,1,1.0,1.0,1.0,0.0
after,cuda:0,231,1,1.0,1.0,1.0,0.0
after,cuda:0,232,1,1.0,1.0,1.0,0.0
after,cuda:0,233,1,1.0,1.0,1.0,0.0
after,cuda:0,234,1,1.0,1.0,1.0,0.0
after,cuda:0,235,1,1.0,1.0,1.0,0.0
after,cuda:0,236,1,1.0,1.0,1.0,0.0
after,cuda:0,237,1,1.0,1.0,1.0,0.0
after,cuda:0,238,1,1.0,1.0,1.0,0.0
after,cuda:0,239,1,1.0,1.0,1.0,0.0
after,cuda:0,240,1,1.0,1.0,1.0,0.0
after,cuda:0,241,1,1.0,1.0,1.0,0.0
after,cuda:0,242,1,1.0,1.0,1.0,0.0
after,cuda:0,243,1,1.0,1.0,1.0,0.0
after,cuda:0,244,1,1.0,1.0,1.0,0.0
after,cuda:0,245,1,1.0,1.0,1.0,0.0
after,cuda:0,246,1,1.0,1.0,1.0,0.0
after,cuda:0,247,1,1.0,1.0,1.0,0.0
after,cuda:0,248,1,1.0,1.0,1.0,0.0
after,cuda:0,249,1,1.0,1.0,1.0,0.0
after,cuda:0,250,1,1.0,1.0,1.0,0.0
after,cuda:0,251,1,1.0,1.0,1.0,0.0
after,cuda:0,252,1,1.0,1.0,1.0,0.0
after,cuda:0,253,1,1.0,1.0,1.0,0.0
after,cuda:0,254,1,1.0,1.0,1.0,0.0
after,cuda:0,255,1,1.0,1.0,1.0,0.0
after,cuda:0,256,1,1.0,1.0,1.0,0.0
after,cuda:0,257,1,1.0,1.0,1.0,0.0
after,cuda:0,258,1,1.0,1.0,1.0,0.0
after,cuda:0,259,1,1.0,1.0,1.0,0.0
after,cuda:0,260,1,1.0,1.0,1.0,0.0
after,cuda:0,261,1,1.0,1.0,1.0,0.0
after,cuda:0,262,1,1.0,1.0,1.0,0.0
after,cuda:0,263,1,1.0,1.0,1.0,0.0
after,cuda:0,264,1,1.0,1.0,1.0,0.0
after,cuda:0,265,1,1.0,1.0,1.0,0.0
after,cuda:0,266,1,1.0,1.0,1.0,0.0
after,cuda:0,267,1,1.0,1.0,1.0,0.0
after,cuda:0,268,1,1.0,1.0,1.0,0.0
after,cuda:0,269,1,1.0,1.0,1.0,0.0
after,cuda:0,270,1,1.0,1.0,1.0,0.0
after,cuda:0,271,1,1.0,1.0,1.0,0.0
after,cuda:0,272,1,1.0,1.0,1.0,0.0
after,cuda:0,273,1,1.0,1.0,1.0,0.0
after,cuda:0,274,1,1.0,1.0,1.0,0.0
after,cuda:0,275,1,1.0,1.0,1.0,0.0
after,cuda:0,276,1,1.0,1.0,1.0,0.0
after,cuda:0,277,1,1.0,1.0,1.0,0.0
after,cuda:0,278,1,1.0,1.0,1.0,0.0
after,cuda:0,279,1,1.0,1.0,1.0,0.0
after,cuda:0,280,1,1.0,1.0,1.0,0.0
after,cuda:0,281,1,1.0,1.0,1.0,0.0
after,cuda:0,282,1,1.0,1.0,1.0,0.0
after,cuda:0,283,1,1.0,1.0,1.0,0.0
after,cuda:0,284,1,1.0,1.0,1.0,0.0
after,cuda:0,285,1,1.0,1.0,1.0,0.0
after,cuda:0,286,1,1.0,1.0,1.0,0.0
after,cuda:0,287,1,1.0,1.0,1.0,0.0
after,cuda:0,288,1,1.0,1.0,1.0,0.0
after,cuda:0,289,1,1.0,1.0,1.0,0.0
after,cuda:0,290,1,1.0,1.0,1.0,0.0
after,cuda:0,291,1,1.0,1.0,1.0,0.0
after,cuda:0,292,1,1.0,1.0,1.0,0.0
after,cuda:0,293,1,1.0,1.0,1.0,0.0
after,cuda:0,294,1,1.0,1.0,1.0,0.0
after,cuda:0,295,1,1.0,1.0,1.0,0.0
after,cuda:0,296,1,1.0,1.0,1.0,0.0
after,cuda:0,297,1,1.0,1.0,1.0,0.0
after,cuda:0,298,1,1.0,1.0,1.0,0.0
after,cuda:0,299,1,1.0,1.0,1.0,0.0
after,cuda:0,300,1,1.0,1.0,1.0,0.0
after,cuda:0,301,1,1.0,1.0,1.0,0.0
after,cuda:0,302,1,1.0,1.0,1.0,0.0
after,cuda:0,303,1,1.0,1.0,1.0,0.0
after,cuda:0,304,1,1.0,1.0,1.0,0.0
after,cuda:0,305,1,1.0,1.0,1.0,0.0
after,cuda:0,306,1,1.0,1.0,1.0,0.0
after,cuda:0,307,1,1.0,1.0,1.0,0.0
after,cuda:0,308,1,1.0,1.0,1.0,0.0
after,cuda:0,309,1,1.0,1.0,1.0,0.0
after,cuda:0,310,1,1.0,1.0,1.0,0.0
after,cuda:0,311,1,1.0,1.0,1.0,0.0
after,cuda:0,312,1,1.0,1.0,1.0,0.0
after,cuda:0,313,1,1.0,1.0,1.0,0.0
after,cuda:0,314,1,1.0,1.0,1.0,0.0
after,cuda:0,315,1,1.0,1.0,1.0,0.0
after,cuda:0,316,1,1.0,1.0,1.0,0.0
after,cuda:0,317,1,1.0,1.0,1.0,0.0
after,cuda:0,318,1,1.0,1.0,1.0,0.0
after,cuda:0,319,1,1.0,1.0,1.0,0.0
after,cuda:0,320,1,1.0,1.0,1.0,0.0
after,cuda:0,321,1,1.0,1.0,1.0,0.0
after,cuda:0,322,1,1.0,1.0,1.0,0.0
after,cuda:0,323,1,1.0,1.0,1.0,0.0
after,cuda:0,324,1,1.0,1.0,1.0,0.0
after,cuda:0,325,1,1.0,1.0,1.0,0.0
after,cuda:0,326,1,1.0,1.0,1.0,0.0
after,cuda:0,327,1,1.0,1.0,1.0,0.0
after,cuda:0,328,1,1.0,1.0,1.0,0.0
after,cuda:0,329,1,1.0,1.0,1.0,0.0
after,cuda:0,330,1,1.0,1.0,1.0,0.0
after,cuda:0,331,1,1.0,1.0,1.0,0.0
after,cuda:0,332,1,1.0,1.0,1.0,0.0
after,cuda:0,333,1,1.0,1.0,1.0,0.0
after,cuda:0,334,1,1.0,1.0,1.0,0.0
after,cuda:0,335,1,1.0,1.0,1.0,0.0
after,cuda:0,336,1,1.0,1.0,1.0,0.0
after,cuda:0,337,1,1.0,1.0,1.0,0.0
after,cuda:0,338,1,1.0,1.0,1.0,0.0
after,cuda:0,339,1,1.0,1.0,1.0,0.0
after,cuda:0,340,1,1.0,1.0,1.0,0.0
after,cuda:0,341,1,1.0,1.0,1.0,0.0
after,cuda:0,342,1,1.0,1.0,1.0,0.0
after,cuda:0,343,1,1.0,1.0,1.0,0.0
after,cuda:0,344,1,1.0,1.0,1.0,0.0
after,cuda:0,345,1,1.0,1.0,1.0,0.0
after,cuda:0,346,1,1.0,1.0,1.0,0.0
after,cuda:0,347,1,1.0,1.0,1.0,0.0
after,cuda:0,348,1,1.0,1.0,1.0,0.0
after,cuda:0,349,1,1.0,1.0,1.0,0.0
after,cuda:0,350,1,1.0,1.0,1.0,0.0
after,cuda:0,351,1,1.0,1.0,1.0,0.0
after,cuda:0,352,1,1.0,1.0,1.0,0.0
after,cuda:0,353,1,1.0,1.0,1.0,0.0
after,cuda:0,354,1,1.0,1.0,1.0,0.0
after,cuda:0,355,1,1.0,1.0,1.0,0.0
after,cuda:0,356,1,1.0,1.0,1.0,0.0
after,cuda:0,357,1,1.0,1.0,1.0,0.0
after,cuda:0,358,1,1.0,1.0,1.0,0.0
after,cuda:0,359,1,1.0,1.0,1.0,0.0
after,cuda:0,360,1,1.0,1.0,1.0,0.0
after,cuda:0,361,1,1.0,1.0,1.0,0.0
after,cuda:0,362,1,1.0,1.0,1.0,0.0
after,cuda:0,363,1,1.0,1.0,1.0,0.0
after,cuda:0,364,1,1.0,1.0,1.0,0.0
after,cuda:0,365,1,1.0,1.0,1.0,0.0
after,cuda:0,366,1,1.0,1.0,1.0,0.0
after,cuda:0,367,1,1.0,1.0,1.0,0.0
after,cuda:0,368,1,1.0,1.0,1.0,0.0
after,cuda:0,369,1,1.0,1.0,1.0,0.0
after,cuda:0,370,1,1.0,1.0,1.0,0.0
after,cuda:0,371,1,1.0,1.0,1.0,0.0
after,cuda:0,372,1,1.0,1.0,1.0,0.0
after,cuda:0,373,1,1.0,1.0,1.0,0.0
after,cuda:0,374,1,1.0,1.0,1.0,0.0
after,cuda:0,375,1,1.0,1.0,1.0,0.0
after,cuda:0,376,1,1.0,1.0,1.0,0.0
after,cuda:0,377,1,1.0,1.0,1.0,0.0
after,cuda:0,378,1,1.0,1.0,1.0,0.0
after,cuda:0,379,1,1.0,1.0,1.0,0.0
after,cuda:0,380,1,1.0,1.0,1.0,0.0
after,cuda:0,381,1,1.0,1.0,1.0,0.0
after,cuda:0,382,1,1.0,1.0,1.0,0.0
after,cuda:0,383,1,1.0,1.0,1.0,0.0
after,cuda:0,384,1,1.0,1.0,1.0,0.0
after,cuda:0,385,1,1.0,1.0,1.0,0.0
after,cuda:0,386,1,1.0,1.0,1.0,0.0
after,cuda:0,387,1,1.0,1.0,1.0,0.0
after,cuda:0,388,1,1.0,1.0,1.0,0.0
after,cuda:0,389,1,1.0,1.0,1.0,0.0
after,cuda:0,390,1,1.0,1.0,1.0,0.0
after,cuda:0,391,1,1.0,1.0,1.0,0.0
after,cuda:0,392,1,1.0,1.0,1.0,0.0
after,cuda:0,393,1,1.0,1.0,1.0,0.0
after,cuda:0,394,1,1.0,1.0,1.0,0.0
after,cuda:0,395,1,1.0,1.0,1.0,0.0
after,cuda:0,396,1,1.0,1.0,1.0,0.0
after,cuda:0,397,1,1.0,1.0,1.0,0.0
after,cuda:0,398,1,1.0,1.0,1.0,0.0
after,cuda:0,399,1,1.0,1.0,1.0,0.0
after,cuda:0,400,1,1.0,1.0,1.0,0.0
after,cuda:0,401,1,1.0,1.0,1.0,0.0
after,cuda:0,402,1,1.0,1.0,1.0,0.0
after,cuda:0,403,1,1.0,1.0,1.0,0.0
after,cuda:0,404,1,1.0,1.0,1.0,0.0
after,cuda:0,405,1,1.0,1.0,1.0,0.0
after,cuda:0,406,1,1.0,1.0,1.0,0.0
after,cuda:0,407,1,1.0,1.0,1.0,0.0
after,cuda:0,408,1,1.0,1.0,1.0,0.0
after,cuda:0,409,1,1.0,1.0,1.0,0.0
after,cuda:0,410,1,1.0,1.0,1.0,0.0
after,cuda:0,411,1,1.0,1.0,1.0,0.0
after,cuda:0,412,1,1.0,1.0,1.0,0.0
after,cuda:0,413,1,1.0,1.0,1.0,0.0
after,cuda:0,414,1,1.0,1.0,1.0,0.0
after,cuda:0,415,1,1.0,1.0,1.0,0.0
after,cuda:0,416,1,1.0,1.0,1.0,0.0
after,cuda:0,417,1,1.0,1.0,1.0,0.0
after,cuda:0,418,1,1.0,1.0,1.0,0.0
after,cuda:0,419,1,1.0,1.0,1.0,0.0
after,cuda:0,420,1,1.0,1.0,1.0,0.0
after,cuda:0,421,1,1.0,1.0,1.0,0.0
after,cuda:0,422,1,1.0,1.0,1.0,0.0
after,cuda:0,423,1,1.0,1.0,1.0,0.0
after,cuda:0,424,1,1.0,1.0,1.0,0.0
after,cuda:0,425,1,1.0,1.0,1.0,0.0
after,cuda:0,426,1,1.0,1.0,1.0,0.0
after,cuda:0,427,1,1.0,1.0,1.0,0.0
after,cuda:0,428,1,1.0,1.0,1.0,0.0
after,cuda:0,429,1,1.0,1.0,1.0,0.0
after,cuda:0,430,1,1.0,1.0,1.0,0.0
after,cuda:0,431,1,1.0,1.0,1.0,0.0
after,cuda:0,432,1,1.0,1.0,1.0,0.0
after,cuda:0,433,1,1.0,1.0,1.0,0.0
after,cuda:0,434,1,1.0,1.0,1.0,0.0
after,cuda:0,435,1,1.0,1.0,1.0,0.0
after,cuda:0,436,1,1.0,1.0,1.0,0.0
after,cuda:0,437,1,1.0,1.0,1.0,0.0
after,cuda:0,438,1,1.0,1.0,1.0,0.0
after,cuda:0,439,1,1.0,1.0,1.0,0.0
after,cuda:0,440,1,1.0,1.0,1.0,0.0
after,cuda:0,441,1,1.0,1.0,1.0,0.0
after,cuda:0,442,1,1.0,1.0,1.0,0.0
after,cuda:0,443,1,1.0,1.0,1.0,0.0
after,cuda:0,444,1,1.0,1.0,1.0,0.0
after,cuda:0,445,1,1.0,1.0,1.0,0.0
after,cuda:0,446,1,1.0,1.0,1.0,0.0
after,cuda:0,447,1,1.0,1.0,1.0,0.0
after,cuda:0,448,1,1.0,1.0,1.0,0.0
after,cuda:0,449,1,1.0,1.0,1.0,0.0
after,cuda:0,450,1,1.0,1.0,1.0,0.0
after,cuda:0,451,1,1.0,1.0,1.0,0.0
after,cuda:0,452,1,1.0,1.0,1.0,0.0
after,cuda:0,453,1,1.0,1.0,1.0,0.0
after,cuda:0,454,1,1.0,1.0,1.0,0.0
after,cuda:0,455,1,1.0,1.0,1.0,0.0
after,cuda:0,456,1,1.0,1.0,1.0,0.0
after,cuda:0,457,1,1.0,1.0,1.0,0.0
after,cuda:0,458,1,1.0,1.0,1.0,0.0
after,cuda:0,459,1,1.0,1.0,1.0,0.0
after,cuda:0,460,1,1.0,1.0,1.0,0.0
after,cuda:0,461,1,1.0,1.0,1.0,0.0
after,cuda:0,462,1,1.0,1.0,1.0,0.0
after,cuda:0,463,1,1.0,1.0,1.0,0.0
after,cuda:0,464,1,1.0,1.0,1.0,0.0
after,cuda:0,465,1,1.0,1.0,1.0,0.0
after,cuda:0,466,1,1.0,1.0,1.0,0.0
after,cuda:0,467,1,1.0,1.0,1.0,0.0
after,cuda:0,468,1,1.0,1.0,1.0,0.0
after,cuda:0,469,1,1.0,1.0,1.0,0.0
after,cuda:0,470,1,1.0,1.0,1.0,0.0
after,cuda:0,471,1,1.0,1.0,1.0,0.0
after,cuda:0,472,1,1.0,1.0,1.0,0.0
after,cuda:0,473,1,1.0,1.0,1.0,0.0
after,cuda:0,474,1,1.0,1.0,1.0,0.0
after,cuda:0,475,1,1.0,1.0,1.0,0.0
after,cuda:0,476,1,1.0,1.0,1.0,0.0
after,cuda:0,477,1,1.0,1.0,1.0,0.0
after,cuda:0,478,1,1.0,1.0,1.0,0.0
after,cuda:0,479,1,1.0,1.0,1.0,0.0
after,cuda:0,480,1,1.0,1.0,1.0,0.0
after,cuda:0,481,1,1.0,1.0,1.0,0.0
after,cuda:0,482,1,1.0,1.0,1.0,0.0
after,cuda:0,483,1,1.0,1.0,1.0,0.0
after,cuda:0,484,1,1.0,1.0,1.0,0.0
after,cuda:0,485,1,1.0,1.0,1.0,0.0
after,cuda:0,486,1,1.0,1.0,1.0,0.0
after,cuda:0,487,1,1.0,1.0,1.0,0.0
after,cuda:0,488,1,1.0,1.0,1.0,0.0
after,cuda:0,489,1,1.0,1.0,1.0,0.0
after,cuda:0,490,1,1.0,1.0,1.0,0.0
after,cuda:0,491,1,1.0,1.0,1.0,0.0
after,cuda:0,492,1,1.0,1.0,1.0,0.0
after,cuda:0,493,1,1.0,1.0,1.0,0.0
after,cuda:0,494,1,1.0,1.0,1.0,0.0
after,cuda:0,495,1,1.0,1.0,1.0,0.0
after,cuda:0,496,1,1.0,1.0,1.0,0.0
after,cuda:0,497,1,1.0,1.0,1.0,0.0
after,cuda:0,498,1,1.0,1.0,1.0,0.0
after,cuda:0,499,1,1.0,1.0,1.0,0.0
after,cuda:0,500,1,1.0,1.0,1.0,0.0
after,cuda:0,501,1,1.0,1.0,1.0,0.0
after,cuda:0,502,1,1.0,1.0,1.0,0.0
after,cuda:0,503,1,1.0,1.0,1.0,0.0
after,cuda:0,504,1,1.0,1.0,1.0,0.0
after,cuda:0,505,1,1.0,1.0,1.0,0.0
after,cuda:0,506,1,1.0,1.0,1.0,0.0
after,cuda:0,507,1,1.0,1.0,1.0,0.0
after,cuda:0,508,1,1.0,1.0,1.0,0.0
after,cuda:0,509,1,1.0,1.0,1.0,0.0
after,cuda:0,510,1,1.0,1.0,1.0,0.0
after,cuda:0,511,1,1.0,1.0,1.0,0.0
after,cuda:0,512,1,1.0,1.0,1.0,0.0
after,cuda:0,513,1,1.0,1.0,1.0,0.0
after,cuda:0,514,1,1.0,1.0,1.0,0.0
after,cuda:0,515,1,1.0,1.0,1.0,0.0
after,cuda:0,516,1,1.0,1.0,1.0,0.0
after,cuda:0,517,1,1.0,1.0,1.0,0.0
after,cuda:0,518,1,1.0,1.0,1.0,0.0
after,cuda:0,519,1,1.0,1.0,1.0,0.0
after,cuda:0,520,1,1.0,1.0,1.0,0.0
after,cuda:0,521,1,1.0,1.0,1.0,0.0
after,cuda:0,522,1,1.0,1.0,1.0,0.0
after,cuda:0,523,1,1.0,1.0,1.0,0.0
after,cuda:0,524,1,1.0,1.0,1.0,0.0
after,cuda:0,525,1,1.0,1.0,1.0,0.0
after,cuda:0,526,1,1.0,1.0,1.0,0.0
after,cuda:0,527,1,1.0,1.0,1.0,0.0
after,cuda:0,528,1,1.0,1.0,1.0,0.0
after,cuda:0,529,1,1.0,1.0,1.0,0.0
after,cuda:0,530,1,1.0,1.0,1.0,0.0
after,cuda:0,531,1,1.0,1.0,1.0,0.0
after,cuda:0,532,1,1.0,1.0,1.0,0.0
after,cuda:0,533,1,1.0,1.0,1.0,0.0
after,cuda:0,534,1,1.0,1.0,1.0,0.0
after,cuda:0,535,1,1.0,1.0,1.0,0.0
after,cuda:0,536,1,1.0,1.0,1.0,0.0
after,cuda:0,537,1,1.0,1.0,1.0,0.0
after,cuda:0,538,1,1.0,1.0,1.0,0.0
after,cuda:0,539,1,1.0,1.0,1.0,0.0
after,cuda:0,540,1,1.0,1.0,1.0,0.0
after,cuda:0,541,1,1.0,1.0,1.0,0.0
after,cuda:0,542,1,1.0,1.0,1.0,0.0
after,cuda:0,543,1,1.0,1.0,1.0,0.0
after,cuda:0,544,1,1.0,1.0,1.0,0.0
after,cuda:0,545,1,1.0,1.0,1.0,0.0
after,cuda:0,546,1,1.0,1.0,1.0,0.0
after,cuda:0,547,1,1.0,1.0,1.0,0.0
after,cuda:0,548,1,1.0,1.0,1.0,0.0
after,cuda:0,549,1,1.0,1.0,1.0,0.0
after,cuda:0,550,1,1.0,1.0,1.0,0.0
after,cuda:0,551,1,1.0,1.0,1.0,0.0
after,cuda:0,552,1,1.0,1.0,1.0,0.0
after,cuda:0,553,1,1.0,1.0,1.0,0.0
after,cuda:0,554,1,1.0,1.0,1.0,0.0
after,cuda:0,555,1,1.0,1.0,1.0,0.0
after,cuda:0,556,1,1.0,1.0,1.0,0.0
after,cuda:0,557,1,1.0,1.0,1.0,0.0
after,cuda:0,558,1,1.0,1.0,1.0,0.0
after,cuda:0,559,1,1.0,1.0,1.0,0.0
after,cuda:0,560,1,1.0,1.0,1.0,0.0
after,cuda:0,561,1,1.0,1.0,1.0,0.0
after,cuda:0,562,1,1.0,1.0,1.0,0.0
after,cuda:0,563,1,1.0,1.0,1.0,0.0
after,cuda:0,564,1,1.0,1.0,1.0,0.0
after,cuda:0,565,1,1.0,1.0,1.0,0.0
after,cuda:0,566,1,1.0,1.0,1.0,0.0
after,cuda:0,567,1,1.0,1.0,1.0,0.0
after,cuda:0,568,1,1.0,1.0,1.0,0.0
after,cuda:0,569,1,1.0,1.0,1.0,0.0
after,cuda:0,570,1,1.0,1.0,1.0,0.0
after,cuda:0,571,1,1.0,1.0,1.0,0.0
after,cuda:0,572,1,1.0,1.0,1.0,0.0
after,cuda:0,573,1,1.0,1.0,1.0,0.0
after,cuda:0,574,1,1.0,1.0,1.0,0.0
after,cuda:0,575,1,1.0,1.0,1.0,0.0
after,cuda:0,576,1,1.0,1.0,1.0,0.0
after,cuda:0,577,1,1.0,1.0,1.0,0.0
after,cuda:0,578,1,1.0,1.0,1.0,0.0
after,cuda:0,579,1,1.0,1.0,1.0,0.0
after,cuda:0,580,1,1.0,1.0,1.0,0.0
after,cuda:0,581,1,1.0,1.0,1.0,0.0
after,cuda:0,582,1,1.0,1.0,1.0,0.0
after,cuda:0,583,1,1.0,1.0,1.0,0.0
after,cuda:0,584,1,1.0,1.0,1.0,0.0
after,cuda:0,585,1,1.0,1.0,1.0,0.0
after,cuda:0,586,1,1.0,1.0,1.0,0.0
after,cuda:0,587,1,1.0,1.0,1.0,0.0
after,cuda:0,588,1,1.0,1.0,1.0,0.0
after,cuda:0,589,1,1.0,1.0,1.0,0.0
after,cuda:0,590,1,1.0,1.0,1.0,0.0
after,cuda:0,591,1,1.0,1.0,1.0,0.0
after,cuda:0,592,1,1.0,1.0,1.0,0.0
after,cuda:0,593,1,1.0,1.0,1.0,0.0
after,cuda:0,594,1,1.0,1.0,1.0,0.0
after,cuda:0,595,1,1.0,1.0,1.0,0.0
after,cuda:0,596,1,1.0,1.0,1.0,0.0
after,cuda:0,597,1,1.0,1.0,1.0,0.0
after,cuda:0,598,1,1.0,1.0,1.0,0.0
after,cuda:0,599,1,1.0,1.0,1.0,0.0
after,cuda:0,600,1,1.0,1.0,1.0,0.0
after,cuda:0,601,1,1.0,1.0,1.0,0.0
after,cuda:0,602,1,1.0,1.0,1.0,0.0
after,cuda:0,603,1,1.0,1.0,1.0,0.0
after,cuda:0,604,1,1.0,1.0,1.0,0.0
after,cuda:0,605,1,1.0,1.0,1.0,0.0
after,cuda:0,606,1,1.0,1.0,1.0,0.0
after,cuda:0,607,1,1.0,1.0,1.0,0.0
after,cuda:0,608,1,1.0,1.0,1.0,0.0
after,cuda:0,609,1,1.0,1.0,1.0,0.0
after,cuda:0,610,1,1.0,1.0,1.0,0.0
after,cuda:0,611,1,1.0,1.0,1.0,0.0
after,cuda:0,612,1,1.0,1.0,1.0,0.0
after,cuda:0,613,1,1.0,1.0,1.0,0.0
after,cuda:0,614,1,1.0,1.0,1.0,0.0
after,cuda:0,615,1,1.0,1.0,1.0,0.0
after,cuda:0,616,1,1.0,1.0,1.0,0.0
after,cuda:0,617,1,1.0,1.0,1.0,0.0
after,cuda:0,618,1,1.0,1.0,1.0,0.0
after,cuda:0,619,1,1.0,1.0,1.0,0.0
after,cuda:0,620,1,1.0,1.0,1.0,0.0
after,cuda:0,621,1,1.0,1.0,1.0,0.0
after,cuda:0,622,1,1.0,1.0,1.0,0.0
after,cuda:0,623,1,1.0,1.0,1.0,0.0
after,cuda:0,624,1,1.0,1.0,1.0,0.0
after,cuda:0,625,1,1.0,1.0,1.0,0.0
after,cuda:0,626,1,1.0,1.0,1.0,0.0
after,cuda:0,627,1,1.0,1.0,1.0,0.0
after,cuda:0,628,1,1.0,1.0,1.0,0.0
after,cuda:0,629,1,1.0,1.0,1.0,0.0
after,cuda:0,630,1,1.0,1.0,1.0,0.0
after,cuda:0,631,1,1.0,1.0,1.0,0.0
after,cuda:0,632,1,1.0,1.0,1.0,0.0
after,cuda:0,633,1,1.0,1.0,1.0,0.0
after,cuda:0,634,1,1.0,1.0,1.0,0.0
after,cuda:0,635,1,1.0,1.0,1.0,0.0
after,cuda:0,636,1,1.0,1.0,1.0,0.0
after,cuda:0,637,1,1.0,1.0,1.0,0.0
after,cuda:0,638,1,1.0,1.0,1.0,0.0
after,cuda:0,639,1,1.0,1.0,1.0,0.0
after,cuda:0,640,1,1.0,1.0,1.0,0.0
after,cuda:0,641,1,1.0,1.0,1.0,0.0
after,cuda:0,642,1,1.0,1.0,1.0,0.0
after,cuda:0,643,1,1.0,1.0,1.0,0.0
after,cuda:0,644,1,1.0,1.0,1.0,0.0
after,cuda:0,645,1,1.0,1.0,1.0,0.0
after,cuda:0,646,1,1.0,1.0,1.0,0.0
after,cuda:0,647,1,1.0,1.0,1.0,0.0
after,cuda:0,648,1,1.0,1.0,1.0,0.0
after,cuda:0,649,1,1.0,1.0,1.0,0.0
after,cuda:0,650,1,1.0,1.0,1.0,0.0
after,cuda:0,651,1,1.0,1.0,1.0,0.0
after,cuda:0,652,1,1.0,1.0,1.0,0.0
after,cuda:0,653,1,1.0,1.0,1.0,0.0
after,cuda:0,654,1,1.0,1.0,1.0,0.0
after,cuda:0,655,1,1.0,1.0,1.0,0.0
after,cuda:0,656,1,1.0,1.0,1.0,0.0
after,cuda:0,657,1,1.0,1.0,1.0,0.0
after,cuda:0,658,1,1.0,1.0,1.0,0.0
after,cuda:0,659,1,1.0,1.0,1.0,0.0
after,cuda:0,660,1,1.0,1.0,1.0,0.0
after,cuda:0,661,1,1.0,1.0,1.0,0.0
after,cuda:0,662,1,1.0,1.0,1.0,0.0
after,cuda:0,663,1,1.0,1.0,1.0,0.0
after,cuda:0,664,1,1.0,1.0,1.0,0.0
after,cuda:0,665,1,1.0,1.0,1.0,0.0
after,cuda:0,666,1,1.0,1.0,1.0,0.0
after,cuda:0,667,1,1.0,1.0,1.0,0.0
after,cuda:0,668,1,1.0,1.0,1.0,0.0
after,cuda:0,669,1,1.0,1.0,1.0,0.0
after,cuda:0,670,1,1.0,1.0,1.0,0.0
after,cuda:0,671,1,1.0,1.0,1.0,0.0
after,cuda:0,672,1,1.0,1.0,1.0,0.0
after,cuda:0,673,1,1.0,1.0,1.0,0.0
after,cuda:0,674,1,1.0,1.0,1.0,0.0
after,cuda:0,675,1,1.0,1.0,1.0,0.0
after,cuda:0,676,1,1.0,1.0,1.0,0.0
after,cuda:0,677,1,1.0,1.0,1.0,0.0
after,cuda:0,678,1,1.0,1.0,1.0,0.0
after,cuda:0,679,1,1.0,1.0,1.0,0.0
after,cuda:0,680,1,1.0,1.0,1.0,0.0
after,cuda:0,681,1,1.0,1.0,1.0,0.0
after,cuda:0,682,1,1.0,1.0,1.0,0.0
after,cuda:0,683,1,1.0,1.0,1.0,0.0
after,cuda:0,684,1,1.0,1.0,1.0,0.0
after,cuda:0,685,1,1.0,1.0,1.0,0.0
after,cuda:0,686,1,1.0,1.0,1.0,0.0
after,cuda:0,687,1,1.0,1.0,1.0,0.0
after,cuda:0,688,1,1.0,1.0,1.0,0.0
after,cuda:0,689,1,1.0,1.0,1.0,0.0
after,cuda:0,690,1,1.0,1.0,1.0,0.0
after,cuda:0,691,1,1.0,1.0,1.0,0.0
after,cuda:0,692,1,1.0,1.0,1.0,0.0
after,cuda:0,693,1,1.0,1.0,1.0,0.0
after,cuda:0,694,1,1.0,1.0,1.0,0.0
after,cuda:0,695,1,1.0,1.0,1.0,0.0
after,cuda:0,696,1,1.0,1.0,1.0,0.0
after,cuda:0,697,1,1.0,1.0,1.0,0.0
after,cuda:0,698,1,1.0,1.0,1.0,0.0
after,cuda:0,699,1,1.0,1.0,1.0,0.0
after,cuda:0,700,1,1.0,1.0,1.0,0.0
after,cuda:0,701,1,1.0,1.0,1.0,0.0
after,cuda:0,702,1,1.0,1.0,1.0,0.0
after,cuda:0,703,1,1.0,1.0,1.0,0.0
after,cuda:0,704,1,1.0,1.0,1.0,0.0
after,cuda:0,705,1,1.0,1.0,1.0,0.0
after,cuda:0,706,1,1.0,1.0,1.0,0.0
after,cuda:0,707,1,1.0,1.0,1.0,0.0
after,cuda:0,708,1,1.0,1.0,1.0,0.0
after,cuda:0,709,1,1.0,1.0,1.0,0.0
after,cuda:0,710,1,1.0,1.0,1.0,0.0
after,cuda:0,711,1,1.0,1.0,1.0,0.0
after,cuda:0,712,1,1.0,1.0,1.0,0.0
after,cuda:0,713,1,1.0,1.0,1.0,0.0
after,cuda:0,714,1,1.0,1.0,1.0,0.0
after,cuda:0,715,1,1.0,1.0,1.0,0.0
after,cuda:0,716,1,1.0,1.0,1.0,0.0
after,cuda:0,717,1,1.0,1.0,1.0,0.0
after,cuda:0,718,1,1.0,1.0,1.0,0.0
after,cuda:0,719,1,1.0,1.0,1.0,0.0
after,cuda:0,720,1,1.0,1.0,1.0,0.0
after,cuda:0,721,1,1.0,1.0,1.0,0.0
after,cuda:0,722,1,1.0,1.0,1.0,0.0
after,cuda:0,723,1,1.0,1.0,1.0,0.0
after,cuda:0,724,1,1.0,1.0,1.0,0.0
after,cuda:0,725,1,1.0,1.0,1.0,0.0
after,cuda:0,726,1,1.0,1.0,1.0,0.0
after,cuda:0,727,1,1.0,1.0,1.0,0.0
after,cuda:0,728,1,1.0,1.0,1.0,0.0
after,cuda:0,729,1,1.0,1.0,1.0,0.0
after,cuda:0,730,1,1.0,1.0,1.0,0.0
after,cuda:0,731,1,1.0,1.0,1.0,0.0
after,cuda:0,732,1,1.0,1.0,1.0,0.0
after,cuda:0,733,1,1.0,1.0,1.0,0.0
after,cuda:0,734,1,1.0,1.0,1.0,0.0
after,cuda:0,735,1,1.0,1.0,1.0,0.0
after,cuda:0,736,1,1.0,1.0,1.0,0.0
after,cuda:0,737,1,1.0,1.0,1.0,0.0
after,cuda:0,738,1,1.0,1.0,1.0,0.0
after,cuda:0,739,1,1.0,1.0,1.0,0.0
after,cuda:0,740,1,1.0,1.0,1.0,0.0
after,cuda:0,741,1,1.0,1.0,1.0,0.0
after,cuda:0,742,1,1.0,1.0,1.0,0.0
after,cuda:0,743,1,1.0,1.0,1.0,0.0
after,cuda:0,744,1,1.0,1.0,1.0,0.0
after,cuda:0,745,1,1.0,1.0,1.0,0.0
after,cuda:0,746,1,1.0,1.0,1.0,0.0
after,cuda:0,747,1,1.0,1.0,1.0,0.0
after,cuda:0,748,1,1.0,1.0,1.0,0.0
after,cuda:0,749,1,1.0,1.0,1.0,0.0
after,cuda:0,750,1,1.0,1.0,1.0,0.0
after,cuda:0,751,1,1.0,1.0,1.0,0.0
after,cuda:0,752,1,1.0,1.0,1.0,0.0
after,cuda:0,753,1,1.0,1.0,1.0,0.0
after,cuda:0,754,1,1.0,1.0,1.0,0.0
after,cuda:0,755,1,1.0,1.0,1.0,0.0
after,cuda:0,756,1,1.0,1.0,1.0,0.0
after,cuda:0,757,1,1.0,1.0,1.0,0.0
after,cuda:0,758,1,1.0,1.0,1.0,0.0
after,cuda:0,759,1,1.0,1.0,1.0,0.0
after,cuda:0,760,1,1.0,1.0,1.0,0.0
after,cuda:0,761,1,1.0,1.0,1.0,0.0
after,cuda:0,762,1,1.0,1.0,1.0,0.0
after,cuda:0,763,1,1.0,1.0,1.0,0.0
after,cuda:0,764,1,1.0,1.0,1.0,0.0
after,cuda:0,765,1,1.0,1.0,1.0,0.0
after,cuda:0,766,1,1.0,1.0,1.0,0.0
after,cuda:0,767,1,1.0,1.0,1.0,0.0
after,cuda:0,768,1,1.0,1.0,1.0,0.0
after,cuda:0,769,1,1.0,1.0,1.0,0.0
after,cuda:0,770,1,1.0,1.0,1.0,0.0
after,cuda:0,771,1,1.0,1.0,1.0,0.0
after,cuda:0,772,1,1.0,1.0,1.0,0.0
after,cuda:0,773,1,1.0,1.0,1.0,0.0
after,cuda:0,774,1,1.0,1.0,1.0,0.0
after,cuda:0,775,1,1.0,1.0,1.0,0.0
after,cuda:0,776,1,1.0,1.0,1.0,0.0
after,cuda:0,777,1,1.0,1.0,1.0,0.0
after,cuda:0,778,1,1.0,1.0,1.0,0.0
after,cuda:0,779,1,1.0,1.0,1.0,0.0
after,cuda:0,780,1,1.0,1.0,1.0,0.0
after,cuda:0,781,1,1.0,1.0,1.0,0.0
after,cuda:0,782,1,1.0,1.0,1.0,0.0
after,cuda:0,783,1,1.0,1.0,1.0,0.0
after,cuda:0,784,1,1.0,1.0,1.0,0.0
after,cuda:0,785,1,1.0,1.0,1.0,0.0
after,cuda:0,786,1,1.0,1.0,1.0,0.0
after,cuda:0,787,1,1.0,1.0,1.0,0.0
after,cuda:0,788,1,1.0,1.0,1.0,0.0
after,cuda:0,789,1,1.0,1.0,1.0,0.0
after,cuda:0,790,1,1.0,1.0,1.0,0.0
after,cuda:0,791,1,1.0,1.0,1.0,0.0
after,cuda:0,792,1,1.0,1.0,1.0,0.0
after,cuda:0,793,1,1.0,1.0,1.0,0.0
after,cuda:0,794,1,1.0,1.0,1.0,0.0
after,cuda:0,795,1,1.0,1.0,1.0,0.0
after,cuda:0,796,1,1.0,1.0,1.0,0.0
after,cuda:0,797,1,1.0,1.0,1.0,0.0
after,cuda:0,798,1,1.0,1.0,1.0,0.0
after,cuda:0,799,1,1.0,1.0,1.0,0.0
after,cuda:0,800,1,1.0,1.0,1.0,0.0
after,cuda:0,801,1,1.0,1.0,1.0,0.0
after,cuda:0,802,1,1.0,1.0,1.0,0.0
after,cuda:0,803,1,1.0,1.0,1.0,0.0
after,cuda:0,804,1,1.0,1.0,1.0,0.0
after,cuda:0,805,1,1.0,1.0,1.0,0.0
after,cuda:0,806,1,1.0,1.0,1.0,0.0
after,cuda:0,807,1,1.0,1.0,1.0,0.0
after,cuda:0,808,1,1.0,1.0,1.0,0.0
after,cuda:0,809,1,1.0,1.0,1.0,0.0
after,cuda:0,810,1,1.0,1.0,1.0,0.0
after,cuda:0,811,1,1.0,1.0,1.0,0.0
after,cuda:0,812,1,1.0,1.0,1.0,0.0
after,cuda:0,813,1,1.0,1.0,1.0,0.0
after,cuda:0,814,1,1.0,1.0,1.0,0.0
after,cuda:0,815,1,1.0,1.0,1.0,0.0
after,cuda:0,816,1,1.0,1.0,1.0,0.0
after,cuda:0,817,1,1.0,1.0,1.0,0.0
after,cuda:0,818,1,1.0,1.0,1.0,0.0
after,cuda:0,819,1,1.0,1.0,1.0,0.0
after,cuda:0,820,1,1.0,1.0,1.0,0.0
after,cuda:0,821,1,1.0,1.0,1.0,0.0
after,cuda:0,822,1,1.0,1.0,1.0,0.0
after,cuda:0,823,1,1.0,1.0,1.0,0.0
after,cuda:0,824,1,1.0,1.0,1.0,0.0
after,cuda:0,825,1,1.0,1.0,1.0,0.0
after,cuda:0,826,1,1.0,1.0,1.0,0.0
after,cuda:0,827,1,1.0,1.0,1.0,0.0
after,cuda:0,828,1,1.0,1.0,1.0,0.0
after,cuda:0,829,1,1.0,1.0,1.0,0.0
after,cuda:0,830,1,1.0,1.0,1.0,0.0
after,cuda:0,831,1,1.0,1.0,1.0,0.0
after,cuda:0,832,1,1.0,1.0,1.0,0.0
after,cuda:0,833,1,1.0,1.0,1.0,0.0
after,cuda:0,834,1,1.0,1.0,1.0,0.0
after,cuda:0,835,1,1.0,1.0,1.0,0.0
after,cuda:0,836,1,1.0,1.0,1.0,0.0
after,cuda:0,837,1,1.0,1.0,1.0,0.0
after,cuda:0,838,1,1.0,1.0,1.0,0.0
after,cuda:0,839,1,1.0,1.0,1.0,0.0
after,cuda:0,840,1,1.0,1.0,1.0,0.0
after,cuda:0,841,1,1.0,1.0,1.0,0.0
after,cuda:0,842,1,1.0,1.0,1.0,0.0
after,cuda:0,843,1,1.0,1.0,1.0,0.0
after,cuda:0,844,1,1.0,1.0,1.0,0.0
after,cuda:0,845,1,1.0,1.0,1.0,0.0
after,cuda:0,846,1,1.0,1.0,1.0,0.0
after,cuda:0,847,1,1.0,1.0,1.0,0.0
after,cuda:0,848,1,1.0,1.0,1.0,0.0
after,cuda:0,849,1,1.0,1.0,1.0,0.0
after,cuda:0,850,1,1.0,1.0,1.0,0.0
after,cuda:0,851,1,1.0,1.0,1.0,0.0
after,cuda:0,852,1,1.0,1.0,1.0,0.0
after,cuda:0,853,1,1.0,1.0,1.0,0.0
after,cuda:0,854,1,1.0,1.0,1.0,0.0
after,cuda:0,855,1,1.0,1.0,1.0,0.0
after,cuda:0,856,1,1.0,1.0,1.0,0.0
after,cuda:0,857,1,1.0,1.0,1.0,0.0
after,cuda:0,858,1,1.0,1.0,1.0,0.0
after,cuda:0,859,1,1.0,1.0,1.0,0.0
after,cuda:0,860,1,1.0,1.0,1.0,0.0
after,cuda:0,861,1,1.0,1.0,1.0,0.0
after,cuda:0,862,1,1.0,1.0,1.0,0.0
after,cuda:0,863,1,1.0,1.0,1.0,0.0
after,cuda:0,864,1,1.0,1.0,1.0,0.0
after,cuda:0,865,1,1.0,1.0,1.0,0.0
after,cuda:0,866,1,1.0,1.0,1.0,0.0
after,cuda:0,867,1,1.0,1.0,1.0,0.0
after,cuda:0,868,1,1.0,1.0,1.0,0.0
after,cuda:0,869,1,1.0,1.0,1.0,0.0
after,cuda:0,870,1,1.0,1.0,1.0,0.0
after,cuda:0,871,1,1.0,1.0,1.0,0.0
after,cuda:0,872,1,1.0,1.0,1.0,0.0
after,cuda:0,873,1,1.0,1.0,1.0,0.0
after,cuda:0,874,1,1.0,1.0,1.0,0.0
after,cuda:0,875,1,1.0,1.0,1.0,0.0
after,cuda:0,876,1,1.0,1.0,1.0,0.0
after,cuda:0,877,1,1.0,1.0,1.0,0.0
after,cuda:0,878,1,1.0,1.0,1.0,0.0
after,cuda:0,879,1,1.0,1.0,1.0,0.0
after,cuda:0,880,1,1.0,1.0,1.0,0.0
after,cuda:0,881,1,1.0,1.0,1.0,0.0
after,cuda:0,882,1,1.0,1.0,1.0,0.0
after,cuda:0,883,1,1.0,1.0,1.0,0.0
after,cuda:0,884,1,1.0,1.0,1.0,0.0
after,cuda:0,885,1,1.0,1.0,1.0,0.0
after,cuda:0,886,1,1.0,1.0,1.0,0.0
after,cuda:0,887,1,1.0,1.0,1.0,0.0
after,cuda:0,888,1,1.0,1.0,1.0,0.0
after,cuda:0,889,1,1.0,1.0,1.0,0.0
after,cuda:0,890,1,1.0,1.0,1.0,0.0
after,cuda:0,891,1,1.0,1.0,1.0,0.0
after,cuda:0,892,1,1.0,1.0,1.0,0.0
after,cuda:0,893,1,1.0,1.0,1.0,0.0
after,cuda:0,894,1,1.0,1.0,1.0,0.0
after,cuda:0,895,1,1.0,1.0,1.0,0.0
after,cuda:0,896,1,1.0,1.0,1.0,0.0
after,cuda:0,897,1,1.0,1.0,1.0,0.0
after,cuda:0,898,1,1.0,1.0,1.0,0.0
after,cuda:0,899,1,1.0,1.0,1.0,0.0
after,cuda:0,900,1,1.0,1.0,1.0,0.0
after,cuda:0,901,1,1.0,1.0,1.0,0.0
after,cuda:0,902,1,1.0,1.0,1.0,0.0
after,cuda:0,903,1,1.0,1.0,1.0,0.0
after,cuda:0,904,1,1.0,1.0,1.0,0.0
after,cuda:0,905,1,1.0,1.0,1.0,0.0
after,cuda:0,906,1,1.0,1.0,1.0,0.0
after,cuda:0,907,1,1.0,1.0,1.0,0.0
after,cuda:0,908,1,1.0,1.0,1.0,0.0
after,cuda:0,909,1,1.0,1.0,1.0,0.0
after,cuda:0,910,1,1.0,1.0,1.0,0.0
after,cuda:0,911,1,1.0,1.0,1.0,0.0
after,cuda:0,912,1,1.0,1.0,1.0,0.0
after,cuda:0,913,1,1.0,1.0,1.0,0.0
after,cuda:0,914,1,1.0,1.0,1.0,0.0
after,cuda:0,915,1,1.0,1.0,1.0,0.0
after,cuda:0,916,1,1.0,1.0,1.0,0.0
after,cuda:0,917,1,1.0,1.0,1.0,0.0
after,cuda:0,918,1,1.0,1.0,1.0,0.0
after,cuda:0,919,1,1.0,1.0,1.0,0.0
after,cuda:0,920,1,1.0,1.0,1.0,0.0
after,cuda:0,921,1,1.0,1.0,1.0,0.0
after,cuda:0,922,1,1.0,1.0,1.0,0.0
after,cuda:0,923,1,1.0,1.0,1.0,0.0
after,cuda:0,924,1,1.0,1.0,1.0,0.0
after,cuda:0,925,1,1.0,1.0,1.0,0.0
after,cuda:0,926,1,1.0,1.0,1.0,0.0
after,cuda:0,927,1,1.0,1.0,1.0,0.0
after,cuda:0,928,1,1.0,1.0,1.0,0.0
after,cuda:0,929,1,1.0,1.0,1.0,0.0
after,cuda:0,930,1,1.0,1.0,1.0,0.0
after,cuda:0,931,1,1.0,1.0,1.0,0.0
after,cuda:0,932,1,1.0,1.0,1.0,0.0
after,cuda:0,933,1,1.0,1.0,1.0,0.0
after,cuda:0,934,1,1.0,1.0,1.0,0.0
after,cuda:0,935,1,1.0,1.0,1.0,0.0
after,cuda:0,936,1,1.0,1.0,1.0,0.0
after,cuda:0,937,1,1.0,1.0,1.0,0.0
after,cuda:0,938,1,1.0,1.0,1.0,0.0
after,cuda:0,939,1,1.0,1.0,1.0,0.0
after,cuda:0,940,1,1.0,1.0,1.0,0.0
after,cuda:0,941,1,1.0,1.0,1.0,0.0
after,cuda:0,942,1,1.0,1.0,1.0,0.0
after,cuda:0,943,1,1.0,1.0,1.0,0.0
after,cuda:0,944,1,1.0,1.0,1.0,0.0
after,cuda:0,945,1,1.0,1.0,1.0,0.0
after,cuda:0,946,1,1.0,1.0,1.0,0.0
after,cuda:0,947,1,1.0,1.0,1.0,0.0
after,cuda:0,948,1,1.0,1.0,1.0,0.0
after,cuda:0,949,1,1.0,1.0,1.0,0.0
after,cuda:0,950,1,1.0,1.0,1.0,0.0
after,cuda:0,951,1,1.0,1.0,1.0,0.0
after,cuda:0,952,1,1.0,1.0,1.0,0.0
after,cuda:0,953,1,1.0,1.0,1.0,0.0
after,cuda:0,954,1,1.0,1.0,1.0,0.0
after,cuda:0,955,1,1.0,1.0,1.0,0.0
after,cuda:0,956,1,1.0,1.0,1.0,0.0
after,cuda:0,957,1,1.0,1.0,1.0,0.0
after,cuda:0,958,1,1.0,1.0,1.0,0.0
after,cuda:0,959,1,1.0,1.0,1.0,0.0
after,cuda:0,960,1,1.0,1.0,1.0,0.0
after,cuda:0,961,1,1.0,1.0,1.0,0.0
after,cuda:0,962,1,1.0,1.0,1.0,0.0
after,cuda:0,963,1,1.0,1.0,1.0,0.0
after,cuda:0,964,1,1.0,1.0,1.0,0.0
after,cuda:0,965,1,1.0,1.0,1.0,0.0
after,cuda:0,966,1,1.0,1.0,1.0,0.0
after,cuda:0,967,1,1.0,1.0,1.0,0.0
after,cuda:0,968,1,1.0,1.0,1.0,0.0
after,cuda:0,969,1,1.0,1.0,1.0,0.0
after,cuda:0,970,1,1.0,1.0,1.0,0.0
after,cuda:0,971,1,1.0,1.0,1.0,0.0
after,cuda:0,972,1,1.0,1.0,1.0,0.0
after,cuda:0,973,1,1.0,1.0,1.0,0.0
after,cuda:0,974,1,1.0,1.0,1.0,0.0
after,cuda:0,975,1,1.0,1.0,1.0,0.0
after,cuda:0,976,1,1.0,1.0,1.0,0.0
after,cuda:0,977,1,1.0,1.0,1.0,0.0
after,cuda:0,978,1,1.0,1.0,1.0,0.0
after,cuda:0,979,1,1.0,1.0,1.0,0.0
after,cuda:0,980,1,1.0,1.0,1.0,0.0
after,cuda:0,981,1,1.0,1.0,1.0,0.0
after,cuda:0,982,1,1.0,1.0,1.0,0.0
after,cuda:0,983,1,1.0,1.0,1.0,0.0
after,cuda:0,984,1,1.0,1.0,1.0,0.0
after,cuda:0,985,1,1.0,1.0,1.0,0.0
after,cuda:0,986,1,1.0,1.0,1.0,0.0
after,cuda:0,987,1,1.0,1.0,1.0,0.0
after,cuda:0,988,1,1.0,1.0,1.0,0.0
after,cuda:0,989,1,1.0,1.0,1.0,0.0
after,cuda:0,990,1,1.0,1.0,1.0,0.0
after,cuda:0,991,1,1.0,1.0,1.0,0.0
after,cuda:0,992,1,1.0,1.0,1.0,0.0
after,cuda:0,993,1,1.0,1.0,1.0,0.0
after,cuda:0,994,1,1.0,1.0,1.0,0.0
after,cuda:0,995,1,1.0,1.0,1.0,0.0
after,cuda:0,996,1,1.0,1.0,1.0,0.0
after,cuda:0,997,1,1.0,1.0,1.0,0.0
after,cuda:0,998,1,1.0,1.0,1.0,0.0
after,cuda:0,999,1,1.0,1.0,1.0,0.0
after,cuda:0,1000,1,1.0,1.0,1.0,0.0
after,cuda:0,1001,1,1.0,1.0,1.0,0.0
after,cuda:0,1002,1,1.0,1.0,1.0,0.0
after,cuda:0,1003,1,1.0,1.0,1.0,0.0
after,cuda:0,1004,1,1.0,1.0,1.0,0.0
after,cuda:0,1005,1,1.0,1.0,1.0,0.0
after,cuda:0,1006,1,1.0,1.0,1.0,0.0
after,cuda:0,1007,1,1.0,1.0,1.0,0.0
after,cuda:0,1008,1,1.0,1.0,1.0,0.0
after,cuda:0,1009,1,1.0,1.0,1.0,0.0
after,cuda:0,1010,1,1.0,1.0,1.0,0.0
after,cuda:0,1011,1,1.0,1.0,1.0,0.0
after,cuda:0,1012,1,1.0,1.0,1.0,0.0
after,cuda:0,1013,1,1.0,1.0,1.0,0.0
after,cuda:0,1014,1,1.0,1.0,1.0,0.0
after,cuda:0,1015,1,1.0,1.0,1.0,0.0
after,cuda:0,1016,1,1.0,1.0,1.0,0.0
after,cuda:0,1017,1,1.0,1.0,1.0,0.0
after,cuda:0,1018,1,1.0,1.0,1.0,0.0
after,cuda:0,1019,1,1.0,1.0,1.0,0.0
after,cuda:0,1020,1,1.0,1.0,1.0,0.0
after,cuda:0,1021,1,1.0,1.0,1.0,0.0
after,cuda:0,1022,1,1.0,1.0,1.0,0.0
after,cuda:0,1023,1,1.0,1.0,1.0,0.0
after,cuda:0,1024,1,1.0,1.0,1.0,0.0
after,cuda:0,1025,1,1.0,1.0,1.0,0.0
after,cuda:0,1026,1,1.0,1.0,1.0,0.0
after,cuda:0,1027,1,1.0,1.0,1.0,0.0
after,cuda:0,1028,1,1.0,1.0,1.0,0.0
after,cuda:0,1029,1,1.0,1.0,1.0,0.0
after,cuda:0,1030,1,1.0,1.0,1.0,0.0
after,cuda:0,1031,1,1.0,1.0,1.0,0.0
after,cuda:0,1032,1,1.0,1.0,1.0,0.0
after,cuda:0,1033,1,1.0,1.0,1.0,0.0
after,cuda:0,1034,1,1.0,1.0,1.0,0.0
after,cuda:0,1035,1,1.0,1.0,1.0,0.0
after,cuda:0,1036,1,1.0,1.0,1.0,0.0
after,cuda:0,1037,1,1.0,1.0,1.0,0.0
after,cuda:0,1038,1,1.0,1.0,1.0,0.0
after,cuda:0,1039,1,1.0,1.0,1.0,0.0
after,cuda:0,1040,1,1.0,1.0,1.0,0.0
after,cuda:0,1041,1,1.0,1.0,1.0,0.0
after,cuda:0,1042,1,1.0,1.0,1.0,0.0
after,cuda:0,1043,1,1.0,1.0,1.0,0.0
after,cuda:0,1044,1,1.0,1.0,1.0,0.0
after,cuda:0,1045,1,1.0,1.0,1.0,0.0
after,cuda:0,1046,1,1.0,1.0,1.0,0.0
after,cuda:0,1047,1,1.0,1.0,1.0,0.0
after,cuda:0,1048,1,1.0,1.0,1.0,0.0
after,cuda:0,1049,1,1.0,1.0,1.0,0.0
after,cuda:0,1050,1,1.0,1.0,1.0,0.0
after,cuda:0,1051,1,1.0,1.0,1.0,0.0
after,cuda:0,1052,1,1.0,1.0,1.0,0.0
after,cuda:0,1053,1,1.0,1.0,1.0,0.0
after,cuda:0,1054,1,1.0,1.0,1.0,0.0
after,cuda:0,1055,1,1.0,1.0,1.0,0.0
after,cuda:0,1056,1,1.0,1.0,1.0,0.0
after,cuda:0,1057,1,1.0,1.0,1.0,0.0
after,cuda:0,1058,1,1.0,1.0,1.0,0.0
after,cuda:0,1059,1,1.0,1.0,1.0,0.0
after,cuda:0,1060,1,1.0,1.0,1.0,0.0
after,cuda:0,1061,1,1.0,1.0,1.0,0.0
after,cuda:0,1062,1,1.0,1.0,1.0,0.0
after,cuda:0,1063,1,1.0,1.0,1.0,0.0
after,cuda:0,1064,1,1.0,1.0,1.0,0.0
after,cuda:0,1065,1,1.0,1.0,1.0,0.0
after,cuda:0,1066,1,1.0,1.0,1.0,0.0
after,cuda:0,1067,1,1.0,1.0,1.0,0.0
after,cuda:0,1068,1,1.0,1.0,1.0,0.0
after,cuda:0,1069,1,1.0,1.0,1.0,0.0
after,cuda:0,1070,1,1.0,1.0,1.0,0.0
after,cuda:0,1071,1,1.0,1.0,1.0,0.0
after,cuda:0,1072,1,1.0,1.0,1.0,0.0
after,cuda:0,1073,1,1.0,1.0,1.0,0.0
after,cuda:0,1074,1,1.0,1.0,1.0,0.0
after,cuda:0,1075,1,1.0,1.0,1.0,0.0
after,cuda:0,1076,1,1.0,1.0,1.0,0.0
after,cuda:0,1077,1,1.0,1.0,1.0,0.0
after,cuda:0,1078,1,1.0,1.0,1.0,0.0
after,cuda:0,1079,1,1.0,1.0,1.0,0.0
after,cuda:0,1080,1,1.0,1.0,1.0,0.0
after,cuda:0,1081,1,1.0,1.0,1.0,0.0
after,cuda:0,1082,1,1.0,1.0,1.0,0.0
after,cuda:0,1083,1,1.0,1.0,1.0,0.0
after,cuda:0,1084,1,1.0,1.0,1.0,0.0
after,cuda:0,1085,1,1.0,1.0,1.0,0.0
after,cuda:0,1086,1,1.0,1.0,1.0,0.0
after,cuda:0,1087,1,1.0,1.0,1.0,0.0
after,cuda:0,1088,1,1.0,1.0,1.0,0.0
after,cuda:0,1089,1,1.0,1.0,1.0,0.0
after,cuda:0,1090,1,1.0,1.0,1.0,0.0
after,cuda:0,1091,1,1.0,1.0,1.0,0.0
after,cuda:0,1092,1,1.0,1.0,1.0,0.0
after,cuda:0,1093,1,1.0,1.0,1.0,0.0
after,cuda:0,1094,1,1.0,1.0,1.0,0.0
after,cuda:0,1095,1,1.0,1.0,1.0,0.0
after,cuda:0,1096,1,1.0,1.0,1.0,0.0
after,cuda:0,1097,1,1.0,1.0,1.0,0.0
after,cuda:0,1098,1,1.0,1.0,1.0,0.0
after,cuda:0,1099,1,1.0,1.0,1.0,0.0
after,cuda:0,1100,1,1.0,1.0,1.0,0.0
after,cuda:0,1101,1,1.0,1.0,1.0,0.0
after,cuda:0,1102,1,1.0,1.0,1.0,0.0
after,cuda:0,1103,1,1.0,1.0,1.0,0.0
after,cuda:0,1104,1,1.0,1.0,1.0,0.0
after,cuda:0,1105,1,1.0,1.0,1.0,0.0
after,cuda:0,1106,1,1.0,1.0,1.0,0.0
after,cuda:0,1107,1,1.0,1.0,1.0,0.0
after,cuda:0,1108,1,1.0,1.0,1.0,0.0
after,cuda:0,1109,1,1.0,1.0,1.0,0.0
after,cuda:0,1110,1,1.0,1.0,1.0,0.0
after,cuda:0,1111,1,1.0,1.0,1.0,0.0
after,cuda:0,1112,1,1.0,1.0,1.0,0.0
after,cuda:0,1113,1,1.0,1.0,1.0,0.0
after,cuda:0,1114,1,1.0,1.0,1.0,0.0
after,cuda:0,1115,1,1.0,1.0,1.0,0.0
after,cuda:0,1116,1,1.0,1.0,1.0,0.0
after,cuda:0,1117,1,1.0,1.0,1.0,0.0
after,cuda:0,1118,1,1.0,1.0,1.0,0.0
after,cuda:0,1119,1,1.0,1.0,1.0,0.0
after,cuda:0,1120,1,1.0,1.0,1.0,0.0
after,cuda:0,1121,1,1.0,1.0,1.0,0.0
after,cuda:0,1122,1,1.0,1.0,1.0,0.0
after,cuda:0,1123,1,1.0,1.0,1.0,0.0
after,cuda:0,1124,1,1.0,1.0,1.0,0.0
after,cuda:0,1125,1,1.0,1.0,1.0,0.0
after,cuda:0,1126,1,1.0,1.0,1.0,0.0
after,cuda:0,1127,1,1.0,1.0,1.0,0.0
after,cuda:0,1128,1,1.0,1.0,1.0,0.0
after,cuda:0,1129,1,1.0,1.0,1.0,0.0
after,cuda:0,1130,1,1.0,1.0,1.0,0.0
after,cuda:0,1131,1,1.0,1.0,1.0,0.0
after,cuda:0,1132,1,1.0,1.0,1.0,0.0
after,cuda:0,1133,1,1.0,1.0,1.0,0.0
after,cuda:0,1134,1,1.0,1.0,1.0,0.0
after,cuda:0,1135,1,1.0,1.0,1.0,0.0
after,cuda:0,1136,1,1.0,1.0,1.0,0.0
after,cuda:0,1137,1,1.0,1.0,1.0,0.0
after,cuda:0,1138,1,1.0,1.0,1.0,0.0
after,cuda:0,1139,1,1.0,1.0,1.0,0.0
after,cuda:0,1140,1,1.0,1.0,1.0,0.0
after,cuda:0,1141,1,1.0,1.0,1.0,0.0
after,cuda:0,1142,1,1.0,1.0,1.0,0.0
after,cuda:0,1143,1,1.0,1.0,1.0,0.0
after,cuda:0,1144,1,1.0,1.0,1.0,0.0
after,cuda:0,1145,1,1.0,1.0,1.0,0.0
after,cuda:0,1146,1,1.0,1.0,1.0,0.0
after,cuda:0,1147,1,1.0,1.0,1.0,0.0
after,cuda:0,1148,1,1.0,1.0,1.0,0.0
after,cuda:0,1149,1,1.0,1.0,1.0,0.0
after,cuda:0,1150,1,1.0,1.0,1.0,0.0
after,cuda:0,1151,1,1.0,1.0,1.0,0.0
after,cuda:0,1152,1,1.0,1.0,1.0,0.0
after,cuda:0,1153,1,1.0,1.0,1.0,0.0
after,cuda:0,1154,1,1.0,1.0,1.0,0.0
after,cuda:0,1155,1,1.0,1.0,1.0,0.0
after,cuda:0,1156,1,1.0,1.0,1.0,0.0
after,cuda:0,1157,1,1.0,1.0,1.0,0.0
after,cuda:0,1158,1,1.0,1.0,1.0,0.0
after,cuda:0,1159,1,1.0,1.0,1.0,0.0
after,cuda:0,1160,1,1.0,1.0,1.0,0.0
after,cuda:0,1161,1,1.0,1.0,1.0,0.0
after,cuda:0,1162,1,1.0,1.0,1.0,0.0
after,cuda:0,1163,1,1.0,1.0,1.0,0.0
after,cuda:0,1164,1,1.0,1.0,1.0,0.0
after,cuda:0,1165,1,1.0,1.0,1.0,0.0
after,cuda:0,1166,1,1.0,1.0,1.0,0.0
after,cuda:0,1167,1,1.0,1.0,1.0,0.0
after,cuda:0,1168,1,1.0,1.0,1.0,0.0
after,cuda:0,1169,1,1.0,1.0,1.0,0.0
after,cuda:0,1170,1,1.0,1.0,1.0,0.0
after,cuda:0,1171,1,1.0,1.0,1.0,0.0
after,cuda:0,1172,1,1.0,1.0,1.0,0.0
after,cuda:0,1173,1,1.0,1.0,1.0,0.0
after,cuda:0,1174,1,1.0,1.0,1.0,0.0
after,cuda:0,1175,1,1.0,1.0,1.0,0.0
after,cuda:0,1176,1,1.0,1.0,1.0,0.0
after,cuda:0,1177,1,1.0,1.0,1.0,0.0
after,cuda:0,1178,1,1.0,1.0,1.0,0.0
after,cuda:0,1179,1,1.0,1.0,1.0,0.0
after,cuda:0,1180,1,1.0,1.0,1.0,0.0
after,cuda:0,1181,1,1.0,1.0,1.0,0.0
after,cuda:0,1182,1,1.0,1.0,1.0,0.0
after,cuda:0,1183,1,1.0,1.0,1.0,0.0
after,cuda:0,1184,1,1.0,1.0,1.0,0.0
after,cuda:0,1185,1,1.0,1.0,1.0,0.0
after,cuda:0,1186,1,1.0,1.0,1.0,0.0
after,cuda:0,1187,1,1.0,1.0,1.0,0.0
after,cuda:0,1188,1,1.0,1.0,1.0,0.0
after,cuda:0,1189,1,1.0,1.0,1.0,0.0
after,cuda:0,1190,1,1.0,1.0,1.0,0.0
after,cuda:0,1191,1,1.0,1.0,1.0,0.0
after,cuda:0,1192,1,1.0,1.0,1.0,0.0
after,cuda:0,1193,1,1.0,1.0,1.0,0.0
after,cuda:0,1194,1,1.0,1.0,1.0,0.0
after,cuda:0,1195,1,1.0,1.0,1.0,0.0
after,cuda:0,1196,1,1.0,1.0,1.0,0.0
after,cuda:0,1197,1,1.0,1.0,1.0,0.0
after,cuda:0,1198,1,1.0,1.0,1.0,0.0
after,cuda:0,1199,1,1.0,1.0,1.0,0.0
after,cuda:0,1200,1,1.0,1.0,1.0,0.0
after,cuda:0,1201,1,1.0,1.0,1.0,0.0
after,cuda:0,1202,1,1.0,1.0,1.0,0.0
after,cuda:0,1203,1,1.0,1.0,1.0,0.0
after,cuda:0,1204,1,1.0,1.0,1.0,0.0
after,cuda:0,1205,1,1.0,1.0,1.0,0.0
after,cuda:0,1206,1,1.0,1.0,1.0,0.0
after,cuda:0,1207,1,1.0,1.0,1.0,0.0
after,cuda:0,1208,1,1.0,1.0,1.0,0.0
after,cuda:0,1209,1,1.0,1.0,1.0,0.0
after,cuda:0,1210,1,1.0,1.0,1.0,0.0
after,cuda:0,1211,1,1.0,1.0,1.0,0.0
after,cuda:0,1212,1,1.0,1.0,1.0,0.0
after,cuda:0,1213,1,1.0,1.0,1.0,0.0
after,cuda:0,1214,1,1.0,1.0,1.0,0.0
after,cuda:0,1215,1,1.0,1.0,1.0,0.0
after,cuda:0,1216,1,1.0,1.0,1.0,0.0
after,cuda:0,1217,1,1.0,1.0,1.0,0.0
after,cuda:0,1218,1,1.0,1.0,1.0,0.0
after,cuda:0,1219,1,1.0,1.0,1.0,0.0
after,cuda:0,1220,1,1.0,1.0,1.0,0.0
after,cuda:0,1221,1,1.0,1.0,1.0,0.0
after,cuda:0,1222,1,1.0,1.0,1.0,0.0
after,cuda:0,1223,1,1.0,1.0,1.0,0.0
after,cuda:0,1224,1,1.0,1.0,1.0,0.0
after,cuda:0,1225,1,1.0,1.0,1.0,0.0
after,cuda:0,1226,1,1.0,1.0,1.0,0.0
after,cuda:0,1227,1,1.0,1.0,1.0,0.0
after,cuda:0,1228,1,1.0,1.0,1.0,0.0
after,cuda:0,1229,1,1.0,1.0,1.0,0.0
after,cuda:0,1230,1,1.0,1.0,1.0,0.0
after,cuda:0,1231,1,1.0,1.0,1.0,0.0
after,cuda:0,1232,1,1.0,1.0,1.0,0.0
after,cuda:0,1233,1,1.0,1.0,1.0,0.0
after,cuda:0,1234,1,1.0,1.0,1.0,0.0
after,cuda:0,1235,1,1.0,1.0,1.0,0.0
after,cuda:0,1236,1,1.0,1.0,1.0,0.0
after,cuda:0,1237,1,1.0,1.0,1.0,0.0
after,cuda:0,1238,1,1.0,1.0,1.0,0.0
after,cuda:0,1239,1,1.0,1.0,1.0,0.0
after,cuda:0,1240,1,1.0,1.0,1.0,0.0
after,cuda:0,1241,1,1.0,1.0,1.0,0.0
after,cuda:0,1242,1,1.0,1.0,1.0,0.0
after,cuda:0,1243,1,1.0,1.0,1.0,0.0
after,cuda:0,1244,1,1.0,1.0,1.0,0.0
after,cuda:0,1245,1,1.0,1.0,1.0,0.0
after,cuda:0,1246,1,1.0,1.0,1.0,0.0
after,cuda:0,1247,1,1.0,1.0,1.0,0.0
after,cuda:0,1248,1,1.0,1.0,1.0,0.0
after,cuda:0,1249,1,1.0,1.0,1.0,0.0
after,cuda:0,1250,1,1.0,1.0,1.0,0.0
after,cuda:0,1251,1,1.0,1.0,1.0,0.0
after,cuda:0,1252,1,1.0,1.0,1.0,0.0
after,cuda:0,1253,1,1.0,1.0,1.0,0.0
after,cuda:0,1254,1,1.0,1.0,1.0,0.0
after,cuda:0,1255,1,1.0,1.0,1.0,0.0
after,cuda:0,1256,1,1.0,1.0,1.0,0.0
after,cuda:0,1257,1,1.0,1.0,1.0,0.0
after,cuda:0,1258,1,1.0,1.0,1.0,0.0
after,cuda:0,1259,1,1.0,1.0,1.0,0.0
after,cuda:0,1260,1,1.0,1.0,1.0,0.0
after,cuda:0,1261,1,1.0,1.0,1.0,0.0
after,cuda:0,1262,1,1.0,1.0,1.0,0.0
after,cuda:0,1263,1,1.0,1.0,1.0,0.0
after,cuda:0,1264,1,1.0,1.0,1.0,0.0
after,cuda:0,1265,1,1.0,1.0,1.0,0.0
after,cuda:0,1266,1,1.0,1.0,1.0,0.0
after,cuda:0,1267,1,1.0,1.0,1.0,0.0
after,cuda:0,1268,1,1.0,1.0,1.0,0.0
after,cuda:0,1269,1,1.0,1.0,1.0,0.0
after,cuda:0,1270,1,1.0,1.0,1.0,0.0
after,cuda:0,1271,1,1.0,1.0,1.0,0.0
after,cuda:0,1272,1,1.0,1.0,1.0,0.0
after,cuda:0,1273,1,1.0,1.0,1.0,0.0
after,cuda:0,1274,1,1.0,1.0,1.0,0.0
after,cuda:0,1275,1,1.0,1.0,1.0,0.0
after,cuda:0,1276,1,1.0,1.0,1.0,0.0
after,cuda:0,1277,1,1.0,1.0,1.0,0.0
after,cuda:0,1278,1,1.0,1.0,1.0,0.0
after,cuda:0,1279,1,1.0,1.0,1.0,0.0
after,cuda:0,1280,1,1.0,1.0,1.0,0.0
after,cuda:0,1281,1,1.0,1.0,1.0,0.0
after,cuda:0,1282,1,1.0,1.0,1.0,0.0
after,cuda:0,1283,1,1.0,1.0,1.0,0.0
after,cuda:0,1284,1,1.0,1.0,1.0,0.0
after,cuda:0,1285,1,1.0,1.0,1.0,0.0
after,cuda:0,1286,1,1.0,1.0,1.0,0.0
after,cuda:0,1287,1,1.0,1.0,1.0,0.0
after,cuda:0,1288,1,1.0,1.0,1.0,0.0
after,cuda:0,1289,1,1.0,1.0,1.0,0.0
after,cuda:0,1290,1,1.0,1.0,1.0,0.0
after,cuda:0,1291,1,1.0,1.0,1.0,0.0
after,cuda:0,1292,1,1.0,1.0,1.0,0.0
after,cuda:0,1293,1,1.0,1.0,1.0,0.0
after,cuda:0,1294,1,1.0,1.0,1.0,0.0
after,cuda:0,1295,1,1.0,1.0,1.0,0.0
after,cuda:0,1296,1,1.0,1.0,1.0,0.0
after,cuda:0,1297,1,1.0,1.0,1.0,0.0
after,cuda:0,1298,1,1.0,1.0,1.0,0.0
after,cuda:0,1299,1,1.0,1.0,1.0,0.0
after,cuda:0,1300,1,1.0,1.0,1.0,0.0
after,cuda:0,1301,1,1.0,1.0,1.0,0.0
after,cuda:0,1302,1,1.0,1.0,1.0,0.0
after,cuda:0,1303,1,1.0,1.0,1.0,0.0
after,cuda:0,1304,1,1.0,1.0,1.0,0.0
after,cuda:0,1305,1,1.0,1.0,1.0,0.0
after,cuda:0,1306,1,1.0,1.0,1.0,0.0
after,cuda:0,1307,1,1.0,1.0,1.0,0.0
after,cuda:0,1308,1,1.0,1.0,1.0,0.0
after,cuda:0,1309,1,1.0,1.0,1.0,0.0
after,cuda:0,1310,1,1.0,1.0,1.0,0.0
after,cuda:0,1311,1,1.0,1.0,1.0,0.0
after,cuda:0,1312,1,1.0,1.0,1.0,0.0
after,cuda:0,1313,1,1.0,1.0,1.0,0.0
after,cuda:0,1314,1,1.0,1.0,1.0,0.0
after,cuda:0,1315,1,1.0,1.0,1.0,0.0
after,cuda:0,1316,1,1.0,1.0,1.0,0.0
after,cuda:0,1317,1,1.0,1.0,1.0,0.0
after,cuda:0,1318,1,1.0,1.0,1.0,0.0
after,cuda:0,1319,1,1.0,1.0,1.0,0.0
after,cuda:0,1320,1,1.0,1.0,1.0,0.0
after,cuda:0,1321,1,1.0,1.0,1.0,0.0
after,cuda:0,1322,1,1.0,1.0,1.0,0.0
after,cuda:0,1323,1,1.0,1.0,1.0,0.0
after,cuda:0,1324,1,1.0,1.0,1.0,0.0
after,cuda:0,1325,1,1.0,1.0,1.0,0.0
after,cuda:0,1326,1,1.0,1.0,1.0,0.0
after,cuda:0,1327,1,1.0,1.0,1.0,0.0
after,cuda:0,1328,1,1.0,1.0,1.0,0.0
after,cuda:0,1329,1,1.0,1.0,1.0,0.0
after,cuda:0,1330,1,1.0,1.0,1.0,0.0
after,cuda:0,1331,1,1.0,1.0,1.0,0.0
after,cuda:0,1332,1,1.0,1.0,1.0,0.0
after,cuda:0,1333,1,1.0,1.0,1.0,0.0
after,cuda:0,1334,1,1.0,1.0,1.0,0.0
after,cuda:0,1335,1,1.0,1.0,1.0,0.0
after,cuda:0,1336,1,1.0,1.0,1.0,0.0
after,cuda:0,1337,1,1.0,1.0,1.0,0.0
after,cuda:0,1338,1,1.0,1.0,1.0,0.0
after,cuda:0,1339,1,1.0,1.0,1.0,0.0
after,cuda:0,1340,1,1.0,1.0,1.0,0.0
after,cuda:0,1341,1,1.0,1.0,1.0,0.0
after,cuda:0,1342,1,1.0,1.0,1.0,0.0
after,cuda:0,1343,1,1.0,1.0,1.0,0.0
after,cuda:0,1344,1,1.0,1.0,1.0,0.0
after,cuda:0,1345,1,1.0,1.0,1.0,0.0
after,cuda:0,1346,1,1.0,1.0,1.0,0.0
after,cuda:0,1347,1,1.0,1.0,1.0,0.0
after,cuda:0,1348,1,1.0,1.0,1.0,0.0
after,cuda:0,1349,1,1.0,1.0,1.0,0.0
after,cuda:0,1350,1,1.0,1.0,1.0,0.0
after,cuda:0,1351,1,1.0,1.0,1.0,0.0
after,cuda:0,1352,1,1.0,1.0,1.0,0.0
after,cuda:0,1353,1,1.0,1.0,1.0,0.0
after,cuda:0,1354,1,1.0,1.0,1.0,0.0
after,cuda:0,1355,1,1.0,1.0,1.0,0.0
after,cuda:0,1356,1,1.0,1.0,1.0,0.0
after,cuda:0,1357,1,1.0,1.0,1.0,0.0
after,cuda:0,1358,1,1.0,1.0,1.0,0.0
after,cuda:0,1359,1,1.0,1.0,1.0,0.0
after,cuda:0,1360,1,1.0,1.0,1.0,0.0
after,cuda:0,1361,1,1.0,1.0,1.0,0.0
after,cuda:0,1362,1,1.0,1.0,1.0,0.0
after,cuda:0,1363,1,1.0,1.0,1.0,0.0
after,cuda:0,1364,1,1.0,1.0,1.0,0.0
after,cuda:0,1365,1,1.0,1.0,1.0,0.0
after,cuda:0,1366,1,1.0,1.0,1.0,0.0
after,cuda:0,1367,1,1.0,1.0,1.0,0.0
after,cuda:0,1368,1,1.0,1.0,1.0,0.0
after,cuda:0,1369,1,1.0,1.0,1.0,0.0
after,cuda:0,1370,1,1.0,1.0,1.0,0.0
after,cuda:0,1371,1,1.0,1.0,1.0,0.0
after,cuda:0,1372,1,1.0,1.0,1.0,0.0
after,cuda:0,1373,1,1.0,1.0,1.0,0.0
after,cuda:0,1374,1,1.0,1.0,1.0,0.0
after,cuda:0,1375,1,1.0,1.0,1.0,0.0
after,cuda:0,1376,1,1.0,1.0,1.0,0.0
after,cuda:0,1377,1,1.0,1.0,1.0,0.0
after,cuda:0,1378,1,1.0,1.0,1.0,0.0
after,cuda:0,1379,1,1.0,1.0,1.0,0.0
after,cuda:0,1380,1,1.0,1.0,1.0,0.0
after,cuda:0,1381,1,1.0,1.0,1.0,0.0
after,cuda:0,1382,1,1.0,1.0,1.0,0.0
after,cuda:0,1383,1,1.0,1.0,1.0,0.0
after,cuda:0,1384,1,1.0,1.0,1.0,0.0
after,cuda:0,1385,1,1.0,1.0,1.0,0.0
after,cuda:0,1386,1,1.0,1.0,1.0,0.0
after,cuda:0,1387,1,1.0,1.0,1.0,0.0
after,cuda:0,1388,1,1.0,1.0,1.0,0.0
after,cuda:0,1389,1,1.0,1.0,1.0,0.0
after,cuda:0,1390,1,1.0,1.0,1.0,0.0
after,cuda:0,1391,1,1.0,1.0,1.0,0.0
after,cuda:0,1392,1,1.0,1.0,1.0,0.0
after,cuda:0,1393,1,1.0,1.0,1.0,0.0
after,cuda:0,1394,1,1.0,1.0,1.0,0.0
after,cuda:0,1395,1,1.0,1.0,1.0,0.0
after,cuda:0,1396,1,1.0,1.0,1.0,0.0
after,cuda:0,1397,1,1.0,1.0,1.0,0.0
after,cuda:0,1398,1,1.0,1.0,1.0,0.0
after,cuda:0,1399,1,1.0,1.0,1.0,0.0
after,cuda:0,1400,1,1.0,1.0,1.0,0.0
after,cuda:0,1401,1,1.0,1.0,1.0,0.0
after,cuda:0,1402,1,1.0,1.0,1.0,0.0
after,cuda:0,1403,1,1.0,1.0,1.0,0.0
after,cuda:0,1404,1,1.0,1.0,1.0,0.0
after,cuda:0,1405,1,1.0,1.0,1.0,0.0
after,cuda:0,1406,1,1.0,1.0,1.0,0.0
after,cuda:0,1407,1,1.0,1.0,1.0,0.0
after,cuda:0,1408,1,1.0,1.0,1.0,0.0
after,cuda:0,1409,1,1.0,1.0,1.0,0.0
after,cuda:0,1410,1,1.0,1.0,1.0,0.0
after,cuda:0,1411,1,1.0,1.0,1.0,0.0
after,cuda:0,1412,1,1.0,1.0,1.0,0.0
after,cuda:0,1413,1,1.0,1.0,1.0,0.0
after,cuda:0,1414,1,1.0,1.0,1.0,0.0
after,cuda:0,1415,1,1.0,1.0,1.0,0.0
after,cuda:0,1416,1,1.0,1.0,1.0,0.0
after,cuda:0,1417,1,1.0,1.0,1.0,0.0
after,cuda:0,1418,1,1.0,1.0,1.0,0.0
after,cuda:0,1419,1,1.0,1.0,1.0,0.0
after,cuda:0,1420,1,1.0,1.0,1.0,0.0
after,cuda:0,1421,1,1.0,1.0,1.0,0.0
after,cuda:0,1422,1,1.0,1.0,1.0,0.0
after,cuda:0,1423,1,1.0,1.0,1.0,0.0
after,cuda:0,1424,1,1.0,1.0,1.0,0.0
after,cuda:0,1425,1,1.0,1.0,1.0,0.0
after,cuda:0,1426,1,1.0,1.0,1.0,0.0
after,cuda:0,1427,1,1.0,1.0,1.0,0.0
after,cuda:0,1428,1,1.0,1.0,1.0,0.0
after,cuda:0,1429,1,1.0,1.0,1.0,0.0
after,cuda:0,1430,1,1.0,1.0,1.0,0.0
after,cuda:0,1431,1,1.0,1.0,1.0,0.0
after,cuda:0,1432,1,1.0,1.0,1.0,0.0
after,cuda:0,1433,1,1.0,1.0,1.0,0.0
after,cuda:0,1434,1,1.0,1.0,1.0,0.0
after,cuda:0,1435,1,1.0,1.0,1.0,0.0
after,cuda:0,1436,1,1.0,1.0,1.0,0.0
after,cuda:0,1437,1,1.0,1.0,1.0,0.0
after,cuda:0,1438,1,1.0,1.0,1.0,0.0
after,cuda:0,1439,1,1.0,1.0,1.0,0.0
after,cuda:0,1440,1,1.0,1.0,1.0,0.0
after,cuda:0,1441,1,1.0,1.0,1.0,0.0
after,cuda:0,1442,1,1.0,1.0,1.0,0.0
after,cuda:0,1443,1,1.0,1.0,1.0,0.0
after,cuda:0,1444,1,1.0,1.0,1.0,0.0
after,cuda:0,1445,1,1.0,1.0,1.0,0.0
after,cuda:0,1446,1,1.0,1.0,1.0,0.0
after,cuda:0,1447,1,1.0,1.0,1.0,0.0
after,cuda:0,1448,1,1.0,1.0,1.0,0.0
after,cuda:0,1449,1,1.0,1.0,1.0,0.0
after,cuda:0,1450,1,1.0,1.0,1.0,0.0
after,cuda:0,1451,1,1.0,1.0,1.0,0.0
after,cuda:0,1452,1,1.0,1.0,1.0,0.0
after,cuda:0,1453,1,1.0,1.0,1.0,0.0
after,cuda:0,1454,1,1.0,1.0,1.0,0.0
after,cuda:0,1455,1,1.0,1.0,1.0,0.0
after,cuda:0,1456,1,1.0,1.0,1.0,0.0
after,cuda:0,1457,1,1.0,1.0,1.0,0.0
after,cuda:0,1458,1,1.0,1.0,1.0,0.0
after,cuda:0,1459,1,1.0,1.0,1.0,0.0
after,cuda:0,1460,1,1.0,1.0,1.0,0.0
after,cuda:0,1461,1,1.0,1.0,1.0,0.0
after,cuda:0,1462,1,1.0,1.0,1.0,0.0
after,cuda:0,1463,1,1.0,1.0,1.0,0.0
after,cuda:0,1464,1,1.0,1.0,1.0,0.0
after,cuda:0,1465,1,1.0,1.0,1.0,0.0
after,cuda:0,1466,1,1.0,1.0,1.0,0.0
after,cuda:0,1467,1,1.0,1.0,1.0,0.0
after,cuda:0,1468,1,1.0,1.0,1.0,0.0
after,cuda:0,1469,1,1.0,1.0,1.0,0.0
after,cuda:0,1470,1,1.0,1.0,1.0,0.0
after,cuda:0,1471,1,1.0,1.0,1.0,0.0
after,cuda:0,1472,1,1.0,1.0,1.0,0.0
after,cuda:0,1473,1,1.0,1.0,1.0,0.0
after,cuda:0,1474,1,1.0,1.0,1.0,0.0
after,cuda:0,1475,1,1.0,1.0,1.0,0.0
after,cuda:0,1476,1,1.0,1.0,1.0,0.0
after,cuda:0,1477,1,1.0,1.0,1.0,0.0
after,cuda:0,1478,1,1.0,1.0,1.0,0.0
after,cuda:0,1479,1,1.0,1.0,1.0,0.0
after,cuda:0,1480,1,1.0,1.0,1.0,0.0
after,cuda:0,1481,1,1.0,1.0,1.0,0.0
after,cuda:0,1482,1,1.0,1.0,1.0,0.0
after,cuda:0,1483,1,1.0,1.0,1.0,0.0
after,cuda:0,1484,1,1.0,1.0,1.0,0.0
after,cuda:0,1485,1,1.0,1.0,1.0,0.0
after,cuda:0,1486,1,1.0,1.0,1.0,0.0
after,cuda:0,1487,1,1.0,1.0,1.0,0.0
after,cuda:0,1488,1,1.0,1.0,1.0,0.0
after,cuda:0,1489,1,1.0,1.0,1.0,0.0
after,cuda:0,1490,1,1.0,1.0,1.0,0.0
after,cuda:0,1491,1,1.0,1.0,1.0,0.0
after,cuda:0,1492,1,1.0,1.0,1.0,0.0
after,cuda:0,1493,1,1.0,1.0,1.0,0.0
after,cuda:0,1494,1,1.0,1.0,1.0,0.0
after,cuda:0,1495,1,1.0,1.0,1.0,0.0
after,cuda:0,1496,1,1.0,1.0,1.0,0.0
after,cuda:0,1497,1,1.0,1.0,1.0,0.0
after,cuda:0,1498,1,1.0,1.0,1.0,0.0
after,cuda:0,1499,1,1.0,1.0,1.0,0.0
after,cuda:0,1500,1,1.0,1.0,1.0,0.0
after,cuda:0,1501,1,1.0,1.0,1.0,0.0
after,cuda:0,1502,1,1.0,1.0,1.0,0.0
after,cuda:0,1503,1,1.0,1.0,1.0,0.0
after,cuda:0,1504,1,1.0,1.0,1.0,0.0
after,cuda:0,1505,1,1.0,1.0,1.0,0.0
after,cuda:0,1506,1,1.0,1.0,1.0,0.0
after,cuda:0,1507,1,1.0,1.0,1.0,0.0
after,cuda:0,1508,1,1.0,1.0,1.0,0.0
after,cuda:0,1509,1,1.0,1.0,1.0,0.0
after,cuda:0,1510,1,1.0,1.0,1.0,0.0
after,cuda:0,1511,1,1.0,1.0,1.0,0.0
after,cuda:0,1512,1,1.0,1.0,1.0,0.0
after,cuda:0,1513,1,1.0,1.0,1.0,0.0
after,cuda:0,1514,1,1.0,1.0,1.0,0.0
after,cuda:0,1515,1,1.0,1.0,1.0,0.0
after,cuda:0,1516,1,1.0,1.0,1.0,0.0
after,cuda:0,1517,1,1.0,1.0,1.0,0.0
after,cuda:0,1518,1,1.0,1.0,1.0,0.0
after,cuda:0,1519,1,1.0,1.0,1.0,0.0
after,cuda:0,1520,1,1.0,1.0,1.0,0.0
after,cuda:0,1521,1,1.0,1.0,1.0,0.0
after,cuda:0,1522,1,1.0,1.0,1.0,0.0
after,cuda:0,1523,1,1.0,1.0,1.0,0.0
after,cuda:0,1524,1,1.0,1.0,1.0,0.0
after,cuda:0,1525,1,1.0,1.0,1.0,0.0
after,cuda:0,1526,1,1.0,1.0,1.0,0.0
after,cuda:0,1527,1,1.0,1.0,1.0,0.0
after,cuda:0,1528,1,1.0,1.0,1.0,0.0
after,cuda:0,1529,1,1.0,1.0,1.0,0.0
after,cuda:0,1530,1,1.0,1.0,1.0,0.0
after,cuda:0,1531,1,1.0,1.0,1.0,0.0
after,cuda:0,1532,1,1.0,1.0,1.0,0.0
after,cuda:0,1533,1,1.0,1.0,1.0,0.0
after,cuda:0,1534,1,1.0,1.0,1.0,0.0
after,cuda:0,1535,1,1.0,1.0,1.0,0.0
after,cuda:0,1536,1,1.0,1.0,1.0,0.0
after,cuda:0,1537,1,1.0,1.0,1.0,0.0
after,cuda:0,1538,1,1.0,1.0,1.0,0.0
after,cuda:0,1539,1,1.0,1.0,1.0,0.0
after,cuda:0,1540,1,1.0,1.0,1.0,0.0
after,cuda:0,1541,1,1.0,1.0,1.0,0.0
after,cuda:0,1542,1,1.0,1.0,1.0,0.0
after,cuda:0,1543,1,1.0,1.0,1.0,0.0
after,cuda:0,1544,1,1.0,1.0,1.0,0.0
after,cuda:0,1545,1,1.0,1.0,1.0,0.0
after,cuda:0,1546,1,1.0,1.0,1.0,0.0
after,cuda:0,1547,1,1.0,1.0,1.0,0.0
after,cuda:0,1548,1,1.0,1.0,1.0,0.0
after,cuda:0,1549,1,1.0,1.0,1.0,0.0
after,cuda:0,1550,1,1.0,1.0,1.0,0.0
after,cuda:0,1551,1,1.0,1.0,1.0,0.0
after,cuda:0,1552,1,1.0,1.0,1.0,0.0
after,cuda:0,1553,1,1.0,1.0,1.0,0.0
after,cuda:0,1554,1,1.0,1.0,1.0,0.0
after,cuda:0,1555,1,1.0,1.0,1.0,0.0
after,cuda:0,1556,1,1.0,1.0,1.0,0.0
after,cuda:0,1557,1,1.0,1.0,1.0,0.0
after,cuda:0,1558,1,1.0,1.0,1.0,0.0
after,cuda:0,1559,1,1.0,1.0,1.0,0.0
after,cuda:0,1560,1,1.0,1.0,1.0,0.0
after,cuda:0,1561,1,1.0,1.0,1.0,0.0
after,cuda:0,1562,1,1.0,1.0,1.0,0.0
after,cuda:0,1563,1,1.0,1.0,1.0,0.0
after,cuda:0,1564,1,1.0,1.0,1.0,0.0
after,cuda:0,1565,1,1.0,1.0,1.0,0.0
after,cuda:0,1566,1,1.0,1.0,1.0,0.0
after,cuda:0,1567,1,1.0,1.0,1.0,0.0
after,cuda:0,1568,1,1.0,1.0,1.0,0.0
after,cuda:0,1569,1,1.0,1.0,1.0,0.0
after,cuda:0,1570,1,1.0,1.0,1.0,0.0
after,cuda:0,1571,1,1.0,1.0,1.0,0.0
after,cuda:0,1572,1,1.0,1.0,1.0,0.0
after,cuda:0,1573,1,1.0,1.0,1.0,0.0
after,cuda:0,1574,1,1.0,1.0,1.0,0.0
after,cuda:0,1575,1,1.0,1.0,1.0,0.0
after,cuda:0,1576,1,1.0,1.0,1.0,0.0
after,cuda:0,1577,1,1.0,1.0,1.0,0.0
after,cuda:0,1578,1,1.0,1.0,1.0,0.0
after,cuda:0,1579,1,1.0,1.0,1.0,0.0
after,cuda:0,1580,1,1.0,1.0,1.0,0.0
after,cuda:0,1581,1,1.0,1.0,1.0,0.0
after,cuda:0,1582,1,1.0,1.0,1.0,0.0
after,cuda:0,1583,1,1.0,1.0,1.0,0.0
after,cuda:0,1584,1,1.0,1.0,1.0,0.0
after,cuda:0,1585,1,1.0,1.0,1.0,0.0
after,cuda:0,1586,1,1.0,1.0,1.0,0.0
after,cuda:0,1587,1,1.0,1.0,1.0,0.0
after,cuda:0,1588,1,1.0,1.0,1.0,0.0
after,cuda:0,1589,1,1.0,1.0,1.0,0.0
after,cuda:0,1590,1,1.0,1.0,1.0,0.0
after,cuda:0,1591,1,1.0,1.0,1.0,0.0
after,cuda:0,1592,1,1.0,1.0,1.0,0.0
after,cuda:0,1593,1,1.0,1.0,1.0,0.0
after,cuda:0,1594,1,1.0,1.0,1.0,0.0
after,cuda:0,1595,1,1.0,1.0,1.0,0.0
after,cuda:0,1596,1,1.0,1.0,1.0,0.0
after,cuda:0,1597,1,1.0,1.0,1.0,0.0
after,cuda:0,1598,1,1.0,1.0,1.0,0.0
after,cuda:0,1599,1,1.0,1.0,1.0,0.0
after,cuda:0,1600,1,1.0,1.0,1.0,0.0
after,cuda:0,1601,1,1.0,1.0,1.0,0.0
after,cuda:0,1602,1,1.0,1.0,1.0,0.0
after,cuda:0,1603,1,1.0,1.0,1.0,0.0
after,cuda:0,1604,1,1.0,1.0,1.0,0.0
after,cuda:0,1605,1,1.0,1.0,1.0,0.0
after,cuda:0,1606,1,1.0,1.0,1.0,0.0
after,cuda:0,1607,1,1.0,1.0,1.0,0.0
after,cuda:0,1608,1,1.0,1.0,1.0,0.0
after,cuda:0,1609,1,1.0,1.0,1.0,0.0
after,cuda:0,1610,1,1.0,1.0,1.0,0.0
after,cuda:0,1611,1,1.0,1.0,1.0,0.0
after,cuda:0,1612,1,1.0,1.0,1.0,0.0
after,cuda:0,1613,1,1.0,1.0,1.0,0.0
after,cuda:0,1614,1,1.0,1.0,1.0,0.0
after,cuda:0,1615,1,1.0,1.0,1.0,0.0
after,cuda:0,1616,1,1.0,1.0,1.0,0.0
after,cuda:0,1617,1,1.0,1.0,1.0,0.0
after,cuda:0,1618,1,1.0,1.0,1.0,0.0
after,cuda:0,1619,1,1.0,1.0,1.0,0.0
after,cuda:0,1620,1,1.0,1.0,1.0,0.0
after,cuda:0,1621,1,1.0,1.0,1.0,0.0
after,cuda:0,1622,1,1.0,1.0,1.0,0.0
after,cuda:0,1623,1,1.0,1.0,1.0,0.0
after,cuda:0,1624,1,1.0,1.0,1.0,0.0
after,cuda:0,1625,1,1.0,1.0,1.0,0.0
after,cuda:0,1626,1,1.0,1.0,1.0,0.0
after,cuda:0,1627,1,1.0,1.0,1.0,0.0
after,cuda:0,1628,1,1.0,1.0,1.0,0.0
after,cuda:0,1629,1,1.0,1.0,1.0,0.0
after,cuda:0,1630,1,1.0,1.0,1.0,0.0
after,cuda:0,1631,1,1.0,1.0,1.0,0.0
after,cuda:0,1632,1,1.0,1.0,1.0,0.0
after,cuda:0,1633,1,1.0,1.0,1.0,0.0
after,cuda:0,1634,1,1.0,1.0,1.0,0.0
after,cuda:0,1635,1,1.0,1.0,1.0,0.0
after,cuda:0,1636,1,1.0,1.0,1.0,0.0
after,cuda:0,1637,1,1.0,1.0,1.0,0.0
after,cuda:0,1638,1,1.0,1.0,1.0,0.0
after,cuda:0,1639,1,1.0,1.0,1.0,0.0
after,cuda:0,1640,1,1.0,1.0,1.0,0.0
after,cuda:0,1641,1,1.0,1.0,1.0,0.0
after,cuda:0,1642,1,1.0,1.0,1.0,0.0
after,cuda:0,1643,1,1.0,1.0,1.0,0.0
after,cuda:0,1644,1,1.0,1.0,1.0,0.0
after,cuda:0,1645,1,1.0,1.0,1.0,0.0
after,cuda:0,1646,1,1.0,1.0,1.0,0.0
after,cuda:0,1647,1,1.0,1.0,1.0,0.0
after,cuda:0,1648,1,1.0,1.0,1.0,0.0
after,cuda:0,1649,1,1.0,1.0,1.0,0.0
after,cuda:0,1650,1,1.0,1.0,1.0,0.0
after,cuda:0,1651,1,1.0,1.0,1.0,0.0
after,cuda:0,1652,1,1.0,1.0,1.0,0.0
after,cuda:0,1653,1,1.0,1.0,1.0,0.0
after,cuda:0,1654,1,1.0,1.0,1.0,0.0
after,cuda:0,1655,1,1.0,1.0,1.0,0.0
after,cuda:0,1656,1,1.0,1.0,1.0,0.0
after,cuda:0,1657,1,1.0,1.0,1.0,0.0
after,cuda:0,1658,1,1.0,1.0,1.0,0.0
after,cuda:0,1659,1,1.0,1.0,1.0,0.0
after,cuda:0,1660,1,1.0,1.0,1.0,0.0
after,cuda:0,1661,1,1.0,1.0,1.0,0.0
after,cuda:0,1662,1,1.0,1.0,1.0,0.0
after,cuda:0,1663,1,1.0,1.0,1.0,0.0
after,cuda:0,1664,1,1.0,1.0,1.0,0.0
after,cuda:0,1665,1,1.0,1.0,1.0,0.0
after,cuda:0,1666,1,1.0,1.0,1.0,0.0
after,cuda:0,1667,1,1.0,1.0,1.0,0.0
after,cuda:0,1668,1,1.0,1.0,1.0,0.0
after,cuda:0,1669,1,1.0,1.0,1.0,0.0
after,cuda:0,1670,1,1.0,1.0,1.0,0.0
after,cuda:0,1671,1,1.0,1.0,1.0,0.0
after,cuda:0,1672,1,1.0,1.0,1.0,0.0
after,cuda:0,1673,1,1.0,1.0,1.0,0.0
after,cuda:0,1674,1,1.0,1.0,1.0,0.0
after,cuda:0,1675,1,1.0,1.0,1.0,0.0
after,cuda:0,1676,1,1.0,1.0,1.0,0.0
after,cuda:0,1677,1,1.0,1.0,1.0,0.0
after,cuda:0,1678,1,1.0,1.0,1.0,0.0
after,cuda:0,1679,1,1.0,1.0,1.0,0.0
after,cuda:0,1680,1,1.0,1.0,1.0,0.0
after,cuda:0,1681,1,1.0,1.0,1.0,0.0
after,cuda:0,1682,1,1.0,1.0,1.0,0.0
after,cuda:0,1683,1,1.0,1.0,1.0,0.0
after,cuda:0,1684,1,1.0,1.0,1.0,0.0
after,cuda:0,1685,1,1.0,1.0,1.0,0.0
after,cuda:0,1686,1,1.0,1.0,1.0,0.0
after,cuda:0,1687,1,1.0,1.0,1.0,0.0
after,cuda:0,1688,1,1.0,1.0,1.0,0.0
after,cuda:0,1689,1,1.0,1.0,1.0,0.0
after,cuda:0,1690,1,1.0,1.0,1.0,0.0
after,cuda:0,1691,1,1.0,1.0,1.0,0.0
after,cuda:0,1692,1,1.0,1.0,1.0,0.0
after,cuda:0,1693,1,1.0,1.0,1.0,0.0
after,cuda:0,1694,1,1.0,1.0,1.0,0.0
after,cuda:0,1695,1,1.0,1.0,1.0,0.0
after,cuda:0,1696,1,1.0,1.0,1.0,0.0
after,cuda:0,1697,1,1.0,1.0,1.0,0.0
after,cuda:0,1698,1,1.0,1.0,1.0,0.0
after,cuda:0,1699,1,1.0,1.0,1.0,0.0
after,cuda:0,1700,1,1.0,1.0,1.0,0.0
after,cuda:0,1701,1,1.0,1.0,1.0,0.0
after,cuda:0,1702,1,1.0,1.0,1.0,0.0
after,cuda:0,1703,1,1.0,1.0,1.0,0.0
after,cuda:0,1704,1,1.0,1.0,1.0,0.0
after,cuda:0,1705,1,1.0,1.0,1.0,0.0
after,cuda:0,1706,1,1.0,1.0,1.0,0.0
after,cuda:0,1707,1,1.0,1.0,1.0,0.0
after,cuda:0,1708,1,1.0,1.0,1.0,0.0
after,cuda:0,1709,1,1.0,1.0,1.0,0.0
after,cuda:0,1710,1,1.0,1.0,1.0,0.0
after,cuda:0,1711,1,1.0,1.0,1.0,0.0
after,cuda:0,1712,1,1.0,1.0,1.0,0.0
after,cuda:0,1713,1,1.0,1.0,1.0,0.0
after,cuda:0,1714,1,1.0,1.0,1.0,0.0
after,cuda:0,1715,1,1.0,1.0,1.0,0.0
after,cuda:0,1716,1,1.0,1.0,1.0,0.0
after,cuda:0,1717,1,1.0,1.0,1.0,0.0
after,cuda:0,1718,1,1.0,1.0,1.0,0.0
after,cuda:0,1719,1,1.0,1.0,1.0,0.0
after,cuda:0,1720,1,1.0,1.0,1.0,0.0
after,cuda:0,1721,1,1.0,1.0,1.0,0.0
after,cuda:0,1722,1,1.0,1.0,1.0,0.0
after,cuda:0,1723,1,1.0,1.0,1.0,0.0
after,cuda:0,1724,1,1.0,1.0,1.0,0.0
after,cuda:0,1725,1,1.0,1.0,1.0,0.0
after,cuda:0,1726,1,1.0,1.0,1.0,0.0
after,cuda:0,1727,1,1.0,1.0,1.0,0.0
after,cuda:0,1728,1,1.0,1.0,1.0,0.0
after,cuda:0,1729,1,1.0,1.0,1.0,0.0
after,cuda:0,1730,1,1.0,1.0,1.0,0.0
after,cuda:0,1731,1,1.0,1.0,1.0,0.0
after,cuda:0,1732,1,1.0,1.0,1.0,0.0
after,cuda:0,1733,1,1.0,1.0,1.0,0.0
after,cuda:0,1734,1,1.0,1.0,1.0,0.0
after,cuda:0,1735,1,1.0,1.0,1.0,0.0
after,cuda:0,1736,1,1.0,1.0,1.0,0.0
after,cuda:0,1737,1,1.0,1.0,1.0,0.0
after,cuda:0,1738,1,1.0,1.0,1.0,0.0
after,cuda:0,1739,1,1.0,1.0,1.0,0.0
after,cuda:0,1740,1,1.0,1.0,1.0,0.0
after,cuda:0,1741,1,1.0,1.0,1.0,0.0
after,cuda:0,1742,1,1.0,1.0,1.0,0.0
after,cuda:0,1743,1,1.0,1.0,1.0,0.0
after,cuda:0,1744,1,1.0,1.0,1.0,0.0
after,cuda:0,1745,1,1.0,1.0,1.0,0.0
after,cuda:0,1746,1,1.0,1.0,1.0,0.0
after,cuda:0,1747,1,1.0,1.0,1.0,0.0
after,cuda:0,1748,1,1.0,1.0,1.0,0.0
after,cuda:0,1749,1,1.0,1.0,1.0,0.0
after,cuda:0,1750,1,1.0,1.0,1.0,0.0
after,cuda:0,1751,1,1.0,1.0,1.0,0.0
after,cuda:0,1752,1,1.0,1.0,1.0,0.0
after,cuda:0,1753,1,1.0,1.0,1.0,0.0
after,cuda:0,1754,1,1.0,1.0,1.0,0.0
after,cuda:0,1755,1,1.0,1.0,1.0,0.0
after,cuda:0,1756,1,1.0,1.0,1.0,0.0
after,cuda:0,1757,1,1.0,1.0,1.0,0.0
after,cuda:0,1758,1,1.0,1.0,1.0,0.0
after,cuda:0,1759,1,1.0,1.0,1.0,0.0
after,cuda:0,1760,1,1.0,1.0,1.0,0.0
after,cuda:0,1761,1,1.0,1.0,1.0,0.0
after,cuda:0,1762,1,1.0,1.0,1.0,0.0
after,cuda:0,1763,1,1.0,1.0,1.0,0.0
after,cuda:0,1764,1,1.0,1.0,1.0,0.0
after,cuda:0,1765,1,1.0,1.0,1.0,0.0
after,cuda:0,1766,1,1.0,1.0,1.0,0.0
after,cuda:0,1767,1,1.0,1.0,1.0,0.0
after,cuda:0,1768,1,1.0,1.0,1.0,0.0
after,cuda:0,1769,1,1.0,1.0,1.0,0.0
after,cuda:0,1770,1,1.0,1.0,1.0,0.0
after,cuda:0,1771,1,1.0,1.0,1.0,0.0
after,cuda:0,1772,1,1.0,1.0,1.0,0.0
after,cuda:0,1773,1,1.0,1.0,1.0,0.0
after,cuda:0,1774,1,1.0,1.0,1.0,0.0
after,cuda:0,1775,1,1.0,1.0,1.0,0.0
after,cuda:0,1776,1,1.0,1.0,1.0,0.0
after,cuda:0,1777,1,1.0,1.0,1.0,0.0
after,cuda:0,1778,1,1.0,1.0,1.0,0.0
after,cuda:0,1779,1,1.0,1.0,1.0,0.0
after,cuda:0,1780,1,1.0,1.0,1.0,0.0
after,cuda:0,1781,1,1.0,1.0,1.0,0.0
after,cuda:0,1782,1,1.0,1.0,1.0,0.0
after,cuda:0,1783,1,1.0,1.0,1.0,0.0
after,cuda:0,1784,1,1.0,1.0,1.0,0.0
after,cuda:0,1785,1,1.0,1.0,1.0,0.0
after,cuda:0,1786,1,1.0,1.0,1.0,0.0
after,cuda:0,1787,1,1.0,1.0,1.0,0.0
after,cuda:0,1788,1,1.0,1.0,1.0,0.0
after,cuda:0,1789,1,1.0,1.0,1.0,0.0
after,cuda:0,1790,1,1.0,1.0,1.0,0.0
after,cuda:0,1791,1,1.0,1.0,1.0,0.0
after,cuda:0,1792,1,1.0,1.0,1.0,0.0
after,cuda:0,1793,1,1.0,1.0,1.0,0.0
after,cuda:0,1794,1,1.0,1.0,1.0,0.0
after,cuda:0,1795,1,1.0,1.0,1.0,0.0
after,cuda:0,1796,1,1.0,1.0,1.0,0.0
after,cuda:0,1797,1,1.0,1.0,1.0,0.0
after,cuda:0,1798,1,1.0,1.0,1.0,0.0
after,cuda:0,1799,1,1.0,1.0,1.0,0.0
after,cuda:0,1800,1,1.0,1.0,1.0,0.0
after,cuda:0,1801,1,1.0,1.0,1.0,0.0
after,cuda:0,1802,1,1.0,1.0,1.0,0.0
after,cuda:0,1803,1,1.0,1.0,1.0,0.0
after,cuda:0,1804,1,1.0,1.0,1.0,0.0
after,cuda:0,1805,1,1.0,1.0,1.0,0.0
after,cuda:0,1806,1,1.0,1.0,1.0,0.0
after,cuda:0,1807,1,1.0,1.0,1.0,0.0
after,cuda:0,1808,1,1.0,1.0,1.0,0.0
after,cuda:0,1809,1,1.0,1.0,1.0,0.0
after,cuda:0,1810,1,1.0,1.0,1.0,0.0
after,cuda:0,1811,1,1.0,1.0,1.0,0.0
after,cuda:0,1812,1,1.0,1.0,1.0,0.0
after,cuda:0,1813,1,1.0,1.0,1.0,0.0
after,cuda:0,1814,1,1.0,1.0,1.0,0.0
after,cuda:0,1815,1,1.0,1.0,1.0,0.0
after,cuda:0,1816,1,1.0,1.0,1.0,0.0
after,cuda:0,1817,1,1.0,1.0,1.0,0.0
after,cuda:0,1818,1,1.0,1.0,1.0,0.0
after,cuda:0,1819,1,1.0,1.0,1.0,0.0
after,cuda:0,1820,1,1.0,1.0,1.0,0.0
after,cuda:0,1821,1,1.0,1.0,1.0,0.0
after,cuda:0,1822,1,1.0,1.0,1.0,0.0
after,cuda:0,1823,1,1.0,1.0,1.0,0.0
after,cuda:0,1824,1,1.0,1.0,1.0,0.0
after,cuda:0,1825,1,1.0,1.0,1.0,0.0
after,cuda:0,1826,1,1.0,1.0,1.0,0.0
after,cuda:0,1827,1,1.0,1.0,1.0,0.0
after,cuda:0,1828,1,1.0,1.0,1.0,0.0
after,cuda:0,1829,1,1.0,1.0,1.0,0.0
after,cuda:0,1830,1,1.0,1.0,1.0,0.0
after,cuda:0,1831,1,1.0,1.0,1.0,0.0
after,cuda:0,1832,1,1.0,1.0,1.0,0.0
after,cuda:0,1833,1,1.0,1.0,1.0,0.0
after,cuda:0,1834,1,1.0,1.0,1.0,0.0
after,cuda:0,1835,1,1.0,1.0,1.0,0.0
after,cuda:0,1836,1,1.0,1.0,1.0,0.0
after,cuda:0,1837,1,1.0,1.0,1.0,0.0
after,cuda:0,1838,1,1.0,1.0,1.0,0.0
after,cuda:0,1839,1,1.0,1.0,1.0,0.0
after,cuda:0,1840,1,1.0,1.0,1.0,0.0
after,cuda:0,1841,1,1.0,1.0,1.0,0.0
after,cuda:0,1842,1,1.0,1.0,1.0,0.0
after,cuda:0,1843,1,1.0,1.0,1.0,0.0
after,cuda:0,1844,1,1.0,1.0,1.0,0.0
after,cuda:0,1845,1,1.0,1.0,1.0,0.0
after,cuda:0,1846,1,1.0,1.0,1.0,0.0
after,cuda:0,1847,1,1.0,1.0,1.0,0.0
after,cuda:0,1848,1,1.0,1.0,1.0,0.0
after,cuda:0,1849,1,1.0,1.0,1.0,0.0
after,cuda:0,1850,1,1.0,1.0,1.0,0.0
after,cuda:0,1851,1,1.0,1.0,1.0,0.0
after,cuda:0,1852,1,1.0,1.0,1.0,0.0
after,cuda:0,1853,1,1.0,1.0,1.0,0.0
after,cuda:0,1854,1,1.0,1.0,1.0,0.0
after,cuda:0,1855,1,1.0,1.0,1.0,0.0
after,cuda:0,1856,1,1.0,1.0,1.0,0.0
after,cuda:0,1857,1,1.0,1.0,1.0,0.0
after,cuda:0,1858,1,1.0,1.0,1.0,0.0
after,cuda:0,1859,1,1.0,1.0,1.0,0.0
after,cuda:0,1860,1,1.0,1.0,1.0,0.0
after,cuda:0,1861,1,1.0,1.0,1.0,0.0
after,cuda:0,1862,1,1.0,1.0,1.0,0.0
after,cuda:0,1863,1,1.0,1.0,1.0,0.0
after,cuda:0,1864,1,1.0,1.0,1.0,0.0
after,cuda:0,1865,1,1.0,1.0,1.0,0.0
after,cuda:0,1866,1,1.0,1.0,1.0,0.0
after,cuda:0,1867,1,1.0,1.0,1.0,0.0
after,cuda:0,1868,1,1.0,1.0,1.0,0.0
after,cuda:0,1869,1,1.0,1.0,1.0,0.0
after,cuda:0,1870,1,1.0,1.0,1.0,0.0
after,cuda:0,1871,1,1.0,1.0,1.0,0.0
after,cuda:0,1872,1,1.0,1.0,1.0,0.0
after,cuda:0,1873,1,1.0,1.0,1.0,0.0
after,cuda:0,1874,1,1.0,1.0,1.0,0.0
after,cuda:0,1875,1,1.0,1.0,1.0,0.0
after,cuda:0,1876,1,1.0,1.0,1.0,0.0
after,cuda:0,1877,1,1.0,1.0,1.0,0.0
after,cuda:0,1878,1,1.0,1.0,1.0,0.0
after,cuda:0,1879,1,1.0,1.0,1.0,0.0
after,cuda:0,1880,1,1.0,1.0,1.0,0.0
after,cuda:0,1881,1,1.0,1.0,1.0,0.0
after,cuda:0,1882,1,1.0,1.0,1.0,0.0
after,cuda:0,1883,1,1.0,1.0,1.0,0.0
after,cuda:0,1884,1,1.0,1.0,1.0,0.0
after,cuda:0,1885,1,1.0,1.0,1.0,0.0
after,cuda:0,1886,1,1.0,1.0,1.0,0.0
after,cuda:0,1887,1,1.0,1.0,1.0,0.0
after,cuda:0,1888,1,1.0,1.0,1.0,0.0
after,cuda:0,1889,1,1.0,1.0,1.0,0.0
after,cuda:0,1890,1,1.0,1.0,1.0,0.0
after,cuda:0,1891,1,1.0,1.0,1.0,0.0
after,cuda:0,1892,1,1.0,1.0,1.0,0.0
after,cuda:0,1893,1,1.0,1.0,1.0,0.0
after,cuda:0,1894,1,1.0,1.0,1.0,0.0
after,cuda:0,1895,1,1.0,1.0,1.0,0.0
after,cuda:0,1896,1,1.0,1.0,1.0,0.0
after,cuda:0,1897,1,1.0,1.0,1.0,0.0
after,cuda:0,1898,1,1.0,1.0,1.0,0.0
after,cuda:0,1899,1,1.0,1.0,1.0,0.0
after,cuda:0,1900,1,1.0,1.0,1.0,0.0
after,cuda:0,1901,1,1.0,1.0,1.0,0.0
after,cuda:0,1902,1,1.0,1.0,1.0,0.0
after,cuda:0,1903,1,1.0,1.0,1.0,0.0
after,cuda:0,1904,1,1.0,1.0,1.0,0.0
after,cuda:0,1905,1,1.0,1.0,1.0,0.0
after,cuda:0,1906,1,1.0,1.0,1.0,0.0
after,cuda:0,1907,1,1.0,1.0,1.0,0.0
after,cuda:0,1908,1,1.0,1.0,1.0,0.0
after,cuda:0,1909,1,1.0,1.0,1.0,0.0
after,cuda:0,1910,1,1.0,1.0,1.0,0.0
after,cuda:0,1911,1,1.0,1.0,1.0,0.0
after,cuda:0,1912,1,1.0,1.0,1.0,0.0
after,cuda:0,1913,1,1.0,1.0,1.0,0.0
after,cuda:0,1914,1,1.0,1.0,1.0,0.0
after,cuda:0,1915,1,1.0,1.0,1.0,0.0
after,cuda:0,1916,1,1.0,1.0,1.0,0.0
after,cuda:0,1917,1,1.0,1.0,1.0,0.0
after,cuda:0,1918,1,1.0,1.0,1.0,0.0
after,cuda:0,1919,1,1.0,1.0,1.0,0.0
after,cuda:0,1920,1,1.0,1.0,1.0,0.0
after,cuda:0,1921,1,1.0,1.0,1.0,0.0
after,cuda:0,1922,1,1.0,1.0,1.0,0.0
after,cuda:0,1923,1,1.0,1.0,1.0,0.0
after,cuda:0,1924,1,1.0,1.0,1.0,0.0
after,cuda:0,1925,1,1.0,1.0,1.0,0.0
after,cuda:0,1926,1,1.0,1.0,1.0,0.0
after,cuda:0,1927,1,1.0,1.0,1.0,0.0
after,cuda:0,1928,1,1.0,1.0,1.0,0.0
after,cuda:0,1929,1,1.0,1.0,1.0,0.0
after,cuda:0,1930,1,1.0,1.0,1.0,0.0
after,cuda:0,1931,1,1.0,1.0,1.0,0.0
after,cuda:0,1932,1,1.0,1.0,1.0,0.0
after,cuda:0,1933,1,1.0,1.0,1.0,0.0
after,cuda:0,1934,1,1.0,1.0,1.0,0.0
after,cuda:0,1935,1,1.0,1.0,1.0,0.0
after,cuda:0,1936,1,1.0,1.0,1.0,0.0
after,cuda:0,1937,1,1.0,1.0,1.0,0.0
after,cuda:0,1938,1,1.0,1.0,1.0,0.0
after,cuda:0,1939,1,1.0,1.0,1.0,0.0
after,cuda:0,1940,1,1.0,1.0,1.0,0.0
after,cuda:0,1941,1,1.0,1.0,1.0,0.0
after,cuda:0,1942,1,1.0,1.0,1.0,0.0
after,cuda:0,1943,1,1.0,1.0,1.0,0.0
after,cuda:0,1944,1,1.0,1.0,1.0,0.0
after,cuda:0,1945,1,1.0,1.0,1.0,0.0
after,cuda:0,1946,1,1.0,1.0,1.0,0.0
after,cuda:0,1947,1,1.0,1.0,1.0,0.0
after,cuda:0,1948,1,1.0,1.0,1.0,0.0
after,cuda:0,1949,1,1.0,1.0,1.0,0.0
after,cuda:0,1950,1,1.0,1.0,1.0,0.0
after,cuda:0,1951,1,1.0,1.0,1.0,0.0
after,cuda:0,1952,1,1.0,1.0,1.0,0.0
after,cuda:0,1953,1,1.0,1.0,1.0,0.0
after,cuda:0,1954,1,1.0,1.0,1.0,0.0
after,cuda:0,1955,1,1.0,1.0,1.0,0.0
after,cuda:0,1956,1,1.0,1.0,1.0,0.0
after,cuda:0,1957,1,1.0,1.0,1.0,0.0
after,cuda:0,1958,1,1.0,1.0,1.0,0.0
after,cuda:0,1959,1,1.0,1.0,1.0,0.0
after,cuda:0,1960,1,1.0,1.0,1.0,0.0
after,cuda:0,1961,1,1.0,1.0,1.0,0.0
after,cuda:0,1962,1,1.0,1.0,1.0,0.0
after,cuda:0,1963,1,1.0,1.0,1.0,0.0
after,cuda:0,1964,1,1.0,1.0,1.0,0.0
after,cuda:0,1965,1,1.0,1.0,1.0,0.0
after,cuda:0,1966,1,1.0,1.0,1.0,0.0
after,cuda:0,1967,1,1.0,1.0,1.0,0.0
after,cuda:0,1968,1,1.0,1.0,1.0,0.0
after,cuda:0,1969,1,1.0,1.0,1.0,0.0
after,cuda:0,1970,1,1.0,1.0,1.0,0.0
after,cuda:0,1971,1,1.0,1.0,1.0,0.0
after,cuda:0,1972,1,1.0,1.0,1.0,0.0
after,cuda:0,1973,1,1.0,1.0,1.0,0.0
after,cuda:0,1974,1,1.0,1.0,1.0,0.0
after,cuda:0,1975,1,1.0,1.0,1.0,0.0
after,cuda:0,1976,1,1.0,1.0,1.0,0.0
after,cuda:0,1977,1,1.0,1.0,1.0,0.0
after,cuda:0,1978,1,1.0,1.0,1.0,0.0
after,cuda:0,1979,1,1.0,1.0,1.0,0.0
after,cuda:0,1980,1,1.0,1.0,1.0,0.0
after,cuda:0,1981,1,1.0,1.0,1.0,0.0
after,cuda:0,1982,1,1.0,1.0,1.0,0.0
after,cuda:0,1983,1,1.0,1.0,1.0,0.0
after,cuda:0,1984,1,1.0,1.0,1.0,0.0
after,cuda:0,1985,1,1.0,1.0,1.0,0.0
after,cuda:0,1986,1,1.0,1.0,1.0,0.0
after,cuda:0,1987,1,1.0,1.0,1.0,0.0
after,cuda:0,1988,1,1.0,1.0,1.0,0.0
after,cuda:0,1989,1,1.0,1.0,1.0,0.0
after,cuda:0,1990,1,1.0,1.0,1.0,0.0
after,cuda:0,1991,1,1.0,1.0,1.0,0.0
after,cuda:0,1992,1,1.0,1.0,1.0,0.0
after,cuda:0,1993,1,1.0,1.0,1.0,0.0
after,cuda:0,1994,1,1.0,1.0,1.0,0.0
after,cuda:0,1995,1,1.0,1.0,1.0,0.0
after,cuda:0,1996,1,1.0,1.0,1.0,0.0
after,cuda:0,1997,1,1.0,1.0,1.0,0.0
after,cuda:0,1998,1,1.0,1.0,1.0,0.0
after,cuda:0,1999,1,1.0,1.0,1.0,0.0
after,cuda:0,2000,1,1.0,1.0,1.0,0.0
after,cuda:0,2001,1,1.0,1.0,1.0,0.0
after,cuda:0,2002,1,1.0,1.0,1.0,0.0
after,cuda:0,2003,1,1.0,1.0,1.0,0.0
after,cuda:0,2004,1,1.0,1.0,1.0,0.0
after,cuda:0,2005,1,1.0,1.0,1.0,0.0
after,cuda:0,2006,1,1.0,1.0,1.0,0.0
after,cuda:0,2007,1,1.0,1.0,1.0,0.0
after,cuda:0,2008,1,1.0,1.0,1.0,0.0
after,cuda:0,2009,1,1.0,1.0,1.0,0.0
after,cuda:0,2010,1,1.0,1.0,1.0,0.0
after,cuda:0,2011,1,1.0,1.0,1.0,0.0
after,cuda:0,2012,1,1.0,1.0,1.0,0.0
after,cuda:0,2013,1,1.0,1.0,1.0,0.0
after,cuda:0,2014,1,1.0,1.0,1.0,0.0
after,cuda:0,2015,1,1.0,1.0,1.0,0.0
after,cuda:0,2016,1,1.0,1.0,1.0,0.0
after,cuda:0,2017,1,1.0,1.0,1.0,0.0
after,cuda:0,2018,1,1.0,1.0,1.0,0.0
after,cuda:0,2019,1,1.0,1.0,1.0,0.0
after,cuda:0,2020,1,1.0,1.0,1.0,0.0
after,cuda:0,2021,1,1.0,1.0,1.0,0.0
after,cuda:0,2022,1,1.0,1.0,1.0,0.0
after,cuda:0,2023,1,1.0,1.0,1.0,0.0
after,cuda:0,2024,1,1.0,1.0,1.0,0.0
after,cuda:0,2025,1,1.0,1.0,1.0,0.0
after,cuda:0,2026,1,1.0,1.0,1.0,0.0
after,cuda:0,2027,1,1.0,1.0,1.0,0.0
after,cuda:0,2028,1,1.0,1.0,1.0,0.0
after,cuda:0,2029,1,1.0,1.0,1.0,0.0
after,cuda:0,2030,1,1.0,1.0,1.0,0.0
after,cuda:0,2031,1,1.0,1.0,1.0,0.0
after,cuda:0,2032,1,1.0,1.0,1.0,0.0
after,cuda:0,2033,1,1.0,1.0,1.0,0.0
after,cuda:0,2034,1,1.0,1.0,1.0,0.0
after,cuda:0,2035,1,1.0,1.0,1.0,0.0
after,cuda:0,2036,1,1.0,1.0,1.0,0.0
after,cuda:0,2037,1,1.0,1.0,1.0,0.0
after,cuda:0,2038,1,1.0,1.0,1.0,0.0
after,cuda:0,2039,1,1.0,1.0,1.0,0.0
after,cuda:0,2040,1,1.0,1.0,1.0,0.0
after,cuda:0,2041,1,1.0,1.0,1.0,0.0
after,cuda:0,2042,1,1.0,1.0,1.0,0.0
after,cuda:0,2043,1,1.0,1.0,1.0,0.0
after,cuda:0,2044,1,1.0,1.0,1.0,0.0
after,cuda:0,2045,1,1.0,1.0,1.0,0.0
after,cuda:0,2046,1,1.0,1.0,1.0,0.0
after,cuda:0,2047,1,1.0,1.0,1.0,0.0
after,cuda:1,0,1,1.0,1.0,1.0,0.0
after,cuda:1,1,1,1.0,1.0,1.0,0.0
after,cuda:1,2,1,1.0,1.0,1.0,0.0
after,cuda:1,3,1,1.0,1.0,1.0,0.0
after,cuda:1,4,1,1.0,1.0,1.0,0.0
after,cuda:1,5,1,1.0,1.0,1.0,0.0
after,cuda:1,6,1,1.0,1.0,1.0,0.0
after,cuda:1,7,1,1.0,1.0,1.0,0.0
after,cuda:1,8,1,1.0,1.0,1.0,0.0
after,cuda:1,9,1,1.0,1.0,1.0,0.0
after,cuda:1,10,1,1.0,1.0,1.0,0.0
after,cuda:1,11,1,1.0,1.0,1.0,0.0
after,cuda:1,12,1,1.0,1.0,1.0,0.0
after,cuda:1,13,1,1.0,1.0,1.0,0.0
after,cuda:1,14,1,1.0,1.0,1.0,0.0
after,cuda:1,15,1,1.0,1.0,1.0,0.0
after,cuda:1,16,1,1.0,1.0,1.0,0.0
after,cuda:1,17,1,1.0,1.0,1.0,0.0
after,cuda:1,18,1,1.0,1.0,1.0,0.0
after,cuda:1,19,1,1.0,1.0,1.0,0.0
after,cuda:1,20,1,1.0,1.0,1.0,0.0
after,cuda:1,21,1,1.0,1.0,1.0,0.0
after,cuda:1,22,1,1.0,1.0,1.0,0.0
after,cuda:1,23,1,1.0,1.0,1.0,0.0
after,cuda:1,24,1,1.0,1.0,1.0,0.0
after,cuda:1,25,1,1.0,1.0,1.0,0.0
after,cuda:1,26,1,1.0,1.0,1.0,0.0
after,cuda:1,27,1,1.0,1.0,1.0,0.0
after,cuda:1,28,1,1.0,1.0,1.0,0.0
after,cuda:1,29,1,1.0,1.0,1.0,0.0
after,cuda:1,30,1,1.0,1.0,1.0,0.0
after,cuda:1,31,1,1.0,1.0,1.0,0.0
after,cuda:1,32,1,1.0,1.0,1.0,0.0
after,cuda:1,33,1,1.0,1.0,1.0,0.0
after,cuda:1,34,1,1.0,1.0,1.0,0.0
after,cuda:1,35,1,1.0,1.0,1.0,0.0
after,cuda:1,36,1,1.0,1.0,1.0,0.0
after,cuda:1,37,1,1.0,1.0,1.0,0.0
after,cuda:1,38,1,1.0,1.0,1.0,0.0
after,cuda:1,39,1,1.0,1.0,1.0,0.0
after,cuda:1,40,1,1.0,1.0,1.0,0.0
after,cuda:1,41,1,1.0,1.0,1.0,0.0
after,cuda:1,42,1,1.0,1.0,1.0,0.0
after,cuda:1,43,1,1.0,1.0,1.0,0.0
after,cuda:1,44,1,1.0,1.0,1.0,0.0
after,cuda:1,45,1,1.0,1.0,1.0,0.0
after,cuda:1,46,1,1.0,1.0,1.0,0.0
after,cuda:1,47,1,1.0,1.0,1.0,0.0
after,cuda:1,48,1,1.0,1.0,1.0,0.0
after,cuda:1,49,1,1.0,1.0,1.0,0.0
after,cuda:1,50,1,1.0,1.0,1.0,0.0
after,cuda:1,51,1,1.0,1.0,1.0,0.0
after,cuda:1,52,1,1.0,1.0,1.0,0.0
after,cuda:1,53,1,1.0,1.0,1.0,0.0
after,cuda:1,54,1,1.0,1.0,1.0,0.0
after,cuda:1,55,1,1.0,1.0,1.0,0.0
after,cuda:1,56,1,1.0,1.0,1.0,0.0
after,cuda:1,57,1,1.0,1.0,1.0,0.0
after,cuda:1,58,1,1.0,1.0,1.0,0.0
after,cuda:1,59,1,1.0,1.0,1.0,0.0
after,cuda:1,60,1,1.0,1.0,1.0,0.0
after,cuda:1,61,1,1.0,1.0,1.0,0.0
after,cuda:1,62,1,1.0,1.0,1.0,0.0
after,cuda:1,63,1,1.0,1.0,1.0,0.0
after,cuda:1,64,1,1.0,1.0,1.0,0.0
after,cuda:1,65,1,1.0,1.0,1.0,0.0
after,cuda:1,66,1,1.0,1.0,1.0,0.0
after,cuda:1,67,1,1.0,1.0,1.0,0.0
after,cuda:1,68,1,1.0,1.0,1.0,0.0
after,cuda:1,69,1,1.0,1.0,1.0,0.0
after,cuda:1,70,1,1.0,1.0,1.0,0.0
after,cuda:1,71,1,1.0,1.0,1.0,0.0
after,cuda:1,72,1,1.0,1.0,1.0,0.0
after,cuda:1,73,1,1.0,1.0,1.0,0.0
after,cuda:1,74,1,1.0,1.0,1.0,0.0
after,cuda:1,75,1,1.0,1.0,1.0,0.0
after,cuda:1,76,1,1.0,1.0,1.0,0.0
after,cuda:1,77,1,1.0,1.0,1.0,0.0
after,cuda:1,78,1,1.0,1.0,1.0,0.0
after,cuda:1,79,1,1.0,1.0,1.0,0.0
after,cuda:1,80,1,1.0,1.0,1.0,0.0
after,cuda:1,81,1,1.0,1.0,1.0,0.0
after,cuda:1,82,1,1.0,1.0,1.0,0.0
after,cuda:1,83,1,1.0,1.0,1.0,0.0
after,cuda:1,84,1,1.0,1.0,1.0,0.0
after,cuda:1,85,1,1.0,1.0,1.0,0.0
after,cuda:1,86,1,1.0,1.0,1.0,0.0
after,cuda:1,87,1,1.0,1.0,1.0,0.0
after,cuda:1,88,1,1.0,1.0,1.0,0.0
after,cuda:1,89,1,1.0,1.0,1.0,0.0
after,cuda:1,90,1,1.0,1.0,1.0,0.0
after,cuda:1,91,1,1.0,1.0,1.0,0.0
after,cuda:1,92,1,1.0,1.0,1.0,0.0
after,cuda:1,93,1,1.0,1.0,1.0,0.0
after,cuda:1,94,1,1.0,1.0,1.0,0.0
after,cuda:1,95,1,1.0,1.0,1.0,0.0
after,cuda:1,96,1,1.0,1.0,1.0,0.0
after,cuda:1,97,1,1.0,1.0,1.0,0.0
after,cuda:1,98,1,1.0,1.0,1.0,0.0
after,cuda:1,99,1,1.0,1.0,1.0,0.0
after,cuda:1,100,1,1.0,1.0,1.0,0.0
after,cuda:1,101,1,1.0,1.0,1.0,0.0
after,cuda:1,102,1,1.0,1.0,1.0,0.0
after,cuda:1,103,1,1.0,1.0,1.0,0.0
after,cuda:1,104,1,1.0,1.0,1.0,0.0
after,cuda:1,105,1,1.0,1.0,1.0,0.0
after,cuda:1,106,1,1.0,1.0,1.0,0.0
after,cuda:1,107,1,1.0,1.0,1.0,0.0
after,cuda:1,108,1,1.0,1.0,1.0,0.0
after,cuda:1,109,1,1.0,1.0,1.0,0.0
after,cuda:1,110,1,1.0,1.0,1.0,0.0
after,cuda:1,111,1,1.0,1.0,1.0,0.0
after,cuda:1,112,1,1.0,1.0,1.0,0.0
after,cuda:1,113,1,1.0,1.0,1.0,0.0
after,cuda:1,114,1,1.0,1.0,1.0,0.0
after,cuda:1,115,1,1.0,1.0,1.0,0.0
after,cuda:1,116,1,1.0,1.0,1.0,0.0
after,cuda:1,117,1,1.0,1.0,1.0,0.0
after,cuda:1,118,1,1.0,1.0,1.0,0.0
after,cuda:1,119,1,1.0,1.0,1.0,0.0
after,cuda:1,120,1,1.0,1.0,1.0,0.0
after,cuda:1,121,1,1.0,1.0,1.0,0.0
after,cuda:1,122,1,1.0,1.0,1.0,0.0
after,cuda:1,123,1,1.0,1.0,1.0,0.0
after,cuda:1,124,1,1.0,1.0,1.0,0.0
after,cuda:1,125,1,1.0,1.0,1.0,0.0
after,cuda:1,126,1,1.0,1.0,1.0,0.0
after,cuda:1,127,1,1.0,1.0,1.0,0.0
after,cuda:1,128,1,1.0,1.0,1.0,0.0
after,cuda:1,129,1,1.0,1.0,1.0,0.0
after,cuda:1,130,1,1.0,1.0,1.0,0.0
after,cuda:1,131,1,1.0,1.0,1.0,0.0
after,cuda:1,132,1,1.0,1.0,1.0,0.0
after,cuda:1,133,1,1.0,1.0,1.0,0.0
after,cuda:1,134,1,1.0,1.0,1.0,0.0
after,cuda:1,135,1,1.0,1.0,1.0,0.0
after,cuda:1,136,1,1.0,1.0,1.0,0.0
after,cuda:1,137,1,1.0,1.0,1.0,0.0
after,cuda:1,138,1,1.0,1.0,1.0,0.0
after,cuda:1,139,1,1.0,1.0,1.0,0.0
after,cuda:1,140,1,1.0,1.0,1.0,0.0
after,cuda:1,141,1,1.0,1.0,1.0,0.0
after,cuda:1,142,1,1.0,1.0,1.0,0.0
after,cuda:1,143,1,1.0,1.0,1.0,0.0
after,cuda:1,144,1,1.0,1.0,1.0,0.0
after,cuda:1,145,1,1.0,1.0,1.0,0.0
after,cuda:1,146,1,1.0,1.0,1.0,0.0
after,cuda:1,147,1,1.0,1.0,1.0,0.0
after,cuda:1,148,1,1.0,1.0,1.0,0.0
after,cuda:1,149,1,1.0,1.0,1.0,0.0
after,cuda:1,150,1,1.0,1.0,1.0,0.0
after,cuda:1,151,1,1.0,1.0,1.0,0.0
after,cuda:1,152,1,1.0,1.0,1.0,0.0
after,cuda:1,153,1,1.0,1.0,1.0,0.0
after,cuda:1,154,1,1.0,1.0,1.0,0.0
after,cuda:1,155,1,1.0,1.0,1.0,0.0
after,cuda:1,156,1,1.0,1.0,1.0,0.0
after,cuda:1,157,1,1.0,1.0,1.0,0.0
after,cuda:1,158,1,1.0,1.0,1.0,0.0
after,cuda:1,159,1,1.0,1.0,1.0,0.0
after,cuda:1,160,1,1.0,1.0,1.0,0.0
after,cuda:1,161,1,1.0,1.0,1.0,0.0
after,cuda:1,162,1,1.0,1.0,1.0,0.0
after,cuda:1,163,1,1.0,1.0,1.0,0.0
after,cuda:1,164,1,1.0,1.0,1.0,0.0
after,cuda:1,165,1,1.0,1.0,1.0,0.0
after,cuda:1,166,1,1.0,1.0,1.0,0.0
after,cuda:1,167,1,1.0,1.0,1.0,0.0
after,cuda:1,168,1,1.0,1.0,1.0,0.0
after,cuda:1,169,1,1.0,1.0,1.0,0.0
after,cuda:1,170,1,1.0,1.0,1.0,0.0
after,cuda:1,171,1,1.0,1.0,1.0,0.0
after,cuda:1,172,1,1.0,1.0,1.0,0.0
after,cuda:1,173,1,1.0,1.0,1.0,0.0
after,cuda:1,174,1,1.0,1.0,1.0,0.0
after,cuda:1,175,1,1.0,1.0,1.0,0.0
after,cuda:1,176,1,1.0,1.0,1.0,0.0
after,cuda:1,177,1,1.0,1.0,1.0,0.0
after,cuda:1,178,1,1.0,1.0,1.0,0.0
after,cuda:1,179,1,1.0,1.0,1.0,0.0
after,cuda:1,180,1,1.0,1.0,1.0,0.0
after,cuda:1,181,1,1.0,1.0,1.0,0.0
after,cuda:1,182,1,1.0,1.0,1.0,0.0
after,cuda:1,183,1,1.0,1.0,1.0,0.0
after,cuda:1,184,1,1.0,1.0,1.0,0.0
after,cuda:1,185,1,1.0,1.0,1.0,0.0
after,cuda:1,186,1,1.0,1.0,1.0,0.0
after,cuda:1,187,1,1.0,1.0,1.0,0.0
after,cuda:1,188,1,1.0,1.0,1.0,0.0
after,cuda:1,189,1,1.0,1.0,1.0,0.0
after,cuda:1,190,1,1.0,1.0,1.0,0.0
after,cuda:1,191,1,1.0,1.0,1.0,0.0
after,cuda:1,192,1,1.0,1.0,1.0,0.0
after,cuda:1,193,1,1.0,1.0,1.0,0.0
after,cuda:1,194,1,1.0,1.0,1.0,0.0
after,cuda:1,195,1,1.0,1.0,1.0,0.0
after,cuda:1,196,1,1.0,1.0,1.0,0.0
after,cuda:1,197,1,1.0,1.0,1.0,0.0
after,cuda:1,198,1,1.0,1.0,1.0,0.0
after,cuda:1,199,1,1.0,1.0,1.0,0.0
after,cuda:1,200,1,1.0,1.0,1.0,0.0
after,cuda:1,201,1,1.0,1.0,1.0,0.0
after,cuda:1,202,1,1.0,1.0,1.0,0.0
after,cuda:1,203,1,1.0,1.0,1.0,0.0
after,cuda:1,204,1,1.0,1.0,1.0,0.0
after,cuda:1,205,1,1.0,1.0,1.0,0.0
after,cuda:1,206,1,1.0,1.0,1.0,0.0
after,cuda:1,207,1,1.0,1.0,1.0,0.0
after,cuda:1,208,1,1.0,1.0,1.0,0.0
after,cuda:1,209,1,1.0,1.0,1.0,0.0
after,cuda:1,210,1,1.0,1.0,1.0,0.0
after,cuda:1,211,1,1.0,1.0,1.0,0.0
after,cuda:1,212,1,1.0,1.0,1.0,0.0
after,cuda:1,213,1,1.0,1.0,1.0,0.0
after,cuda:1,214,1,1.0,1.0,1.0,0.0
after,cuda:1,215,1,1.0,1.0,1.0,0.0
after,cuda:1,216,1,1.0,1.0,1.0,0.0
after,cuda:1,217,1,1.0,1.0,1.0,0.0
after,cuda:1,218,1,1.0,1.0,1.0,0.0
after,cuda:1,219,1,1.0,1.0,1.0,0.0
after,cuda:1,220,1,1.0,1.0,1.0,0.0
after,cuda:1,221,1,1.0,1.0,1.0,0.0
after,cuda:1,222,1,1.0,1.0,1.0,0.0
after,cuda:1,223,1,1.0,1.0,1.0,0.0
after,cuda:1,224,1,1.0,1.0,1.0,0.0
after,cuda:1,225,1,1.0,1.0,1.0,0.0
after,cuda:1,226,1,1.0,1.0,1.0,0.0
after,cuda:1,227,1,1.0,1.0,1.0,0.0
after,cuda:1,228,1,1.0,1.0,1.0,0.0
after,cuda:1,229,1,1.0,1.0,1.0,0.0
after,cuda:1,230,1,1.0,1.0,1.0,0.0
after,cuda:1,231,1,1.0,1.0,1.0,0.0
after,cuda:1,232,1,1.0,1.0,1.0,0.0
after,cuda:1,233,1,1.0,1.0,1.0,0.0
after,cuda:1,234,1,1.0,1.0,1.0,0.0
after,cuda:1,235,1,1.0,1.0,1.0,0.0
after,cuda:1,236,1,1.0,1.0,1.0,0.0
after,cuda:1,237,1,1.0,1.0,1.0,0.0
after,cuda:1,238,1,1.0,1.0,1.0,0.0
after,cuda:1,239,1,1.0,1.0,1.0,0.0
after,cuda:1,240,1,1.0,1.0,1.0,0.0
after,cuda:1,241,1,1.0,1.0,1.0,0.0
after,cuda:1,242,1,1.0,1.0,1.0,0.0
after,cuda:1,243,1,1.0,1.0,1.0,0.0
after,cuda:1,244,1,1.0,1.0,1.0,0.0
after,cuda:1,245,1,1.0,1.0,1.0,0.0
after,cuda:1,246,1,1.0,1.0,1.0,0.0
after,cuda:1,247,1,1.0,1.0,1.0,0.0
after,cuda:1,248,1,1.0,1.0,1.0,0.0
after,cuda:1,249,1,1.0,1.0,1.0,0.0
after,cuda:1,250,1,1.0,1.0,1.0,0.0
after,cuda:1,251,1,1.0,1.0,1.0,0.0
after,cuda:1,252,1,1.0,1.0,1.0,0.0
after,cuda:1,253,1,1.0,1.0,1.0,0.0
after,cuda:1,254,1,1.0,1.0,1.0,0.0
after,cuda:1,255,1,1.0,1.0,1.0,0.0
after,cuda:1,256,1,1.0,1.0,1.0,0.0
after,cuda:1,257,1,1.0,1.0,1.0,0.0
after,cuda:1,258,1,1.0,1.0,1.0,0.0
after,cuda:1,259,1,1.0,1.0,1.0,0.0
after,cuda:1,260,1,1.0,1.0,1.0,0.0
after,cuda:1,261,1,1.0,1.0,1.0,0.0
after,cuda:1,262,1,1.0,1.0,1.0,0.0
after,cuda:1,263,1,1.0,1.0,1.0,0.0
after,cuda:1,264,1,1.0,1.0,1.0,0.0
after,cuda:1,265,1,1.0,1.0,1.0,0.0
after,cuda:1,266,1,1.0,1.0,1.0,0.0
after,cuda:1,267,1,1.0,1.0,1.0,0.0
after,cuda:1,268,1,1.0,1.0,1.0,0.0
after,cuda:1,269,1,1.0,1.0,1.0,0.0
after,cuda:1,270,1,1.0,1.0,1.0,0.0
after,cuda:1,271,1,1.0,1.0,1.0,0.0
after,cuda:1,272,1,1.0,1.0,1.0,0.0
after,cuda:1,273,1,1.0,1.0,1.0,0.0
after,cuda:1,274,1,1.0,1.0,1.0,0.0
after,cuda:1,275,1,1.0,1.0,1.0,0.0
after,cuda:1,276,1,1.0,1.0,1.0,0.0
after,cuda:1,277,1,1.0,1.0,1.0,0.0
after,cuda:1,278,1,1.0,1.0,1.0,0.0
after,cuda:1,279,1,1.0,1.0,1.0,0.0
after,cuda:1,280,1,1.0,1.0,1.0,0.0
after,cuda:1,281,1,1.0,1.0,1.0,0.0
after,cuda:1,282,1,1.0,1.0,1.0,0.0
after,cuda:1,283,1,1.0,1.0,1.0,0.0
after,cuda:1,284,1,1.0,1.0,1.0,0.0
after,cuda:1,285,1,1.0,1.0,1.0,0.0
after,cuda:1,286,1,1.0,1.0,1.0,0.0
after,cuda:1,287,1,1.0,1.0,1.0,0.0
after,cuda:1,288,1,1.0,1.0,1.0,0.0
after,cuda:1,289,1,1.0,1.0,1.0,0.0
after,cuda:1,290,1,1.0,1.0,1.0,0.0
after,cuda:1,291,1,1.0,1.0,1.0,0.0
after,cuda:1,292,1,1.0,1.0,1.0,0.0
after,cuda:1,293,1,1.0,1.0,1.0,0.0
after,cuda:1,294,1,1.0,1.0,1.0,0.0
after,cuda:1,295,1,1.0,1.0,1.0,0.0
after,cuda:1,296,1,1.0,1.0,1.0,0.0
after,cuda:1,297,1,1.0,1.0,1.0,0.0
after,cuda:1,298,1,1.0,1.0,1.0,0.0
after,cuda:1,299,1,1.0,1.0,1.0,0.0
after,cuda:1,300,1,1.0,1.0,1.0,0.0
after,cuda:1,301,1,1.0,1.0,1.0,0.0
after,cuda:1,302,1,1.0,1.0,1.0,0.0
after,cuda:1,303,1,1.0,1.0,1.0,0.0
after,cuda:1,304,1,1.0,1.0,1.0,0.0
after,cuda:1,305,1,1.0,1.0,1.0,0.0
after,cuda:1,306,1,1.0,1.0,1.0,0.0
after,cuda:1,307,1,1.0,1.0,1.0,0.0
after,cuda:1,308,1,1.0,1.0,1.0,0.0
after,cuda:1,309,1,1.0,1.0,1.0,0.0
after,cuda:1,310,1,1.0,1.0,1.0,0.0
after,cuda:1,311,1,1.0,1.0,1.0,0.0
after,cuda:1,312,1,1.0,1.0,1.0,0.0
after,cuda:1,313,1,1.0,1.0,1.0,0.0
after,cuda:1,314,1,1.0,1.0,1.0,0.0
after,cuda:1,315,1,1.0,1.0,1.0,0.0
after,cuda:1,316,1,1.0,1.0,1.0,0.0
after,cuda:1,317,1,1.0,1.0,1.0,0.0
after,cuda:1,318,1,1.0,1.0,1.0,0.0
after,cuda:1,319,1,1.0,1.0,1.0,0.0
after,cuda:1,320,1,1.0,1.0,1.0,0.0
after,cuda:1,321,1,1.0,1.0,1.0,0.0
after,cuda:1,322,1,1.0,1.0,1.0,0.0
after,cuda:1,323,1,1.0,1.0,1.0,0.0
after,cuda:1,324,1,1.0,1.0,1.0,0.0
after,cuda:1,325,1,1.0,1.0,1.0,0.0
after,cuda:1,326,1,1.0,1.0,1.0,0.0
after,cuda:1,327,1,1.0,1.0,1.0,0.0
after,cuda:1,328,1,1.0,1.0,1.0,0.0
after,cuda:1,329,1,1.0,1.0,1.0,0.0
after,cuda:1,330,1,1.0,1.0,1.0,0.0
after,cuda:1,331,1,1.0,1.0,1.0,0.0
after,cuda:1,332,1,1.0,1.0,1.0,0.0
after,cuda:1,333,1,1.0,1.0,1.0,0.0
after,cuda:1,334,1,1.0,1.0,1.0,0.0
after,cuda:1,335,1,1.0,1.0,1.0,0.0
after,cuda:1,336,1,1.0,1.0,1.0,0.0
after,cuda:1,337,1,1.0,1.0,1.0,0.0
after,cuda:1,338,1,1.0,1.0,1.0,0.0
after,cuda:1,339,1,1.0,1.0,1.0,0.0
after,cuda:1,340,1,1.0,1.0,1.0,0.0
after,cuda:1,341,1,1.0,1.0,1.0,0.0
after,cuda:1,342,1,1.0,1.0,1.0,0.0
after,cuda:1,343,1,1.0,1.0,1.0,0.0
after,cuda:1,344,1,1.0,1.0,1.0,0.0
after,cuda:1,345,1,1.0,1.0,1.0,0.0
after,cuda:1,346,1,1.0,1.0,1.0,0.0
after,cuda:1,347,1,1.0,1.0,1.0,0.0
after,cuda:1,348,1,1.0,1.0,1.0,0.0
after,cuda:1,349,1,1.0,1.0,1.0,0.0
after,cuda:1,350,1,1.0,1.0,1.0,0.0
after,cuda:1,351,1,1.0,1.0,1.0,0.0
after,cuda:1,352,1,1.0,1.0,1.0,0.0
after,cuda:1,353,1,1.0,1.0,1.0,0.0
after,cuda:1,354,1,1.0,1.0,1.0,0.0
after,cuda:1,355,1,1.0,1.0,1.0,0.0
after,cuda:1,356,1,1.0,1.0,1.0,0.0
after,cuda:1,357,1,1.0,1.0,1.0,0.0
after,cuda:1,358,1,1.0,1.0,1.0,0.0
after,cuda:1,359,1,1.0,1.0,1.0,0.0
after,cuda:1,360,1,1.0,1.0,1.0,0.0
after,cuda:1,361,1,1.0,1.0,1.0,0.0
after,cuda:1,362,1,1.0,1.0,1.0,0.0
after,cuda:1,363,1,1.0,1.0,1.0,0.0
after,cuda:1,364,1,1.0,1.0,1.0,0.0
after,cuda:1,365,1,1.0,1.0,1.0,0.0
after,cuda:1,366,1,1.0,1.0,1.0,0.0
after,cuda:1,367,1,1.0,1.0,1.0,0.0
after,cuda:1,368,1,1.0,1.0,1.0,0.0
after,cuda:1,369,1,1.0,1.0,1.0,0.0
after,cuda:1,370,1,1.0,1.0,1.0,0.0
after,cuda:1,371,1,1.0,1.0,1.0,0.0
after,cuda:1,372,1,1.0,1.0,1.0,0.0
after,cuda:1,373,1,1.0,1.0,1.0,0.0
after,cuda:1,374,1,1.0,1.0,1.0,0.0
after,cuda:1,375,1,1.0,1.0,1.0,0.0
after,cuda:1,376,1,1.0,1.0,1.0,0.0
after,cuda:1,377,1,1.0,1.0,1.0,0.0
after,cuda:1,378,1,1.0,1.0,1.0,0.0
after,cuda:1,379,1,1.0,1.0,1.0,0.0
after,cuda:1,380,1,1.0,1.0,1.0,0.0
after,cuda:1,381,1,1.0,1.0,1.0,0.0
after,cuda:1,382,1,1.0,1.0,1.0,0.0
after,cuda:1,383,1,1.0,1.0,1.0,0.0
after,cuda:1,384,1,1.0,1.0,1.0,0.0
after,cuda:1,385,1,1.0,1.0,1.0,0.0
after,cuda:1,386,1,1.0,1.0,1.0,0.0
after,cuda:1,387,1,1.0,1.0,1.0,0.0
after,cuda:1,388,1,1.0,1.0,1.0,0.0
after,cuda:1,389,1,1.0,1.0,1.0,0.0
after,cuda:1,390,1,1.0,1.0,1.0,0.0
after,cuda:1,391,1,1.0,1.0,1.0,0.0
after,cuda:1,392,1,1.0,1.0,1.0,0.0
after,cuda:1,393,1,1.0,1.0,1.0,0.0
after,cuda:1,394,1,1.0,1.0,1.0,0.0
after,cuda:1,395,1,1.0,1.0,1.0,0.0
after,cuda:1,396,1,1.0,1.0,1.0,0.0
after,cuda:1,397,1,1.0,1.0,1.0,0.0
after,cuda:1,398,1,1.0,1.0,1.0,0.0
after,cuda:1,399,1,1.0,1.0,1.0,0.0
after,cuda:1,400,1,1.0,1.0,1.0,0.0
after,cuda:1,401,1,1.0,1.0,1.0,0.0
after,cuda:1,402,1,1.0,1.0,1.0,0.0
after,cuda:1,403,1,1.0,1.0,1.0,0.0
after,cuda:1,404,1,1.0,1.0,1.0,0.0
after,cuda:1,405,1,1.0,1.0,1.0,0.0
after,cuda:1,406,1,1.0,1.0,1.0,0.0
after,cuda:1,407,1,1.0,1.0,1.0,0.0
after,cuda:1,408,1,1.0,1.0,1.0,0.0
after,cuda:1,409,1,1.0,1.0,1.0,0.0
after,cuda:1,410,1,1.0,1.0,1.0,0.0
after,cuda:1,411,1,1.0,1.0,1.0,0.0
after,cuda:1,412,1,1.0,1.0,1.0,0.0
after,cuda:1,413,1,1.0,1.0,1.0,0.0
after,cuda:1,414,1,1.0,1.0,1.0,0.0
after,cuda:1,415,1,1.0,1.0,1.0,0.0
after,cuda:1,416,1,1.0,1.0,1.0,0.0
after,cuda:1,417,1,1.0,1.0,1.0,0.0
after,cuda:1,418,1,1.0,1.0,1.0,0.0
after,cuda:1,419,1,1.0,1.0,1.0,0.0
after,cuda:1,420,1,1.0,1.0,1.0,0.0
after,cuda:1,421,1,1.0,1.0,1.0,0.0
after,cuda:1,422,1,1.0,1.0,1.0,0.0
after,cuda:1,423,1,1.0,1.0,1.0,0.0
after,cuda:1,424,1,1.0,1.0,1.0,0.0
after,cuda:1,425,1,1.0,1.0,1.0,0.0
after,cuda:1,426,1,1.0,1.0,1.0,0.0
after,cuda:1,427,1,1.0,1.0,1.0,0.0
after,cuda:1,428,1,1.0,1.0,1.0,0.0
after,cuda:1,429,1,1.0,1.0,1.0,0.0
after,cuda:1,430,1,1.0,1.0,1.0,0.0
after,cuda:1,431,1,1.0,1.0,1.0,0.0
after,cuda:1,432,1,1.0,1.0,1.0,0.0
after,cuda:1,433,1,1.0,1.0,1.0,0.0
after,cuda:1,434,1,1.0,1.0,1.0,0.0
after,cuda:1,435,1,1.0,1.0,1.0,0.0
after,cuda:1,436,1,1.0,1.0,1.0,0.0
after,cuda:1,437,1,1.0,1.0,1.0,0.0
after,cuda:1,438,1,1.0,1.0,1.0,0.0
after,cuda:1,439,1,1.0,1.0,1.0,0.0
after,cuda:1,440,1,1.0,1.0,1.0,0.0
after,cuda:1,441,1,1.0,1.0,1.0,0.0
after,cuda:1,442,1,1.0,1.0,1.0,0.0
after,cuda:1,443,1,1.0,1.0,1.0,0.0
after,cuda:1,444,1,1.0,1.0,1.0,0.0
after,cuda:1,445,1,1.0,1.0,1.0,0.0
after,cuda:1,446,1,1.0,1.0,1.0,0.0
after,cuda:1,447,1,1.0,1.0,1.0,0.0
after,cuda:1,448,1,1.0,1.0,1.0,0.0
after,cuda:1,449,1,1.0,1.0,1.0,0.0
after,cuda:1,450,1,1.0,1.0,1.0,0.0
after,cuda:1,451,1,1.0,1.0,1.0,0.0
after,cuda:1,452,1,1.0,1.0,1.0,0.0
after,cuda:1,453,1,1.0,1.0,1.0,0.0
after,cuda:1,454,1,1.0,1.0,1.0,0.0
after,cuda:1,455,1,1.0,1.0,1.0,0.0
after,cuda:1,456,1,1.0,1.0,1.0,0.0
after,cuda:1,457,1,1.0,1.0,1.0,0.0
after,cuda:1,458,1,1.0,1.0,1.0,0.0
after,cuda:1,459,1,1.0,1.0,1.0,0.0
after,cuda:1,460,1,1.0,1.0,1.0,0.0
after,cuda:1,461,1,1.0,1.0,1.0,0.0
after,cuda:1,462,1,1.0,1.0,1.0,0.0
after,cuda:1,463,1,1.0,1.0,1.0,0.0
after,cuda:1,464,1,1.0,1.0,1.0,0.0
after,cuda:1,465,1,1.0,1.0,1.0,0.0
after,cuda:1,466,1,1.0,1.0,1.0,0.0
after,cuda:1,467,1,1.0,1.0,1.0,0.0
after,cuda:1,468,1,1.0,1.0,1.0,0.0
after,cuda:1,469,1,1.0,1.0,1.0,0.0
after,cuda:1,470,1,1.0,1.0,1.0,0.0
after,cuda:1,471,1,1.0,1.0,1.0,0.0
after,cuda:1,472,1,1.0,1.0,1.0,0.0
after,cuda:1,473,1,1.0,1.0,1.0,0.0
after,cuda:1,474,1,1.0,1.0,1.0,0.0
after,cuda:1,475,1,1.0,1.0,1.0,0.0
after,cuda:1,476,1,1.0,1.0,1.0,0.0
after,cuda:1,477,1,1.0,1.0,1.0,0.0
after,cuda:1,478,1,1.0,1.0,1.0,0.0
after,cuda:1,479,1,1.0,1.0,1.0,0.0
after,cuda:1,480,1,1.0,1.0,1.0,0.0
after,cuda:1,481,1,1.0,1.0,1.0,0.0
after,cuda:1,482,1,1.0,1.0,1.0,0.0
after,cuda:1,483,1,1.0,1.0,1.0,0.0
after,cuda:1,484,1,1.0,1.0,1.0,0.0
after,cuda:1,485,1,1.0,1.0,1.0,0.0
after,cuda:1,486,1,1.0,1.0,1.0,0.0
after,cuda:1,487,1,1.0,1.0,1.0,0.0
after,cuda:1,488,1,1.0,1.0,1.0,0.0
after,cuda:1,489,1,1.0,1.0,1.0,0.0
after,cuda:1,490,1,1.0,1.0,1.0,0.0
after,cuda:1,491,1,1.0,1.0,1.0,0.0
after,cuda:1,492,1,1.0,1.0,1.0,0.0
after,cuda:1,493,1,1.0,1.0,1.0,0.0
after,cuda:1,494,1,1.0,1.0,1.0,0.0
after,cuda:1,495,1,1.0,1.0,1.0,0.0
after,cuda:1,496,1,1.0,1.0,1.0,0.0
after,cuda:1,497,1,1.0,1.0,1.0,0.0
after,cuda:1,498,1,1.0,1.0,1.0,0.0
after,cuda:1,499,1,1.0,1.0,1.0,0.0
after,cuda:1,500,1,1.0,1.0,1.0,0.0
after,cuda:1,501,1,1.0,1.0,1.0,0.0
after,cuda:1,502,1,1.0,1.0,1.0,0.0
after,cuda:1,503,1,1.0,1.0,1.0,0.0
after,cuda:1,504,1,1.0,1.0,1.0,0.0
after,cuda:1,505,1,1.0,1.0,1.0,0.0
after,cuda:1,506,1,1.0,1.0,1.0,0.0
after,cuda:1,507,1,1.0,1.0,1.0,0.0
after,cuda:1,508,1,1.0,1.0,1.0,0.0
after,cuda:1,509,1,1.0,1.0,1.0,0.0
after,cuda:1,510,1,1.0,1.0,1.0,0.0
after,cuda:1,511,1,1.0,1.0,1.0,0.0
after,cuda:1,512,1,1.0,1.0,1.0,0.0
after,cuda:1,513,1,1.0,1.0,1.0,0.0
after,cuda:1,514,1,1.0,1.0,1.0,0.0
after,cuda:1,515,1,1.0,1.0,1.0,0.0
after,cuda:1,516,1,1.0,1.0,1.0,0.0
after,cuda:1,517,1,1.0,1.0,1.0,0.0
after,cuda:1,518,1,1.0,1.0,1.0,0.0
after,cuda:1,519,1,1.0,1.0,1.0,0.0
after,cuda:1,520,1,1.0,1.0,1.0,0.0
after,cuda:1,521,1,1.0,1.0,1.0,0.0
after,cuda:1,522,1,1.0,1.0,1.0,0.0
after,cuda:1,523,1,1.0,1.0,1.0,0.0
after,cuda:1,524,1,1.0,1.0,1.0,0.0
after,cuda:1,525,1,1.0,1.0,1.0,0.0
after,cuda:1,526,1,1.0,1.0,1.0,0.0
after,cuda:1,527,1,1.0,1.0,1.0,0.0
after,cuda:1,528,1,1.0,1.0,1.0,0.0
after,cuda:1,529,1,1.0,1.0,1.0,0.0
after,cuda:1,530,1,1.0,1.0,1.0,0.0
after,cuda:1,531,1,1.0,1.0,1.0,0.0
after,cuda:1,532,1,1.0,1.0,1.0,0.0
after,cuda:1,533,1,1.0,1.0,1.0,0.0
after,cuda:1,534,1,1.0,1.0,1.0,0.0
after,cuda:1,535,1,1.0,1.0,1.0,0.0
after,cuda:1,536,1,1.0,1.0,1.0,0.0
after,cuda:1,537,1,1.0,1.0,1.0,0.0
after,cuda:1,538,1,1.0,1.0,1.0,0.0
after,cuda:1,539,1,1.0,1.0,1.0,0.0
after,cuda:1,540,1,1.0,1.0,1.0,0.0
after,cuda:1,541,1,1.0,1.0,1.0,0.0
after,cuda:1,542,1,1.0,1.0,1.0,0.0
after,cuda:1,543,1,1.0,1.0,1.0,0.0
after,cuda:1,544,1,1.0,1.0,1.0,0.0
after,cuda:1,545,1,1.0,1.0,1.0,0.0
after,cuda:1,546,1,1.0,1.0,1.0,0.0
after,cuda:1,547,1,1.0,1.0,1.0,0.0
after,cuda:1,548,1,1.0,1.0,1.0,0.0
after,cuda:1,549,1,1.0,1.0,1.0,0.0
after,cuda:1,550,1,1.0,1.0,1.0,0.0
after,cuda:1,551,1,1.0,1.0,1.0,0.0
after,cuda:1,552,1,1.0,1.0,1.0,0.0
after,cuda:1,553,1,1.0,1.0,1.0,0.0
after,cuda:1,554,1,1.0,1.0,1.0,0.0
after,cuda:1,555,1,1.0,1.0,1.0,0.0
after,cuda:1,556,1,1.0,1.0,1.0,0.0
after,cuda:1,557,1,1.0,1.0,1.0,0.0
after,cuda:1,558,1,1.0,1.0,1.0,0.0
after,cuda:1,559,1,1.0,1.0,1.0,0.0
after,cuda:1,560,1,1.0,1.0,1.0,0.0
after,cuda:1,561,1,1.0,1.0,1.0,0.0
after,cuda:1,562,1,1.0,1.0,1.0,0.0
after,cuda:1,563,1,1.0,1.0,1.0,0.0
after,cuda:1,564,1,1.0,1.0,1.0,0.0
after,cuda:1,565,1,1.0,1.0,1.0,0.0
after,cuda:1,566,1,1.0,1.0,1.0,0.0
after,cuda:1,567,1,1.0,1.0,1.0,0.0
after,cuda:1,568,1,1.0,1.0,1.0,0.0
after,cuda:1,569,1,1.0,1.0,1.0,0.0
after,cuda:1,570,1,1.0,1.0,1.0,0.0
after,cuda:1,571,1,1.0,1.0,1.0,0.0
after,cuda:1,572,1,1.0,1.0,1.0,0.0
after,cuda:1,573,1,1.0,1.0,1.0,0.0
after,cuda:1,574,1,1.0,1.0,1.0,0.0
after,cuda:1,575,1,1.0,1.0,1.0,0.0
after,cuda:1,576,1,1.0,1.0,1.0,0.0
after,cuda:1,577,1,1.0,1.0,1.0,0.0
after,cuda:1,578,1,1.0,1.0,1.0,0.0
after,cuda:1,579,1,1.0,1.0,1.0,0.0
after,cuda:1,580,1,1.0,1.0,1.0,0.0
after,cuda:1,581,1,1.0,1.0,1.0,0.0
after,cuda:1,582,1,1.0,1.0,1.0,0.0
after,cuda:1,583,1,1.0,1.0,1.0,0.0
after,cuda:1,584,1,1.0,1.0,1.0,0.0
after,cuda:1,585,1,1.0,1.0,1.0,0.0
after,cuda:1,586,1,1.0,1.0,1.0,0.0
after,cuda:1,587,1,1.0,1.0,1.0,0.0
after,cuda:1,588,1,1.0,1.0,1.0,0.0
after,cuda:1,589,1,1.0,1.0,1.0,0.0
after,cuda:1,590,1,1.0,1.0,1.0,0.0
after,cuda:1,591,1,1.0,1.0,1.0,0.0
after,cuda:1,592,1,1.0,1.0,1.0,0.0
after,cuda:1,593,1,1.0,1.0,1.0,0.0
after,cuda:1,594,1,1.0,1.0,1.0,0.0
after,cuda:1,595,1,1.0,1.0,1.0,0.0
after,cuda:1,596,1,1.0,1.0,1.0,0.0
after,cuda:1,597,1,1.0,1.0,1.0,0.0
after,cuda:1,598,1,1.0,1.0,1.0,0.0
after,cuda:1,599,1,1.0,1.0,1.0,0.0
after,cuda:1,600,1,1.0,1.0,1.0,0.0
after,cuda:1,601,1,1.0,1.0,1.0,0.0
after,cuda:1,602,1,1.0,1.0,1.0,0.0
after,cuda:1,603,1,1.0,1.0,1.0,0.0
after,cuda:1,604,1,1.0,1.0,1.0,0.0
after,cuda:1,605,1,1.0,1.0,1.0,0.0
after,cuda:1,606,1,1.0,1.0,1.0,0.0
after,cuda:1,607,1,1.0,1.0,1.0,0.0
after,cuda:1,608,1,1.0,1.0,1.0,0.0
after,cuda:1,609,1,1.0,1.0,1.0,0.0
after,cuda:1,610,1,1.0,1.0,1.0,0.0
after,cuda:1,611,1,1.0,1.0,1.0,0.0
after,cuda:1,612,1,1.0,1.0,1.0,0.0
after,cuda:1,613,1,1.0,1.0,1.0,0.0
after,cuda:1,614,1,1.0,1.0,1.0,0.0
after,cuda:1,615,1,1.0,1.0,1.0,0.0
after,cuda:1,616,1,1.0,1.0,1.0,0.0
after,cuda:1,617,1,1.0,1.0,1.0,0.0
after,cuda:1,618,1,1.0,1.0,1.0,0.0
after,cuda:1,619,1,1.0,1.0,1.0,0.0
after,cuda:1,620,1,1.0,1.0,1.0,0.0
after,cuda:1,621,1,1.0,1.0,1.0,0.0
after,cuda:1,622,1,1.0,1.0,1.0,0.0
after,cuda:1,623,1,1.0,1.0,1.0,0.0
after,cuda:1,624,1,1.0,1.0,1.0,0.0
after,cuda:1,625,1,1.0,1.0,1.0,0.0
after,cuda:1,626,1,1.0,1.0,1.0,0.0
after,cuda:1,627,1,1.0,1.0,1.0,0.0
after,cuda:1,628,1,1.0,1.0,1.0,0.0
after,cuda:1,629,1,1.0,1.0,1.0,0.0
after,cuda:1,630,1,1.0,1.0,1.0,0.0
after,cuda:1,631,1,1.0,1.0,1.0,0.0
after,cuda:1,632,1,1.0,1.0,1.0,0.0
after,cuda:1,633,1,1.0,1.0,1.0,0.0
after,cuda:1,634,1,1.0,1.0,1.0,0.0
after,cuda:1,635,1,1.0,1.0,1.0,0.0
after,cuda:1,636,1,1.0,1.0,1.0,0.0
after,cuda:1,637,1,1.0,1.0,1.0,0.0
after,cuda:1,638,1,1.0,1.0,1.0,0.0
after,cuda:1,639,1,1.0,1.0,1.0,0.0
after,cuda:1,640,1,1.0,1.0,1.0,0.0
after,cuda:1,641,1,1.0,1.0,1.0,0.0
after,cuda:1,642,1,1.0,1.0,1.0,0.0
after,cuda:1,643,1,1.0,1.0,1.0,0.0
after,cuda:1,644,1,1.0,1.0,1.0,0.0
after,cuda:1,645,1,1.0,1.0,1.0,0.0
after,cuda:1,646,1,1.0,1.0,1.0,0.0
after,cuda:1,647,1,1.0,1.0,1.0,0.0
after,cuda:1,648,1,1.0,1.0,1.0,0.0
after,cuda:1,649,1,1.0,1.0,1.0,0.0
after,cuda:1,650,1,1.0,1.0,1.0,0.0
after,cuda:1,651,1,1.0,1.0,1.0,0.0
after,cuda:1,652,1,1.0,1.0,1.0,0.0
after,cuda:1,653,1,1.0,1.0,1.0,0.0
after,cuda:1,654,1,1.0,1.0,1.0,0.0
after,cuda:1,655,1,1.0,1.0,1.0,0.0
after,cuda:1,656,1,1.0,1.0,1.0,0.0
after,cuda:1,657,1,1.0,1.0,1.0,0.0
after,cuda:1,658,1,1.0,1.0,1.0,0.0
after,cuda:1,659,1,1.0,1.0,1.0,0.0
after,cuda:1,660,1,1.0,1.0,1.0,0.0
after,cuda:1,661,1,1.0,1.0,1.0,0.0
after,cuda:1,662,1,1.0,1.0,1.0,0.0
after,cuda:1,663,1,1.0,1.0,1.0,0.0
after,cuda:1,664,1,1.0,1.0,1.0,0.0
after,cuda:1,665,1,1.0,1.0,1.0,0.0
after,cuda:1,666,1,1.0,1.0,1.0,0.0
after,cuda:1,667,1,1.0,1.0,1.0,0.0
after,cuda:1,668,1,1.0,1.0,1.0,0.0
after,cuda:1,669,1,1.0,1.0,1.0,0.0
after,cuda:1,670,1,1.0,1.0,1.0,0.0
after,cuda:1,671,1,1.0,1.0,1.0,0.0
after,cuda:1,672,1,1.0,1.0,1.0,0.0
after,cuda:1,673,1,1.0,1.0,1.0,0.0
after,cuda:1,674,1,1.0,1.0,1.0,0.0
after,cuda:1,675,1,1.0,1.0,1.0,0.0
after,cuda:1,676,1,1.0,1.0,1.0,0.0
after,cuda:1,677,1,1.0,1.0,1.0,0.0
after,cuda:1,678,1,1.0,1.0,1.0,0.0
after,cuda:1,679,1,1.0,1.0,1.0,0.0
after,cuda:1,680,1,1.0,1.0,1.0,0.0
after,cuda:1,681,1,1.0,1.0,1.0,0.0
after,cuda:1,682,1,1.0,1.0,1.0,0.0
after,cuda:1,683,1,1.0,1.0,1.0,0.0
after,cuda:1,684,1,1.0,1.0,1.0,0.0
after,cuda:1,685,1,1.0,1.0,1.0,0.0
after,cuda:1,686,1,1.0,1.0,1.0,0.0
after,cuda:1,687,1,1.0,1.0,1.0,0.0
after,cuda:1,688,1,1.0,1.0,1.0,0.0
after,cuda:1,689,1,1.0,1.0,1.0,0.0
after,cuda:1,690,1,1.0,1.0,1.0,0.0
after,cuda:1,691,1,1.0,1.0,1.0,0.0
after,cuda:1,692,1,1.0,1.0,1.0,0.0
after,cuda:1,693,1,1.0,1.0,1.0,0.0
after,cuda:1,694,1,1.0,1.0,1.0,0.0
after,cuda:1,695,1,1.0,1.0,1.0,0.0
after,cuda:1,696,1,1.0,1.0,1.0,0.0
after,cuda:1,697,1,1.0,1.0,1.0,0.0
after,cuda:1,698,1,1.0,1.0,1.0,0.0
after,cuda:1,699,1,1.0,1.0,1.0,0.0
after,cuda:1,700,1,1.0,1.0,1.0,0.0
after,cuda:1,701,1,1.0,1.0,1.0,0.0
after,cuda:1,702,1,1.0,1.0,1.0,0.0
after,cuda:1,703,1,1.0,1.0,1.0,0.0
after,cuda:1,704,1,1.0,1.0,1.0,0.0
after,cuda:1,705,1,1.0,1.0,1.0,0.0
after,cuda:1,706,1,1.0,1.0,1.0,0.0
after,cuda:1,707,1,1.0,1.0,1.0,0.0
after,cuda:1,708,1,1.0,1.0,1.0,0.0
after,cuda:1,709,1,1.0,1.0,1.0,0.0
after,cuda:1,710,1,1.0,1.0,1.0,0.0
after,cuda:1,711,1,1.0,1.0,1.0,0.0
after,cuda:1,712,1,1.0,1.0,1.0,0.0
after,cuda:1,713,1,1.0,1.0,1.0,0.0
after,cuda:1,714,1,1.0,1.0,1.0,0.0
after,cuda:1,715,1,1.0,1.0,1.0,0.0
after,cuda:1,716,1,1.0,1.0,1.0,0.0
after,cuda:1,717,1,1.0,1.0,1.0,0.0
after,cuda:1,718,1,1.0,1.0,1.0,0.0
after,cuda:1,719,1,1.0,1.0,1.0,0.0
after,cuda:1,720,1,1.0,1.0,1.0,0.0
after,cuda:1,721,1,1.0,1.0,1.0,0.0
after,cuda:1,722,1,1.0,1.0,1.0,0.0
after,cuda:1,723,1,1.0,1.0,1.0,0.0
after,cuda:1,724,1,1.0,1.0,1.0,0.0
after,cuda:1,725,1,1.0,1.0,1.0,0.0
after,cuda:1,726,1,1.0,1.0,1.0,0.0
after,cuda:1,727,1,1.0,1.0,1.0,0.0
after,cuda:1,728,1,1.0,1.0,1.0,0.0
after,cuda:1,729,1,1.0,1.0,1.0,0.0
after,cuda:1,730,1,1.0,1.0,1.0,0.0
after,cuda:1,731,1,1.0,1.0,1.0,0.0
after,cuda:1,732,1,1.0,1.0,1.0,0.0
after,cuda:1,733,1,1.0,1.0,1.0,0.0
after,cuda:1,734,1,1.0,1.0,1.0,0.0
after,cuda:1,735,1,1.0,1.0,1.0,0.0
after,cuda:1,736,1,1.0,1.0,1.0,0.0
after,cuda:1,737,1,1.0,1.0,1.0,0.0
after,cuda:1,738,1,1.0,1.0,1.0,0.0
after,cuda:1,739,1,1.0,1.0,1.0,0.0
after,cuda:1,740,1,1.0,1.0,1.0,0.0
after,cuda:1,741,1,1.0,1.0,1.0,0.0
after,cuda:1,742,1,1.0,1.0,1.0,0.0
after,cuda:1,743,1,1.0,1.0,1.0,0.0
after,cuda:1,744,1,1.0,1.0,1.0,0.0
after,cuda:1,745,1,1.0,1.0,1.0,0.0
after,cuda:1,746,1,1.0,1.0,1.0,0.0
after,cuda:1,747,1,1.0,1.0,1.0,0.0
after,cuda:1,748,1,1.0,1.0,1.0,0.0
after,cuda:1,749,1,1.0,1.0,1.0,0.0
after,cuda:1,750,1,1.0,1.0,1.0,0.0
after,cuda:1,751,1,1.0,1.0,1.0,0.0
after,cuda:1,752,1,1.0,1.0,1.0,0.0
after,cuda:1,753,1,1.0,1.0,1.0,0.0
after,cuda:1,754,1,1.0,1.0,1.0,0.0
after,cuda:1,755,1,1.0,1.0,1.0,0.0
after,cuda:1,756,1,1.0,1.0,1.0,0.0
after,cuda:1,757,1,1.0,1.0,1.0,0.0
after,cuda:1,758,1,1.0,1.0,1.0,0.0
after,cuda:1,759,1,1.0,1.0,1.0,0.0
after,cuda:1,760,1,1.0,1.0,1.0,0.0
after,cuda:1,761,1,1.0,1.0,1.0,0.0
after,cuda:1,762,1,1.0,1.0,1.0,0.0
after,cuda:1,763,1,1.0,1.0,1.0,0.0
after,cuda:1,764,1,1.0,1.0,1.0,0.0
after,cuda:1,765,1,1.0,1.0,1.0,0.0
after,cuda:1,766,1,1.0,1.0,1.0,0.0
after,cuda:1,767,1,1.0,1.0,1.0,0.0
after,cuda:1,768,1,1.0,1.0,1.0,0.0
after,cuda:1,769,1,1.0,1.0,1.0,0.0
after,cuda:1,770,1,1.0,1.0,1.0,0.0
after,cuda:1,771,1,1.0,1.0,1.0,0.0
after,cuda:1,772,1,1.0,1.0,1.0,0.0
after,cuda:1,773,1,1.0,1.0,1.0,0.0
after,cuda:1,774,1,1.0,1.0,1.0,0.0
after,cuda:1,775,1,1.0,1.0,1.0,0.0
after,cuda:1,776,1,1.0,1.0,1.0,0.0
after,cuda:1,777,1,1.0,1.0,1.0,0.0
after,cuda:1,778,1,1.0,1.0,1.0,0.0
after,cuda:1,779,1,1.0,1.0,1.0,0.0
after,cuda:1,780,1,1.0,1.0,1.0,0.0
after,cuda:1,781,1,1.0,1.0,1.0,0.0
after,cuda:1,782,1,1.0,1.0,1.0,0.0
after,cuda:1,783,1,1.0,1.0,1.0,0.0
after,cuda:1,784,1,1.0,1.0,1.0,0.0
after,cuda:1,785,1,1.0,1.0,1.0,0.0
after,cuda:1,786,1,1.0,1.0,1.0,0.0
after,cuda:1,787,1,1.0,1.0,1.0,0.0
after,cuda:1,788,1,1.0,1.0,1.0,0.0
after,cuda:1,789,1,1.0,1.0,1.0,0.0
after,cuda:1,790,1,1.0,1.0,1.0,0.0
after,cuda:1,791,1,1.0,1.0,1.0,0.0
after,cuda:1,792,1,1.0,1.0,1.0,0.0
after,cuda:1,793,1,1.0,1.0,1.0,0.0
after,cuda:1,794,1,1.0,1.0,1.0,0.0
after,cuda:1,795,1,1.0,1.0,1.0,0.0
after,cuda:1,796,1,1.0,1.0,1.0,0.0
after,cuda:1,797,1,1.0,1.0,1.0,0.0
after,cuda:1,798,1,1.0,1.0,1.0,0.0
after,cuda:1,799,1,1.0,1.0,1.0,0.0
after,cuda:1,800,1,1.0,1.0,1.0,0.0
after,cuda:1,801,1,1.0,1.0,1.0,0.0
after,cuda:1,802,1,1.0,1.0,1.0,0.0
after,cuda:1,803,1,1.0,1.0,1.0,0.0
after,cuda:1,804,1,1.0,1.0,1.0,0.0
after,cuda:1,805,1,1.0,1.0,1.0,0.0
after,cuda:1,806,1,1.0,1.0,1.0,0.0
after,cuda:1,807,1,1.0,1.0,1.0,0.0
after,cuda:1,808,1,1.0,1.0,1.0,0.0
after,cuda:1,809,1,1.0,1.0,1.0,0.0
after,cuda:1,810,1,1.0,1.0,1.0,0.0
after,cuda:1,811,1,1.0,1.0,1.0,0.0
after,cuda:1,812,1,1.0,1.0,1.0,0.0
after,cuda:1,813,1,1.0,1.0,1.0,0.0
after,cuda:1,814,1,1.0,1.0,1.0,0.0
after,cuda:1,815,1,1.0,1.0,1.0,0.0
after,cuda:1,816,1,1.0,1.0,1.0,0.0
after,cuda:1,817,1,1.0,1.0,1.0,0.0
after,cuda:1,818,1,1.0,1.0,1.0,0.0
after,cuda:1,819,1,1.0,1.0,1.0,0.0
after,cuda:1,820,1,1.0,1.0,1.0,0.0
after,cuda:1,821,1,1.0,1.0,1.0,0.0
after,cuda:1,822,1,1.0,1.0,1.0,0.0
after,cuda:1,823,1,1.0,1.0,1.0,0.0
after,cuda:1,824,1,1.0,1.0,1.0,0.0
after,cuda:1,825,1,1.0,1.0,1.0,0.0
after,cuda:1,826,1,1.0,1.0,1.0,0.0
after,cuda:1,827,1,1.0,1.0,1.0,0.0
after,cuda:1,828,1,1.0,1.0,1.0,0.0
after,cuda:1,829,1,1.0,1.0,1.0,0.0
after,cuda:1,830,1,1.0,1.0,1.0,0.0
after,cuda:1,831,1,1.0,1.0,1.0,0.0
after,cuda:1,832,1,1.0,1.0,1.0,0.0
after,cuda:1,833,1,1.0,1.0,1.0,0.0
after,cuda:1,834,1,1.0,1.0,1.0,0.0
after,cuda:1,835,1,1.0,1.0,1.0,0.0
after,cuda:1,836,1,1.0,1.0,1.0,0.0
after,cuda:1,837,1,1.0,1.0,1.0,0.0
after,cuda:1,838,1,1.0,1.0,1.0,0.0
after,cuda:1,839,1,1.0,1.0,1.0,0.0
after,cuda:1,840,1,1.0,1.0,1.0,0.0
after,cuda:1,841,1,1.0,1.0,1.0,0.0
after,cuda:1,842,1,1.0,1.0,1.0,0.0
after,cuda:1,843,1,1.0,1.0,1.0,0.0
after,cuda:1,844,1,1.0,1.0,1.0,0.0
after,cuda:1,845,1,1.0,1.0,1.0,0.0
after,cuda:1,846,1,1.0,1.0,1.0,0.0
after,cuda:1,847,1,1.0,1.0,1.0,0.0
after,cuda:1,848,1,1.0,1.0,1.0,0.0
after,cuda:1,849,1,1.0,1.0,1.0,0.0
after,cuda:1,850,1,1.0,1.0,1.0,0.0
after,cuda:1,851,1,1.0,1.0,1.0,0.0
after,cuda:1,852,1,1.0,1.0,1.0,0.0
after,cuda:1,853,1,1.0,1.0,1.0,0.0
after,cuda:1,854,1,1.0,1.0,1.0,0.0
after,cuda:1,855,1,1.0,1.0,1.0,0.0
after,cuda:1,856,1,1.0,1.0,1.0,0.0
after,cuda:1,857,1,1.0,1.0,1.0,0.0
after,cuda:1,858,1,1.0,1.0,1.0,0.0
after,cuda:1,859,1,1.0,1.0,1.0,0.0
after,cuda:1,860,1,1.0,1.0,1.0,0.0
after,cuda:1,861,1,1.0,1.0,1.0,0.0
after,cuda:1,862,1,1.0,1.0,1.0,0.0
after,cuda:1,863,1,1.0,1.0,1.0,0.0
after,cuda:1,864,1,1.0,1.0,1.0,0.0
after,cuda:1,865,1,1.0,1.0,1.0,0.0
after,cuda:1,866,1,1.0,1.0,1.0,0.0
after,cuda:1,867,1,1.0,1.0,1.0,0.0
after,cuda:1,868,1,1.0,1.0,1.0,0.0
after,cuda:1,869,1,1.0,1.0,1.0,0.0
after,cuda:1,870,1,1.0,1.0,1.0,0.0
after,cuda:1,871,1,1.0,1.0,1.0,0.0
after,cuda:1,872,1,1.0,1.0,1.0,0.0
after,cuda:1,873,1,1.0,1.0,1.0,0.0
after,cuda:1,874,1,1.0,1.0,1.0,0.0
after,cuda:1,875,1,1.0,1.0,1.0,0.0
after,cuda:1,876,1,1.0,1.0,1.0,0.0
after,cuda:1,877,1,1.0,1.0,1.0,0.0
after,cuda:1,878,1,1.0,1.0,1.0,0.0
after,cuda:1,879,1,1.0,1.0,1.0,0.0
after,cuda:1,880,1,1.0,1.0,1.0,0.0
after,cuda:1,881,1,1.0,1.0,1.0,0.0
after,cuda:1,882,1,1.0,1.0,1.0,0.0
after,cuda:1,883,1,1.0,1.0,1.0,0.0
after,cuda:1,884,1,1.0,1.0,1.0,0.0
after,cuda:1,885,1,1.0,1.0,1.0,0.0
after,cuda:1,886,1,1.0,1.0,1.0,0.0
after,cuda:1,887,1,1.0,1.0,1.0,0.0
after,cuda:1,888,1,1.0,1.0,1.0,0.0
after,cuda:1,889,1,1.0,1.0,1.0,0.0
after,cuda:1,890,1,1.0,1.0,1.0,0.0
after,cuda:1,891,1,1.0,1.0,1.0,0.0
after,cuda:1,892,1,1.0,1.0,1.0,0.0
after,cuda:1,893,1,1.0,1.0,1.0,0.0
after,cuda:1,894,1,1.0,1.0,1.0,0.0
after,cuda:1,895,1,1.0,1.0,1.0,0.0
after,cuda:1,896,1,1.0,1.0,1.0,0.0
after,cuda:1,897,1,1.0,1.0,1.0,0.0
after,cuda:1,898,1,1.0,1.0,1.0,0.0
after,cuda:1,899,1,1.0,1.0,1.0,0.0
after,cuda:1,900,1,1.0,1.0,1.0,0.0
after,cuda:1,901,1,1.0,1.0,1.0,0.0
after,cuda:1,902,1,1.0,1.0,1.0,0.0
after,cuda:1,903,1,1.0,1.0,1.0,0.0
after,cuda:1,904,1,1.0,1.0,1.0,0.0
after,cuda:1,905,1,1.0,1.0,1.0,0.0
after,cuda:1,906,1,1.0,1.0,1.0,0.0
after,cuda:1,907,1,1.0,1.0,1.0,0.0
after,cuda:1,908,1,1.0,1.0,1.0,0.0
after,cuda:1,909,1,1.0,1.0,1.0,0.0
after,cuda:1,910,1,1.0,1.0,1.0,0.0
after,cuda:1,911,1,1.0,1.0,1.0,0.0
after,cuda:1,912,1,1.0,1.0,1.0,0.0
after,cuda:1,913,1,1.0,1.0,1.0,0.0
after,cuda:1,914,1,1.0,1.0,1.0,0.0
after,cuda:1,915,1,1.0,1.0,1.0,0.0
after,cuda:1,916,1,1.0,1.0,1.0,0.0
after,cuda:1,917,1,1.0,1.0,1.0,0.0
after,cuda:1,918,1,1.0,1.0,1.0,0.0
after,cuda:1,919,1,1.0,1.0,1.0,0.0
after,cuda:1,920,1,1.0,1.0,1.0,0.0
after,cuda:1,921,1,1.0,1.0,1.0,0.0
after,cuda:1,922,1,1.0,1.0,1.0,0.0
after,cuda:1,923,1,1.0,1.0,1.0,0.0
after,cuda:1,924,1,1.0,1.0,1.0,0.0
after,cuda:1,925,1,1.0,1.0,1.0,0.0
after,cuda:1,926,1,1.0,1.0,1.0,0.0
after,cuda:1,927,1,1.0,1.0,1.0,0.0
after,cuda:1,928,1,1.0,1.0,1.0,0.0
after,cuda:1,929,1,1.0,1.0,1.0,0.0
after,cuda:1,930,1,1.0,1.0,1.0,0.0
after,cuda:1,931,1,1.0,1.0,1.0,0.0
after,cuda:1,932,1,1.0,1.0,1.0,0.0
after,cuda:1,933,1,1.0,1.0,1.0,0.0
after,cuda:1,934,1,1.0,1.0,1.0,0.0
after,cuda:1,935,1,1.0,1.0,1.0,0.0
after,cuda:1,936,1,1.0,1.0,1.0,0.0
after,cuda:1,937,1,1.0,1.0,1.0,0.0
after,cuda:1,938,1,1.0,1.0,1.0,0.0
after,cuda:1,939,1,1.0,1.0,1.0,0.0
after,cuda:1,940,1,1.0,1.0,1.0,0.0
after,cuda:1,941,1,1.0,1.0,1.0,0.0
after,cuda:1,942,1,1.0,1.0,1.0,0.0
after,cuda:1,943,1,1.0,1.0,1.0,0.0
after,cuda:1,944,1,1.0,1.0,1.0,0.0
after,cuda:1,945,1,1.0,1.0,1.0,0.0
after,cuda:1,946,1,1.0,1.0,1.0,0.0
after,cuda:1,947,1,1.0,1.0,1.0,0.0
after,cuda:1,948,1,1.0,1.0,1.0,0.0
after,cuda:1,949,1,1.0,1.0,1.0,0.0
after,cuda:1,950,1,1.0,1.0,1.0,0.0
after,cuda:1,951,1,1.0,1.0,1.0,0.0
after,cuda:1,952,1,1.0,1.0,1.0,0.0
after,cuda:1,953,1,1.0,1.0,1.0,0.0
after,cuda:1,954,1,1.0,1.0,1.0,0.0
after,cuda:1,955,1,1.0,1.0,1.0,0.0
after,cuda:1,956,1,1.0,1.0,1.0,0.0
after,cuda:1,957,1,1.0,1.0,1.0,0.0
after,cuda:1,958,1,1.0,1.0,1.0,0.0
after,cuda:1,959,1,1.0,1.0,1.0,0.0
after,cuda:1,960,1,1.0,1.0,1.0,0.0
after,cuda:1,961,1,1.0,1.0,1.0,0.0
after,cuda:1,962,1,1.0,1.0,1.0,0.0
after,cuda:1,963,1,1.0,1.0,1.0,0.0
after,cuda:1,964,1,1.0,1.0,1.0,0.0
after,cuda:1,965,1,1.0,1.0,1.0,0.0
after,cuda:1,966,1,1.0,1.0,1.0,0.0
after,cuda:1,967,1,1.0,1.0,1.0,0.0
after,cuda:1,968,1,1.0,1.0,1.0,0.0
after,cuda:1,969,1,1.0,1.0,1.0,0.0
after,cuda:1,970,1,1.0,1.0,1.0,0.0
after,cuda:1,971,1,1.0,1.0,1.0,0.0
after,cuda:1,972,1,1.0,1.0,1.0,0.0
after,cuda:1,973,1,1.0,1.0,1.0,0.0
after,cuda:1,974,1,1.0,1.0,1.0,0.0
after,cuda:1,975,1,1.0,1.0,1.0,0.0
after,cuda:1,976,1,1.0,1.0,1.0,0.0
after,cuda:1,977,1,1.0,1.0,1.0,0.0
after,cuda:1,978,1,1.0,1.0,1.0,0.0
after,cuda:1,979,1,1.0,1.0,1.0,0.0
after,cuda:1,980,1,1.0,1.0,1.0,0.0
after,cuda:1,981,1,1.0,1.0,1.0,0.0
after,cuda:1,982,1,1.0,1.0,1.0,0.0
after,cuda:1,983,1,1.0,1.0,1.0,0.0
after,cuda:1,984,1,1.0,1.0,1.0,0.0
after,cuda:1,985,1,1.0,1.0,1.0,0.0
after,cuda:1,986,1,1.0,1.0,1.0,0.0
after,cuda:1,987,1,1.0,1.0,1.0,0.0
after,cuda:1,988,1,1.0,1.0,1.0,0.0
after,cuda:1,989,1,1.0,1.0,1.0,0.0
after,cuda:1,990,1,1.0,1.0,1.0,0.0
after,cuda:1,991,1,1.0,1.0,1.0,0.0
after,cuda:1,992,1,1.0,1.0,1.0,0.0
after,cuda:1,993,1,1.0,1.0,1.0,0.0
after,cuda:1,994,1,1.0,1.0,1.0,0.0
after,cuda:1,995,1,1.0,1.0,1.0,0.0
after,cuda:1,996,1,1.0,1.0,1.0,0.0
after,cuda:1,997,1,1.0,1.0,1.0,0.0
after,cuda:1,998,1,1.0,1.0,1.0,0.0
after,cuda:1,999,1,1.0,1.0,1.0,0.0
after,cuda:1,1000,1,1.0,1.0,1.0,0.0
after,cuda:1,1001,1,1.0,1.0,1.0,0.0
after,cuda:1,1002,1,1.0,1.0,1.0,0.0
after,cuda:1,1003,1,1.0,1.0,1.0,0.0
after,cuda:1,1004,1,1.0,1.0,1.0,0.0
after,cuda:1,1005,1,1.0,1.0,1.0,0.0
after,cuda:1,1006,1,1.0,1.0,1.0,0.0
after,cuda:1,1007,1,1.0,1.0,1.0,0.0
after,cuda:1,1008,1,1.0,1.0,1.0,0.0
after,cuda:1,1009,1,1.0,1.0,1.0,0.0
after,cuda:1,1010,1,1.0,1.0,1.0,0.0
after,cuda:1,1011,1,1.0,1.0,1.0,0.0
after,cuda:1,1012,1,1.0,1.0,1.0,0.0
after,cuda:1,1013,1,1.0,1.0,1.0,0.0
after,cuda:1,1014,1,1.0,1.0,1.0,0.0
after,cuda:1,1015,1,1.0,1.0,1.0,0.0
after,cuda:1,1016,1,1.0,1.0,1.0,0.0
after,cuda:1,1017,1,1.0,1.0,1.0,0.0
after,cuda:1,1018,1,1.0,1.0,1.0,0.0
after,cuda:1,1019,1,1.0,1.0,1.0,0.0
after,cuda:1,1020,1,1.0,1.0,1.0,0.0
after,cuda:1,1021,1,1.0,1.0,1.0,0.0
after,cuda:1,1022,1,1.0,1.0,1.0,0.0
after,cuda:1,1023,1,1.0,1.0,1.0,0.0
after,cuda:1,1024,1,1.0,1.0,1.0,0.0
after,cuda:1,1025,1,1.0,1.0,1.0,0.0
after,cuda:1,1026,1,1.0,1.0,1.0,0.0
after,cuda:1,1027,1,1.0,1.0,1.0,0.0
after,cuda:1,1028,1,1.0,1.0,1.0,0.0
after,cuda:1,1029,1,1.0,1.0,1.0,0.0
after,cuda:1,1030,1,1.0,1.0,1.0,0.0
after,cuda:1,1031,1,1.0,1.0,1.0,0.0
after,cuda:1,1032,1,1.0,1.0,1.0,0.0
after,cuda:1,1033,1,1.0,1.0,1.0,0.0
after,cuda:1,1034,1,1.0,1.0,1.0,0.0
after,cuda:1,1035,1,1.0,1.0,1.0,0.0
after,cuda:1,1036,1,1.0,1.0,1.0,0.0
after,cuda:1,1037,1,1.0,1.0,1.0,0.0
after,cuda:1,1038,1,1.0,1.0,1.0,0.0
after,cuda:1,1039,1,1.0,1.0,1.0,0.0
after,cuda:1,1040,1,1.0,1.0,1.0,0.0
after,cuda:1,1041,1,1.0,1.0,1.0,0.0
after,cuda:1,1042,1,1.0,1.0,1.0,0.0
after,cuda:1,1043,1,1.0,1.0,1.0,0.0
after,cuda:1,1044,1,1.0,1.0,1.0,0.0
after,cuda:1,1045,1,1.0,1.0,1.0,0.0
after,cuda:1,1046,1,1.0,1.0,1.0,0.0
after,cuda:1,1047,1,1.0,1.0,1.0,0.0
after,cuda:1,1048,1,1.0,1.0,1.0,0.0
after,cuda:1,1049,1,1.0,1.0,1.0,0.0
after,cuda:1,1050,1,1.0,1.0,1.0,0.0
after,cuda:1,1051,1,1.0,1.0,1.0,0.0
after,cuda:1,1052,1,1.0,1.0,1.0,0.0
after,cuda:1,1053,1,1.0,1.0,1.0,0.0
after,cuda:1,1054,1,1.0,1.0,1.0,0.0
after,cuda:1,1055,1,1.0,1.0,1.0,0.0
after,cuda:1,1056,1,1.0,1.0,1.0,0.0
after,cuda:1,1057,1,1.0,1.0,1.0,0.0
after,cuda:1,1058,1,1.0,1.0,1.0,0.0
after,cuda:1,1059,1,1.0,1.0,1.0,0.0
after,cuda:1,1060,1,1.0,1.0,1.0,0.0
after,cuda:1,1061,1,1.0,1.0,1.0,0.0
after,cuda:1,1062,1,1.0,1.0,1.0,0.0
after,cuda:1,1063,1,1.0,1.0,1.0,0.0
after,cuda:1,1064,1,1.0,1.0,1.0,0.0
after,cuda:1,1065,1,1.0,1.0,1.0,0.0
after,cuda:1,1066,1,1.0,1.0,1.0,0.0
after,cuda:1,1067,1,1.0,1.0,1.0,0.0
after,cuda:1,1068,1,1.0,1.0,1.0,0.0
after,cuda:1,1069,1,1.0,1.0,1.0,0.0
after,cuda:1,1070,1,1.0,1.0,1.0,0.0
after,cuda:1,1071,1,1.0,1.0,1.0,0.0
after,cuda:1,1072,1,1.0,1.0,1.0,0.0
after,cuda:1,1073,1,1.0,1.0,1.0,0.0
after,cuda:1,1074,1,1.0,1.0,1.0,0.0
after,cuda:1,1075,1,1.0,1.0,1.0,0.0
after,cuda:1,1076,1,1.0,1.0,1.0,0.0
after,cuda:1,1077,1,1.0,1.0,1.0,0.0
after,cuda:1,1078,1,1.0,1.0,1.0,0.0
after,cuda:1,1079,1,1.0,1.0,1.0,0.0
after,cuda:1,1080,1,1.0,1.0,1.0,0.0
after,cuda:1,1081,1,1.0,1.0,1.0,0.0
after,cuda:1,1082,1,1.0,1.0,1.0,0.0
after,cuda:1,1083,1,1.0,1.0,1.0,0.0
after,cuda:1,1084,1,1.0,1.0,1.0,0.0
after,cuda:1,1085,1,1.0,1.0,1.0,0.0
after,cuda:1,1086,1,1.0,1.0,1.0,0.0
after,cuda:1,1087,1,1.0,1.0,1.0,0.0
after,cuda:1,1088,1,1.0,1.0,1.0,0.0
after,cuda:1,1089,1,1.0,1.0,1.0,0.0
after,cuda:1,1090,1,1.0,1.0,1.0,0.0
after,cuda:1,1091,1,1.0,1.0,1.0,0.0
after,cuda:1,1092,1,1.0,1.0,1.0,0.0
after,cuda:1,1093,1,1.0,1.0,1.0,0.0
after,cuda:1,1094,1,1.0,1.0,1.0,0.0
after,cuda:1,1095,1,1.0,1.0,1.0,0.0
after,cuda:1,1096,1,1.0,1.0,1.0,0.0
after,cuda:1,1097,1,1.0,1.0,1.0,0.0
after,cuda:1,1098,1,1.0,1.0,1.0,0.0
after,cuda:1,1099,1,1.0,1.0,1.0,0.0
after,cuda:1,1100,1,1.0,1.0,1.0,0.0
after,cuda:1,1101,1,1.0,1.0,1.0,0.0
after,cuda:1,1102,1,1.0,1.0,1.0,0.0
after,cuda:1,1103,1,1.0,1.0,1.0,0.0
after,cuda:1,1104,1,1.0,1.0,1.0,0.0
after,cuda:1,1105,1,1.0,1.0,1.0,0.0
after,cuda:1,1106,1,1.0,1.0,1.0,0.0
after,cuda:1,1107,1,1.0,1.0,1.0,0.0
after,cuda:1,1108,1,1.0,1.0,1.0,0.0
after,cuda:1,1109,1,1.0,1.0,1.0,0.0
after,cuda:1,1110,1,1.0,1.0,1.0,0.0
after,cuda:1,1111,1,1.0,1.0,1.0,0.0
after,cuda:1,1112,1,1.0,1.0,1.0,0.0
after,cuda:1,1113,1,1.0,1.0,1.0,0.0
after,cuda:1,1114,1,1.0,1.0,1.0,0.0
after,cuda:1,1115,1,1.0,1.0,1.0,0.0
after,cuda:1,1116,1,1.0,1.0,1.0,0.0
after,cuda:1,1117,1,1.0,1.0,1.0,0.0
after,cuda:1,1118,1,1.0,1.0,1.0,0.0
after,cuda:1,1119,1,1.0,1.0,1.0,0.0
after,cuda:1,1120,1,1.0,1.0,1.0,0.0
after,cuda:1,1121,1,1.0,1.0,1.0,0.0
after,cuda:1,1122,1,1.0,1.0,1.0,0.0
after,cuda:1,1123,1,1.0,1.0,1.0,0.0
after,cuda:1,1124,1,1.0,1.0,1.0,0.0
after,cuda:1,1125,1,1.0,1.0,1.0,0.0
after,cuda:1,1126,1,1.0,1.0,1.0,0.0
after,cuda:1,1127,1,1.0,1.0,1.0,0.0
after,cuda:1,1128,1,1.0,1.0,1.0,0.0
after,cuda:1,1129,1,1.0,1.0,1.0,0.0
after,cuda:1,1130,1,1.0,1.0,1.0,0.0
after,cuda:1,1131,1,1.0,1.0,1.0,0.0
after,cuda:1,1132,1,1.0,1.0,1.0,0.0
after,cuda:1,1133,1,1.0,1.0,1.0,0.0
after,cuda:1,1134,1,1.0,1.0,1.0,0.0
after,cuda:1,1135,1,1.0,1.0,1.0,0.0
after,cuda:1,1136,1,1.0,1.0,1.0,0.0
after,cuda:1,1137,1,1.0,1.0,1.0,0.0
after,cuda:1,1138,1,1.0,1.0,1.0,0.0
after,cuda:1,1139,1,1.0,1.0,1.0,0.0
after,cuda:1,1140,1,1.0,1.0,1.0,0.0
after,cuda:1,1141,1,1.0,1.0,1.0,0.0
after,cuda:1,1142,1,1.0,1.0,1.0,0.0
after,cuda:1,1143,1,1.0,1.0,1.0,0.0
after,cuda:1,1144,1,1.0,1.0,1.0,0.0
after,cuda:1,1145,1,1.0,1.0,1.0,0.0
after,cuda:1,1146,1,1.0,1.0,1.0,0.0
after,cuda:1,1147,1,1.0,1.0,1.0,0.0
after,cuda:1,1148,1,1.0,1.0,1.0,0.0
after,cuda:1,1149,1,1.0,1.0,1.0,0.0
after,cuda:1,1150,1,1.0,1.0,1.0,0.0
after,cuda:1,1151,1,1.0,1.0,1.0,0.0
after,cuda:1,1152,1,1.0,1.0,1.0,0.0
after,cuda:1,1153,1,1.0,1.0,1.0,0.0
after,cuda:1,1154,1,1.0,1.0,1.0,0.0
after,cuda:1,1155,1,1.0,1.0,1.0,0.0
after,cuda:1,1156,1,1.0,1.0,1.0,0.0
after,cuda:1,1157,1,1.0,1.0,1.0,0.0
after,cuda:1,1158,1,1.0,1.0,1.0,0.0
after,cuda:1,1159,1,1.0,1.0,1.0,0.0
after,cuda:1,1160,1,1.0,1.0,1.0,0.0
after,cuda:1,1161,1,1.0,1.0,1.0,0.0
after,cuda:1,1162,1,1.0,1.0,1.0,0.0
after,cuda:1,1163,1,1.0,1.0,1.0,0.0
after,cuda:1,1164,1,1.0,1.0,1.0,0.0
after,cuda:1,1165,1,1.0,1.0,1.0,0.0
after,cuda:1,1166,1,1.0,1.0,1.0,0.0
after,cuda:1,1167,1,1.0,1.0,1.0,0.0
after,cuda:1,1168,1,1.0,1.0,1.0,0.0
after,cuda:1,1169,1,1.0,1.0,1.0,0.0
after,cuda:1,1170,1,1.0,1.0,1.0,0.0
after,cuda:1,1171,1,1.0,1.0,1.0,0.0
after,cuda:1,1172,1,1.0,1.0,1.0,0.0
after,cuda:1,1173,1,1.0,1.0,1.0,0.0
after,cuda:1,1174,1,1.0,1.0,1.0,0.0
after,cuda:1,1175,1,1.0,1.0,1.0,0.0
after,cuda:1,1176,1,1.0,1.0,1.0,0.0
after,cuda:1,1177,1,1.0,1.0,1.0,0.0
after,cuda:1,1178,1,1.0,1.0,1.0,0.0
after,cuda:1,1179,1,1.0,1.0,1.0,0.0
after,cuda:1,1180,1,1.0,1.0,1.0,0.0
after,cuda:1,1181,1,1.0,1.0,1.0,0.0
after,cuda:1,1182,1,1.0,1.0,1.0,0.0
after,cuda:1,1183,1,1.0,1.0,1.0,0.0
after,cuda:1,1184,1,1.0,1.0,1.0,0.0
after,cuda:1,1185,1,1.0,1.0,1.0,0.0
after,cuda:1,1186,1,1.0,1.0,1.0,0.0
after,cuda:1,1187,1,1.0,1.0,1.0,0.0
after,cuda:1,1188,1,1.0,1.0,1.0,0.0
after,cuda:1,1189,1,1.0,1.0,1.0,0.0
after,cuda:1,1190,1,1.0,1.0,1.0,0.0
after,cuda:1,1191,1,1.0,1.0,1.0,0.0
after,cuda:1,1192,1,1.0,1.0,1.0,0.0
after,cuda:1,1193,1,1.0,1.0,1.0,0.0
after,cuda:1,1194,1,1.0,1.0,1.0,0.0
after,cuda:1,1195,1,1.0,1.0,1.0,0.0
after,cuda:1,1196,1,1.0,1.0,1.0,0.0
after,cuda:1,1197,1,1.0,1.0,1.0,0.0
after,cuda:1,1198,1,1.0,1.0,1.0,0.0
after,cuda:1,1199,1,1.0,1.0,1.0,0.0
after,cuda:1,1200,1,1.0,1.0,1.0,0.0
after,cuda:1,1201,1,1.0,1.0,1.0,0.0
after,cuda:1,1202,1,1.0,1.0,1.0,0.0
after,cuda:1,1203,1,1.0,1.0,1.0,0.0
after,cuda:1,1204,1,1.0,1.0,1.0,0.0
after,cuda:1,1205,1,1.0,1.0,1.0,0.0
after,cuda:1,1206,1,1.0,1.0,1.0,0.0
after,cuda:1,1207,1,1.0,1.0,1.0,0.0
after,cuda:1,1208,1,1.0,1.0,1.0,0.0
after,cuda:1,1209,1,1.0,1.0,1.0,0.0
after,cuda:1,1210,1,1.0,1.0,1.0,0.0
after,cuda:1,1211,1,1.0,1.0,1.0,0.0
after,cuda:1,1212,1,1.0,1.0,1.0,0.0
after,cuda:1,1213,1,1.0,1.0,1.0,0.0
after,cuda:1,1214,1,1.0,1.0,1.0,0.0
after,cuda:1,1215,1,1.0,1.0,1.0,0.0
after,cuda:1,1216,1,1.0,1.0,1.0,0.0
after,cuda:1,1217,1,1.0,1.0,1.0,0.0
after,cuda:1,1218,1,1.0,1.0,1.0,0.0
after,cuda:1,1219,1,1.0,1.0,1.0,0.0
after,cuda:1,1220,1,1.0,1.0,1.0,0.0
after,cuda:1,1221,1,1.0,1.0,1.0,0.0
after,cuda:1,1222,1,1.0,1.0,1.0,0.0
after,cuda:1,1223,1,1.0,1.0,1.0,0.0
after,cuda:1,1224,1,1.0,1.0,1.0,0.0
after,cuda:1,1225,1,1.0,1.0,1.0,0.0
after,cuda:1,1226,1,1.0,1.0,1.0,0.0
after,cuda:1,1227,1,1.0,1.0,1.0,0.0
after,cuda:1,1228,1,1.0,1.0,1.0,0.0
after,cuda:1,1229,1,1.0,1.0,1.0,0.0
after,cuda:1,1230,1,1.0,1.0,1.0,0.0
after,cuda:1,1231,1,1.0,1.0,1.0,0.0
after,cuda:1,1232,1,1.0,1.0,1.0,0.0
after,cuda:1,1233,1,1.0,1.0,1.0,0.0
after,cuda:1,1234,1,1.0,1.0,1.0,0.0
after,cuda:1,1235,1,1.0,1.0,1.0,0.0
after,cuda:1,1236,1,1.0,1.0,1.0,0.0
after,cuda:1,1237,1,1.0,1.0,1.0,0.0
after,cuda:1,1238,1,1.0,1.0,1.0,0.0
after,cuda:1,1239,1,1.0,1.0,1.0,0.0
after,cuda:1,1240,1,1.0,1.0,1.0,0.0
after,cuda:1,1241,1,1.0,1.0,1.0,0.0
after,cuda:1,1242,1,1.0,1.0,1.0,0.0
after,cuda:1,1243,1,1.0,1.0,1.0,0.0
after,cuda:1,1244,1,1.0,1.0,1.0,0.0
after,cuda:1,1245,1,1.0,1.0,1.0,0.0
after,cuda:1,1246,1,1.0,1.0,1.0,0.0
after,cuda:1,1247,1,1.0,1.0,1.0,0.0
after,cuda:1,1248,1,1.0,1.0,1.0,0.0
after,cuda:1,1249,1,1.0,1.0,1.0,0.0
after,cuda:1,1250,1,1.0,1.0,1.0,0.0
after,cuda:1,1251,1,1.0,1.0,1.0,0.0
after,cuda:1,1252,1,1.0,1.0,1.0,0.0
after,cuda:1,1253,1,1.0,1.0,1.0,0.0
after,cuda:1,1254,1,1.0,1.0,1.0,0.0
after,cuda:1,1255,1,1.0,1.0,1.0,0.0
after,cuda:1,1256,1,1.0,1.0,1.0,0.0
after,cuda:1,1257,1,1.0,1.0,1.0,0.0
after,cuda:1,1258,1,1.0,1.0,1.0,0.0
after,cuda:1,1259,1,1.0,1.0,1.0,0.0
after,cuda:1,1260,1,1.0,1.0,1.0,0.0
after,cuda:1,1261,1,1.0,1.0,1.0,0.0
after,cuda:1,1262,1,1.0,1.0,1.0,0.0
after,cuda:1,1263,1,1.0,1.0,1.0,0.0
after,cuda:1,1264,1,1.0,1.0,1.0,0.0
after,cuda:1,1265,1,1.0,1.0,1.0,0.0
after,cuda:1,1266,1,1.0,1.0,1.0,0.0
after,cuda:1,1267,1,1.0,1.0,1.0,0.0
after,cuda:1,1268,1,1.0,1.0,1.0,0.0
after,cuda:1,1269,1,1.0,1.0,1.0,0.0
after,cuda:1,1270,1,1.0,1.0,1.0,0.0
after,cuda:1,1271,1,1.0,1.0,1.0,0.0
after,cuda:1,1272,1,1.0,1.0,1.0,0.0
after,cuda:1,1273,1,1.0,1.0,1.0,0.0
after,cuda:1,1274,1,1.0,1.0,1.0,0.0
after,cuda:1,1275,1,1.0,1.0,1.0,0.0
after,cuda:1,1276,1,1.0,1.0,1.0,0.0
after,cuda:1,1277,1,1.0,1.0,1.0,0.0
after,cuda:1,1278,1,1.0,1.0,1.0,0.0
after,cuda:1,1279,1,1.0,1.0,1.0,0.0
after,cuda:1,1280,1,1.0,1.0,1.0,0.0
after,cuda:1,1281,1,1.0,1.0,1.0,0.0
after,cuda:1,1282,1,1.0,1.0,1.0,0.0
after,cuda:1,1283,1,1.0,1.0,1.0,0.0
after,cuda:1,1284,1,1.0,1.0,1.0,0.0
after,cuda:1,1285,1,1.0,1.0,1.0,0.0
after,cuda:1,1286,1,1.0,1.0,1.0,0.0
after,cuda:1,1287,1,1.0,1.0,1.0,0.0
after,cuda:1,1288,1,1.0,1.0,1.0,0.0
after,cuda:1,1289,1,1.0,1.0,1.0,0.0
after,cuda:1,1290,1,1.0,1.0,1.0,0.0
after,cuda:1,1291,1,1.0,1.0,1.0,0.0
after,cuda:1,1292,1,1.0,1.0,1.0,0.0
after,cuda:1,1293,1,1.0,1.0,1.0,0.0
after,cuda:1,1294,1,1.0,1.0,1.0,0.0
after,cuda:1,1295,1,1.0,1.0,1.0,0.0
after,cuda:1,1296,1,1.0,1.0,1.0,0.0
after,cuda:1,1297,1,1.0,1.0,1.0,0.0
after,cuda:1,1298,1,1.0,1.0,1.0,0.0
after,cuda:1,1299,1,1.0,1.0,1.0,0.0
after,cuda:1,1300,1,1.0,1.0,1.0,0.0
after,cuda:1,1301,1,1.0,1.0,1.0,0.0
after,cuda:1,1302,1,1.0,1.0,1.0,0.0
after,cuda:1,1303,1,1.0,1.0,1.0,0.0
after,cuda:1,1304,1,1.0,1.0,1.0,0.0
after,cuda:1,1305,1,1.0,1.0,1.0,0.0
after,cuda:1,1306,1,1.0,1.0,1.0,0.0
after,cuda:1,1307,1,1.0,1.0,1.0,0.0
after,cuda:1,1308,1,1.0,1.0,1.0,0.0
after,cuda:1,1309,1,1.0,1.0,1.0,0.0
after,cuda:1,1310,1,1.0,1.0,1.0,0.0
after,cuda:1,1311,1,1.0,1.0,1.0,0.0
after,cuda:1,1312,1,1.0,1.0,1.0,0.0
after,cuda:1,1313,1,1.0,1.0,1.0,0.0
after,cuda:1,1314,1,1.0,1.0,1.0,0.0
after,cuda:1,1315,1,1.0,1.0,1.0,0.0
after,cuda:1,1316,1,1.0,1.0,1.0,0.0
after,cuda:1,1317,1,1.0,1.0,1.0,0.0
after,cuda:1,1318,1,1.0,1.0,1.0,0.0
after,cuda:1,1319,1,1.0,1.0,1.0,0.0
after,cuda:1,1320,1,1.0,1.0,1.0,0.0
after,cuda:1,1321,1,1.0,1.0,1.0,0.0
after,cuda:1,1322,1,1.0,1.0,1.0,0.0
after,cuda:1,1323,1,1.0,1.0,1.0,0.0
after,cuda:1,1324,1,1.0,1.0,1.0,0.0
after,cuda:1,1325,1,1.0,1.0,1.0,0.0
after,cuda:1,1326,1,1.0,1.0,1.0,0.0
after,cuda:1,1327,1,1.0,1.0,1.0,0.0
after,cuda:1,1328,1,1.0,1.0,1.0,0.0
after,cuda:1,1329,1,1.0,1.0,1.0,0.0
after,cuda:1,1330,1,1.0,1.0,1.0,0.0
after,cuda:1,1331,1,1.0,1.0,1.0,0.0
after,cuda:1,1332,1,1.0,1.0,1.0,0.0
after,cuda:1,1333,1,1.0,1.0,1.0,0.0
after,cuda:1,1334,1,1.0,1.0,1.0,0.0
after,cuda:1,1335,1,1.0,1.0,1.0,0.0
after,cuda:1,1336,1,1.0,1.0,1.0,0.0
after,cuda:1,1337,1,1.0,1.0,1.0,0.0
after,cuda:1,1338,1,1.0,1.0,1.0,0.0
after,cuda:1,1339,1,1.0,1.0,1.0,0.0
after,cuda:1,1340,1,1.0,1.0,1.0,0.0
after,cuda:1,1341,1,1.0,1.0,1.0,0.0
after,cuda:1,1342,1,1.0,1.0,1.0,0.0
after,cuda:1,1343,1,1.0,1.0,1.0,0.0
after,cuda:1,1344,1,1.0,1.0,1.0,0.0
after,cuda:1,1345,1,1.0,1.0,1.0,0.0
after,cuda:1,1346,1,1.0,1.0,1.0,0.0
after,cuda:1,1347,1,1.0,1.0,1.0,0.0
after,cuda:1,1348,1,1.0,1.0,1.0,0.0
after,cuda:1,1349,1,1.0,1.0,1.0,0.0
after,cuda:1,1350,1,1.0,1.0,1.0,0.0
after,cuda:1,1351,1,1.0,1.0,1.0,0.0
after,cuda:1,1352,1,1.0,1.0,1.0,0.0
after,cuda:1,1353,1,1.0,1.0,1.0,0.0
after,cuda:1,1354,1,1.0,1.0,1.0,0.0
after,cuda:1,1355,1,1.0,1.0,1.0,0.0
after,cuda:1,1356,1,1.0,1.0,1.0,0.0
after,cuda:1,1357,1,1.0,1.0,1.0,0.0
after,cuda:1,1358,1,1.0,1.0,1.0,0.0
after,cuda:1,1359,1,1.0,1.0,1.0,0.0
after,cuda:1,1360,1,1.0,1.0,1.0,0.0
after,cuda:1,1361,1,1.0,1.0,1.0,0.0
after,cuda:1,1362,1,1.0,1.0,1.0,0.0
after,cuda:1,1363,1,1.0,1.0,1.0,0.0
after,cuda:1,1364,1,1.0,1.0,1.0,0.0
after,cuda:1,1365,1,1.0,1.0,1.0,0.0
after,cuda:1,1366,1,1.0,1.0,1.0,0.0
after,cuda:1,1367,1,1.0,1.0,1.0,0.0
after,cuda:1,1368,1,1.0,1.0,1.0,0.0
after,cuda:1,1369,1,1.0,1.0,1.0,0.0
after,cuda:1,1370,1,1.0,1.0,1.0,0.0
after,cuda:1,1371,1,1.0,1.0,1.0,0.0
after,cuda:1,1372,1,1.0,1.0,1.0,0.0
after,cuda:1,1373,1,1.0,1.0,1.0,0.0
after,cuda:1,1374,1,1.0,1.0,1.0,0.0
after,cuda:1,1375,1,1.0,1.0,1.0,0.0
after,cuda:1,1376,1,1.0,1.0,1.0,0.0
after,cuda:1,1377,1,1.0,1.0,1.0,0.0
after,cuda:1,1378,1,1.0,1.0,1.0,0.0
after,cuda:1,1379,1,1.0,1.0,1.0,0.0
after,cuda:1,1380,1,1.0,1.0,1.0,0.0
after,cuda:1,1381,1,1.0,1.0,1.0,0.0
after,cuda:1,1382,1,1.0,1.0,1.0,0.0
after,cuda:1,1383,1,1.0,1.0,1.0,0.0
after,cuda:1,1384,1,1.0,1.0,1.0,0.0
after,cuda:1,1385,1,1.0,1.0,1.0,0.0
after,cuda:1,1386,1,1.0,1.0,1.0,0.0
after,cuda:1,1387,1,1.0,1.0,1.0,0.0
after,cuda:1,1388,1,1.0,1.0,1.0,0.0
after,cuda:1,1389,1,1.0,1.0,1.0,0.0
after,cuda:1,1390,1,1.0,1.0,1.0,0.0
after,cuda:1,1391,1,1.0,1.0,1.0,0.0
after,cuda:1,1392,1,1.0,1.0,1.0,0.0
after,cuda:1,1393,1,1.0,1.0,1.0,0.0
after,cuda:1,1394,1,1.0,1.0,1.0,0.0
after,cuda:1,1395,1,1.0,1.0,1.0,0.0
after,cuda:1,1396,1,1.0,1.0,1.0,0.0
after,cuda:1,1397,1,1.0,1.0,1.0,0.0
after,cuda:1,1398,1,1.0,1.0,1.0,0.0
after,cuda:1,1399,1,1.0,1.0,1.0,0.0
after,cuda:1,1400,1,1.0,1.0,1.0,0.0
after,cuda:1,1401,1,1.0,1.0,1.0,0.0
after,cuda:1,1402,1,1.0,1.0,1.0,0.0
after,cuda:1,1403,1,1.0,1.0,1.0,0.0
after,cuda:1,1404,1,1.0,1.0,1.0,0.0
after,cuda:1,1405,1,1.0,1.0,1.0,0.0
after,cuda:1,1406,1,1.0,1.0,1.0,0.0
after,cuda:1,1407,1,1.0,1.0,1.0,0.0
after,cuda:1,1408,1,1.0,1.0,1.0,0.0
after,cuda:1,1409,1,1.0,1.0,1.0,0.0
after,cuda:1,1410,1,1.0,1.0,1.0,0.0
after,cuda:1,1411,1,1.0,1.0,1.0,0.0
after,cuda:1,1412,1,1.0,1.0,1.0,0.0
after,cuda:1,1413,1,1.0,1.0,1.0,0.0
after,cuda:1,1414,1,1.0,1.0,1.0,0.0
after,cuda:1,1415,1,1.0,1.0,1.0,0.0
after,cuda:1,1416,1,1.0,1.0,1.0,0.0
after,cuda:1,1417,1,1.0,1.0,1.0,0.0
after,cuda:1,1418,1,1.0,1.0,1.0,0.0
after,cuda:1,1419,1,1.0,1.0,1.0,0.0
after,cuda:1,1420,1,1.0,1.0,1.0,0.0
after,cuda:1,1421,1,1.0,1.0,1.0,0.0
after,cuda:1,1422,1,1.0,1.0,1.0,0.0
after,cuda:1,1423,1,1.0,1.0,1.0,0.0
after,cuda:1,1424,1,1.0,1.0,1.0,0.0
after,cuda:1,1425,1,1.0,1.0,1.0,0.0
after,cuda:1,1426,1,1.0,1.0,1.0,0.0
after,cuda:1,1427,1,1.0,1.0,1.0,0.0
after,cuda:1,1428,1,1.0,1.0,1.0,0.0
after,cuda:1,1429,1,1.0,1.0,1.0,0.0
after,cuda:1,1430,1,1.0,1.0,1.0,0.0
after,cuda:1,1431,1,1.0,1.0,1.0,0.0
after,cuda:1,1432,1,1.0,1.0,1.0,0.0
after,cuda:1,1433,1,1.0,1.0,1.0,0.0
after,cuda:1,1434,1,1.0,1.0,1.0,0.0
after,cuda:1,1435,1,1.0,1.0,1.0,0.0
after,cuda:1,1436,1,1.0,1.0,1.0,0.0
after,cuda:1,1437,1,1.0,1.0,1.0,0.0
after,cuda:1,1438,1,1.0,1.0,1.0,0.0
after,cuda:1,1439,1,1.0,1.0,1.0,0.0
after,cuda:1,1440,1,1.0,1.0,1.0,0.0
after,cuda:1,1441,1,1.0,1.0,1.0,0.0
after,cuda:1,1442,1,1.0,1.0,1.0,0.0
after,cuda:1,1443,1,1.0,1.0,1.0,0.0
after,cuda:1,1444,1,1.0,1.0,1.0,0.0
after,cuda:1,1445,1,1.0,1.0,1.0,0.0
after,cuda:1,1446,1,1.0,1.0,1.0,0.0
after,cuda:1,1447,1,1.0,1.0,1.0,0.0
after,cuda:1,1448,1,1.0,1.0,1.0,0.0
after,cuda:1,1449,1,1.0,1.0,1.0,0.0
after,cuda:1,1450,1,1.0,1.0,1.0,0.0
after,cuda:1,1451,1,1.0,1.0,1.0,0.0
after,cuda:1,1452,1,1.0,1.0,1.0,0.0
after,cuda:1,1453,1,1.0,1.0,1.0,0.0
after,cuda:1,1454,1,1.0,1.0,1.0,0.0
after,cuda:1,1455,1,1.0,1.0,1.0,0.0
after,cuda:1,1456,1,1.0,1.0,1.0,0.0
after,cuda:1,1457,1,1.0,1.0,1.0,0.0
after,cuda:1,1458,1,1.0,1.0,1.0,0.0
after,cuda:1,1459,1,1.0,1.0,1.0,0.0
after,cuda:1,1460,1,1.0,1.0,1.0,0.0
after,cuda:1,1461,1,1.0,1.0,1.0,0.0
after,cuda:1,1462,1,1.0,1.0,1.0,0.0
after,cuda:1,1463,1,1.0,1.0,1.0,0.0
after,cuda:1,1464,1,1.0,1.0,1.0,0.0
after,cuda:1,1465,1,1.0,1.0,1.0,0.0
after,cuda:1,1466,1,1.0,1.0,1.0,0.0
after,cuda:1,1467,1,1.0,1.0,1.0,0.0
after,cuda:1,1468,1,1.0,1.0,1.0,0.0
after,cuda:1,1469,1,1.0,1.0,1.0,0.0
after,cuda:1,1470,1,1.0,1.0,1.0,0.0
after,cuda:1,1471,1,1.0,1.0,1.0,0.0
after,cuda:1,1472,1,1.0,1.0,1.0,0.0
after,cuda:1,1473,1,1.0,1.0,1.0,0.0
after,cuda:1,1474,1,1.0,1.0,1.0,0.0
after,cuda:1,1475,1,1.0,1.0,1.0,0.0
after,cuda:1,1476,1,1.0,1.0,1.0,0.0
after,cuda:1,1477,1,1.0,1.0,1.0,0.0
after,cuda:1,1478,1,1.0,1.0,1.0,0.0
after,cuda:1,1479,1,1.0,1.0,1.0,0.0
after,cuda:1,1480,1,1.0,1.0,1.0,0.0
after,cuda:1,1481,1,1.0,1.0,1.0,0.0
after,cuda:1,1482,1,1.0,1.0,1.0,0.0
after,cuda:1,1483,1,1.0,1.0,1.0,0.0
after,cuda:1,1484,1,1.0,1.0,1.0,0.0
after,cuda:1,1485,1,1.0,1.0,1.0,0.0
after,cuda:1,1486,1,1.0,1.0,1.0,0.0
after,cuda:1,1487,1,1.0,1.0,1.0,0.0
after,cuda:1,1488,1,1.0,1.0,1.0,0.0
after,cuda:1,1489,1,1.0,1.0,1.0,0.0
after,cuda:1,1490,1,1.0,1.0,1.0,0.0
after,cuda:1,1491,1,1.0,1.0,1.0,0.0
after,cuda:1,1492,1,1.0,1.0,1.0,0.0
after,cuda:1,1493,1,1.0,1.0,1.0,0.0
after,cuda:1,1494,1,1.0,1.0,1.0,0.0
after,cuda:1,1495,1,1.0,1.0,1.0,0.0
after,cuda:1,1496,1,1.0,1.0,1.0,0.0
after,cuda:1,1497,1,1.0,1.0,1.0,0.0
after,cuda:1,1498,1,1.0,1.0,1.0,0.0
after,cuda:1,1499,1,1.0,1.0,1.0,0.0
after,cuda:1,1500,1,1.0,1.0,1.0,0.0
after,cuda:1,1501,1,1.0,1.0,1.0,0.0
after,cuda:1,1502,1,1.0,1.0,1.0,0.0
after,cuda:1,1503,1,1.0,1.0,1.0,0.0
after,cuda:1,1504,1,1.0,1.0,1.0,0.0
after,cuda:1,1505,1,1.0,1.0,1.0,0.0
after,cuda:1,1506,1,1.0,1.0,1.0,0.0
after,cuda:1,1507,1,1.0,1.0,1.0,0.0
after,cuda:1,1508,1,1.0,1.0,1.0,0.0
after,cuda:1,1509,1,1.0,1.0,1.0,0.0
after,cuda:1,1510,1,1.0,1.0,1.0,0.0
after,cuda:1,1511,1,1.0,1.0,1.0,0.0
after,cuda:1,1512,1,1.0,1.0,1.0,0.0
after,cuda:1,1513,1,1.0,1.0,1.0,0.0
after,cuda:1,1514,1,1.0,1.0,1.0,0.0
after,cuda:1,1515,1,1.0,1.0,1.0,0.0
after,cuda:1,1516,1,1.0,1.0,1.0,0.0
after,cuda:1,1517,1,1.0,1.0,1.0,0.0
after,cuda:1,1518,1,1.0,1.0,1.0,0.0
after,cuda:1,1519,1,1.0,1.0,1.0,0.0
after,cuda:1,1520,1,1.0,1.0,1.0,0.0
after,cuda:1,1521,1,1.0,1.0,1.0,0.0
after,cuda:1,1522,1,1.0,1.0,1.0,0.0
after,cuda:1,1523,1,1.0,1.0,1.0,0.0
after,cuda:1,1524,1,1.0,1.0,1.0,0.0
after,cuda:1,1525,1,1.0,1.0,1.0,0.0
after,cuda:1,1526,1,1.0,1.0,1.0,0.0
after,cuda:1,1527,1,1.0,1.0,1.0,0.0
after,cuda:1,1528,1,1.0,1.0,1.0,0.0
after,cuda:1,1529,1,1.0,1.0,1.0,0.0
after,cuda:1,1530,1,1.0,1.0,1.0,0.0
after,cuda:1,1531,1,1.0,1.0,1.0,0.0
after,cuda:1,1532,1,1.0,1.0,1.0,0.0
after,cuda:1,1533,1,1.0,1.0,1.0,0.0
after,cuda:1,1534,1,1.0,1.0,1.0,0.0
after,cuda:1,1535,1,1.0,1.0,1.0,0.0
after,cuda:1,1536,1,1.0,1.0,1.0,0.0
after,cuda:1,1537,1,1.0,1.0,1.0,0.0
after,cuda:1,1538,1,1.0,1.0,1.0,0.0
after,cuda:1,1539,1,1.0,1.0,1.0,0.0
after,cuda:1,1540,1,1.0,1.0,1.0,0.0
after,cuda:1,1541,1,1.0,1.0,1.0,0.0
after,cuda:1,1542,1,1.0,1.0,1.0,0.0
after,cuda:1,1543,1,1.0,1.0,1.0,0.0
after,cuda:1,1544,1,1.0,1.0,1.0,0.0
after,cuda:1,1545,1,1.0,1.0,1.0,0.0
after,cuda:1,1546,1,1.0,1.0,1.0,0.0
after,cuda:1,1547,1,1.0,1.0,1.0,0.0
after,cuda:1,1548,1,1.0,1.0,1.0,0.0
after,cuda:1,1549,1,1.0,1.0,1.0,0.0
after,cuda:1,1550,1,1.0,1.0,1.0,0.0
after,cuda:1,1551,1,1.0,1.0,1.0,0.0
after,cuda:1,1552,1,1.0,1.0,1.0,0.0
after,cuda:1,1553,1,1.0,1.0,1.0,0.0
after,cuda:1,1554,1,1.0,1.0,1.0,0.0
after,cuda:1,1555,1,1.0,1.0,1.0,0.0
after,cuda:1,1556,1,1.0,1.0,1.0,0.0
after,cuda:1,1557,1,1.0,1.0,1.0,0.0
after,cuda:1,1558,1,1.0,1.0,1.0,0.0
after,cuda:1,1559,1,1.0,1.0,1.0,0.0
after,cuda:1,1560,1,1.0,1.0,1.0,0.0
after,cuda:1,1561,1,1.0,1.0,1.0,0.0
after,cuda:1,1562,1,1.0,1.0,1.0,0.0
after,cuda:1,1563,1,1.0,1.0,1.0,0.0
after,cuda:1,1564,1,1.0,1.0,1.0,0.0
after,cuda:1,1565,1,1.0,1.0,1.0,0.0
after,cuda:1,1566,1,1.0,1.0,1.0,0.0
after,cuda:1,1567,1,1.0,1.0,1.0,0.0
after,cuda:1,1568,1,1.0,1.0,1.0,0.0
after,cuda:1,1569,1,1.0,1.0,1.0,0.0
after,cuda:1,1570,1,1.0,1.0,1.0,0.0
after,cuda:1,1571,1,1.0,1.0,1.0,0.0
after,cuda:1,1572,1,1.0,1.0,1.0,0.0
after,cuda:1,1573,1,1.0,1.0,1.0,0.0
after,cuda:1,1574,1,1.0,1.0,1.0,0.0
after,cuda:1,1575,1,1.0,1.0,1.0,0.0
after,cuda:1,1576,1,1.0,1.0,1.0,0.0
after,cuda:1,1577,1,1.0,1.0,1.0,0.0
after,cuda:1,1578,1,1.0,1.0,1.0,0.0
after,cuda:1,1579,1,1.0,1.0,1.0,0.0
after,cuda:1,1580,1,1.0,1.0,1.0,0.0
after,cuda:1,1581,1,1.0,1.0,1.0,0.0
after,cuda:1,1582,1,1.0,1.0,1.0,0.0
after,cuda:1,1583,1,1.0,1.0,1.0,0.0
after,cuda:1,1584,1,1.0,1.0,1.0,0.0
after,cuda:1,1585,1,1.0,1.0,1.0,0.0
after,cuda:1,1586,1,1.0,1.0,1.0,0.0
after,cuda:1,1587,1,1.0,1.0,1.0,0.0
after,cuda:1,1588,1,1.0,1.0,1.0,0.0
after,cuda:1,1589,1,1.0,1.0,1.0,0.0
after,cuda:1,1590,1,1.0,1.0,1.0,0.0
after,cuda:1,1591,1,1.0,1.0,1.0,0.0
after,cuda:1,1592,1,1.0,1.0,1.0,0.0
after,cuda:1,1593,1,1.0,1.0,1.0,0.0
after,cuda:1,1594,1,1.0,1.0,1.0,0.0
after,cuda:1,1595,1,1.0,1.0,1.0,0.0
after,cuda:1,1596,1,1.0,1.0,1.0,0.0
after,cuda:1,1597,1,1.0,1.0,1.0,0.0
after,cuda:1,1598,1,1.0,1.0,1.0,0.0
after,cuda:1,1599,1,1.0,1.0,1.0,0.0
after,cuda:1,1600,1,1.0,1.0,1.0,0.0
after,cuda:1,1601,1,1.0,1.0,1.0,0.0
after,cuda:1,1602,1,1.0,1.0,1.0,0.0
after,cuda:1,1603,1,1.0,1.0,1.0,0.0
after,cuda:1,1604,1,1.0,1.0,1.0,0.0
after,cuda:1,1605,1,1.0,1.0,1.0,0.0
after,cuda:1,1606,1,1.0,1.0,1.0,0.0
after,cuda:1,1607,1,1.0,1.0,1.0,0.0
after,cuda:1,1608,1,1.0,1.0,1.0,0.0
after,cuda:1,1609,1,1.0,1.0,1.0,0.0
after,cuda:1,1610,1,1.0,1.0,1.0,0.0
after,cuda:1,1611,1,1.0,1.0,1.0,0.0
after,cuda:1,1612,1,1.0,1.0,1.0,0.0
after,cuda:1,1613,1,1.0,1.0,1.0,0.0
after,cuda:1,1614,1,1.0,1.0,1.0,0.0
after,cuda:1,1615,1,1.0,1.0,1.0,0.0
after,cuda:1,1616,1,1.0,1.0,1.0,0.0
after,cuda:1,1617,1,1.0,1.0,1.0,0.0
after,cuda:1,1618,1,1.0,1.0,1.0,0.0
after,cuda:1,1619,1,1.0,1.0,1.0,0.0
after,cuda:1,1620,1,1.0,1.0,1.0,0.0
after,cuda:1,1621,1,1.0,1.0,1.0,0.0
after,cuda:1,1622,1,1.0,1.0,1.0,0.0
after,cuda:1,1623,1,1.0,1.0,1.0,0.0
after,cuda:1,1624,1,1.0,1.0,1.0,0.0
after,cuda:1,1625,1,1.0,1.0,1.0,0.0
after,cuda:1,1626,1,1.0,1.0,1.0,0.0
after,cuda:1,1627,1,1.0,1.0,1.0,0.0
after,cuda:1,1628,1,1.0,1.0,1.0,0.0
after,cuda:1,1629,1,1.0,1.0,1.0,0.0
after,cuda:1,1630,1,1.0,1.0,1.0,0.0
after,cuda:1,1631,1,1.0,1.0,1.0,0.0
after,cuda:1,1632,1,1.0,1.0,1.0,0.0
after,cuda:1,1633,1,1.0,1.0,1.0,0.0
after,cuda:1,1634,1,1.0,1.0,1.0,0.0
after,cuda:1,1635,1,1.0,1.0,1.0,0.0
after,cuda:1,1636,1,1.0,1.0,1.0,0.0
after,cuda:1,1637,1,1.0,1.0,1.0,0.0
after,cuda:1,1638,1,1.0,1.0,1.0,0.0
after,cuda:1,1639,1,1.0,1.0,1.0,0.0
after,cuda:1,1640,1,1.0,1.0,1.0,0.0
after,cuda:1,1641,1,1.0,1.0,1.0,0.0
after,cuda:1,1642,1,1.0,1.0,1.0,0.0
after,cuda:1,1643,1,1.0,1.0,1.0,0.0
after,cuda:1,1644,1,1.0,1.0,1.0,0.0
after,cuda:1,1645,1,1.0,1.0,1.0,0.0
after,cuda:1,1646,1,1.0,1.0,1.0,0.0
after,cuda:1,1647,1,1.0,1.0,1.0,0.0
after,cuda:1,1648,1,1.0,1.0,1.0,0.0
after,cuda:1,1649,1,1.0,1.0,1.0,0.0
after,cuda:1,1650,1,1.0,1.0,1.0,0.0
after,cuda:1,1651,1,1.0,1.0,1.0,0.0
after,cuda:1,1652,1,1.0,1.0,1.0,0.0
after,cuda:1,1653,1,1.0,1.0,1.0,0.0
after,cuda:1,1654,1,1.0,1.0,1.0,0.0
after,cuda:1,1655,1,1.0,1.0,1.0,0.0
after,cuda:1,1656,1,1.0,1.0,1.0,0.0
after,cuda:1,1657,1,1.0,1.0,1.0,0.0
after,cuda:1,1658,1,1.0,1.0,1.0,0.0
after,cuda:1,1659,1,1.0,1.0,1.0,0.0
after,cuda:1,1660,1,1.0,1.0,1.0,0.0
after,cuda:1,1661,1,1.0,1.0,1.0,0.0
after,cuda:1,1662,1,1.0,1.0,1.0,0.0
after,cuda:1,1663,1,1.0,1.0,1.0,0.0
after,cuda:1,1664,1,1.0,1.0,1.0,0.0
after,cuda:1,1665,1,1.0,1.0,1.0,0.0
after,cuda:1,1666,1,1.0,1.0,1.0,0.0
after,cuda:1,1667,1,1.0,1.0,1.0,0.0
after,cuda:1,1668,1,1.0,1.0,1.0,0.0
after,cuda:1,1669,1,1.0,1.0,1.0,0.0
after,cuda:1,1670,1,1.0,1.0,1.0,0.0
after,cuda:1,1671,1,1.0,1.0,1.0,0.0
after,cuda:1,1672,1,1.0,1.0,1.0,0.0
after,cuda:1,1673,1,1.0,1.0,1.0,0.0
after,cuda:1,1674,1,1.0,1.0,1.0,0.0
after,cuda:1,1675,1,1.0,1.0,1.0,0.0
after,cuda:1,1676,1,1.0,1.0,1.0,0.0
after,cuda:1,1677,1,1.0,1.0,1.0,0.0
after,cuda:1,1678,1,1.0,1.0,1.0,0.0
after,cuda:1,1679,1,1.0,1.0,1.0,0.0
after,cuda:1,1680,1,1.0,1.0,1.0,0.0
after,cuda:1,1681,1,1.0,1.0,1.0,0.0
after,cuda:1,1682,1,1.0,1.0,1.0,0.0
after,cuda:1,1683,1,1.0,1.0,1.0,0.0
after,cuda:1,1684,1,1.0,1.0,1.0,0.0
after,cuda:1,1685,1,1.0,1.0,1.0,0.0
after,cuda:1,1686,1,1.0,1.0,1.0,0.0
after,cuda:1,1687,1,1.0,1.0,1.0,0.0
after,cuda:1,1688,1,1.0,1.0,1.0,0.0
after,cuda:1,1689,1,1.0,1.0,1.0,0.0
after,cuda:1,1690,1,1.0,1.0,1.0,0.0
after,cuda:1,1691,1,1.0,1.0,1.0,0.0
after,cuda:1,1692,1,1.0,1.0,1.0,0.0
after,cuda:1,1693,1,1.0,1.0,1.0,0.0
after,cuda:1,1694,1,1.0,1.0,1.0,0.0
after,cuda:1,1695,1,1.0,1.0,1.0,0.0
after,cuda:1,1696,1,1.0,1.0,1.0,0.0
after,cuda:1,1697,1,1.0,1.0,1.0,0.0
after,cuda:1,1698,1,1.0,1.0,1.0,0.0
after,cuda:1,1699,1,1.0,1.0,1.0,0.0
after,cuda:1,1700,1,1.0,1.0,1.0,0.0
after,cuda:1,1701,1,1.0,1.0,1.0,0.0
after,cuda:1,1702,1,1.0,1.0,1.0,0.0
after,cuda:1,1703,1,1.0,1.0,1.0,0.0
after,cuda:1,1704,1,1.0,1.0,1.0,0.0
after,cuda:1,1705,1,1.0,1.0,1.0,0.0
after,cuda:1,1706,1,1.0,1.0,1.0,0.0
after,cuda:1,1707,1,1.0,1.0,1.0,0.0
after,cuda:1,1708,1,1.0,1.0,1.0,0.0
after,cuda:1,1709,1,1.0,1.0,1.0,0.0
after,cuda:1,1710,1,1.0,1.0,1.0,0.0
after,cuda:1,1711,1,1.0,1.0,1.0,0.0
after,cuda:1,1712,1,1.0,1.0,1.0,0.0
after,cuda:1,1713,1,1.0,1.0,1.0,0.0
after,cuda:1,1714,1,1.0,1.0,1.0,0.0
after,cuda:1,1715,1,1.0,1.0,1.0,0.0
after,cuda:1,1716,1,1.0,1.0,1.0,0.0
after,cuda:1,1717,1,1.0,1.0,1.0,0.0
after,cuda:1,1718,1,1.0,1.0,1.0,0.0
after,cuda:1,1719,1,1.0,1.0,1.0,0.0
after,cuda:1,1720,1,1.0,1.0,1.0,0.0
after,cuda:1,1721,1,1.0,1.0,1.0,0.0
after,cuda:1,1722,1,1.0,1.0,1.0,0.0
after,cuda:1,1723,1,1.0,1.0,1.0,0.0
after,cuda:1,1724,1,1.0,1.0,1.0,0.0
after,cuda:1,1725,1,1.0,1.0,1.0,0.0
after,cuda:1,1726,1,1.0,1.0,1.0,0.0
after,cuda:1,1727,1,1.0,1.0,1.0,0.0
after,cuda:1,1728,1,1.0,1.0,1.0,0.0
after,cuda:1,1729,1,1.0,1.0,1.0,0.0
after,cuda:1,1730,1,1.0,1.0,1.0,0.0
after,cuda:1,1731,1,1.0,1.0,1.0,0.0
after,cuda:1,1732,1,1.0,1.0,1.0,0.0
after,cuda:1,1733,1,1.0,1.0,1.0,0.0
after,cuda:1,1734,1,1.0,1.0,1.0,0.0
after,cuda:1,1735,1,1.0,1.0,1.0,0.0
after,cuda:1,1736,1,1.0,1.0,1.0,0.0
after,cuda:1,1737,1,1.0,1.0,1.0,0.0
after,cuda:1,1738,1,1.0,1.0,1.0,0.0
after,cuda:1,1739,1,1.0,1.0,1.0,0.0
after,cuda:1,1740,1,1.0,1.0,1.0,0.0
after,cuda:1,1741,1,1.0,1.0,1.0,0.0
after,cuda:1,1742,1,1.0,1.0,1.0,0.0
after,cuda:1,1743,1,1.0,1.0,1.0,0.0
after,cuda:1,1744,1,1.0,1.0,1.0,0.0
after,cuda:1,1745,1,1.0,1.0,1.0,0.0
after,cuda:1,1746,1,1.0,1.0,1.0,0.0
after,cuda:1,1747,1,1.0,1.0,1.0,0.0
after,cuda:1,1748,1,1.0,1.0,1.0,0.0
after,cuda:1,1749,1,1.0,1.0,1.0,0.0
after,cuda:1,1750,1,1.0,1.0,1.0,0.0
after,cuda:1,1751,1,1.0,1.0,1.0,0.0
after,cuda:1,1752,1,1.0,1.0,1.0,0.0
after,cuda:1,1753,1,1.0,1.0,1.0,0.0
after,cuda:1,1754,1,1.0,1.0,1.0,0.0
after,cuda:1,1755,1,1.0,1.0,1.0,0.0
after,cuda:1,1756,1,1.0,1.0,1.0,0.0
after,cuda:1,1757,1,1.0,1.0,1.0,0.0
after,cuda:1,1758,1,1.0,1.0,1.0,0.0
after,cuda:1,1759,1,1.0,1.0,1.0,0.0
after,cuda:1,1760,1,1.0,1.0,1.0,0.0
after,cuda:1,1761,1,1.0,1.0,1.0,0.0
after,cuda:1,1762,1,1.0,1.0,1.0,0.0
after,cuda:1,1763,1,1.0,1.0,1.0,0.0
after,cuda:1,1764,1,1.0,1.0,1.0,0.0
after,cuda:1,1765,1,1.0,1.0,1.0,0.0
after,cuda:1,1766,1,1.0,1.0,1.0,0.0
after,cuda:1,1767,1,1.0,1.0,1.0,0.0
after,cuda:1,1768,1,1.0,1.0,1.0,0.0
after,cuda:1,1769,1,1.0,1.0,1.0,0.0
after,cuda:1,1770,1,1.0,1.0,1.0,0.0
after,cuda:1,1771,1,1.0,1.0,1.0,0.0
after,cuda:1,1772,1,1.0,1.0,1.0,0.0
after,cuda:1,1773,1,1.0,1.0,1.0,0.0
after,cuda:1,1774,1,1.0,1.0,1.0,0.0
after,cuda:1,1775,1,1.0,1.0,1.0,0.0
after,cuda:1,1776,1,1.0,1.0,1.0,0.0
after,cuda:1,1777,1,1.0,1.0,1.0,0.0
after,cuda:1,1778,1,1.0,1.0,1.0,0.0
after,cuda:1,1779,1,1.0,1.0,1.0,0.0
after,cuda:1,1780,1,1.0,1.0,1.0,0.0
after,cuda:1,1781,1,1.0,1.0,1.0,0.0
after,cuda:1,1782,1,1.0,1.0,1.0,0.0
after,cuda:1,1783,1,1.0,1.0,1.0,0.0
after,cuda:1,1784,1,1.0,1.0,1.0,0.0
after,cuda:1,1785,1,1.0,1.0,1.0,0.0
after,cuda:1,1786,1,1.0,1.0,1.0,0.0
after,cuda:1,1787,1,1.0,1.0,1.0,0.0
after,cuda:1,1788,1,1.0,1.0,1.0,0.0
after,cuda:1,1789,1,1.0,1.0,1.0,0.0
after,cuda:1,1790,1,1.0,1.0,1.0,0.0
after,cuda:1,1791,1,1.0,1.0,1.0,0.0
after,cuda:1,1792,1,1.0,1.0,1.0,0.0
after,cuda:1,1793,1,1.0,1.0,1.0,0.0
after,cuda:1,1794,1,1.0,1.0,1.0,0.0
after,cuda:1,1795,1,1.0,1.0,1.0,0.0
after,cuda:1,1796,1,1.0,1.0,1.0,0.0
after,cuda:1,1797,1,1.0,1.0,1.0,0.0
after,cuda:1,1798,1,1.0,1.0,1.0,0.0
after,cuda:1,1799,1,1.0,1.0,1.0,0.0
after,cuda:1,1800,1,1.0,1.0,1.0,0.0
after,cuda:1,1801,1,1.0,1.0,1.0,0.0
after,cuda:1,1802,1,1.0,1.0,1.0,0.0
after,cuda:1,1803,1,1.0,1.0,1.0,0.0
after,cuda:1,1804,1,1.0,1.0,1.0,0.0
after,cuda:1,1805,1,1.0,1.0,1.0,0.0
after,cuda:1,1806,1,1.0,1.0,1.0,0.0
after,cuda:1,1807,1,1.0,1.0,1.0,0.0
after,cuda:1,1808,1,1.0,1.0,1.0,0.0
after,cuda:1,1809,1,1.0,1.0,1.0,0.0
after,cuda:1,1810,1,1.0,1.0,1.0,0.0
after,cuda:1,1811,1,1.0,1.0,1.0,0.0
after,cuda:1,1812,1,1.0,1.0,1.0,0.0
after,cuda:1,1813,1,1.0,1.0,1.0,0.0
after,cuda:1,1814,1,1.0,1.0,1.0,0.0
after,cuda:1,1815,1,1.0,1.0,1.0,0.0
after,cuda:1,1816,1,1.0,1.0,1.0,0.0
after,cuda:1,1817,1,1.0,1.0,1.0,0.0
after,cuda:1,1818,1,1.0,1.0,1.0,0.0
after,cuda:1,1819,1,1.0,1.0,1.0,0.0
after,cuda:1,1820,1,1.0,1.0,1.0,0.0
after,cuda:1,1821,1,1.0,1.0,1.0,0.0
after,cuda:1,1822,1,1.0,1.0,1.0,0.0
after,cuda:1,1823,1,1.0,1.0,1.0,0.0
after,cuda:1,1824,1,1.0,1.0,1.0,0.0
after,cuda:1,1825,1,1.0,1.0,1.0,0.0
after,cuda:1,1826,1,1.0,1.0,1.0,0.0
after,cuda:1,1827,1,1.0,1.0,1.0,0.0
after,cuda:1,1828,1,1.0,1.0,1.0,0.0
after,cuda:1,1829,1,1.0,1.0,1.0,0.0
after,cuda:1,1830,1,1.0,1.0,1.0,0.0
after,cuda:1,1831,1,1.0,1.0,1.0,0.0
after,cuda:1,1832,1,1.0,1.0,1.0,0.0
after,cuda:1,1833,1,1.0,1.0,1.0,0.0
after,cuda:1,1834,1,1.0,1.0,1.0,0.0
after,cuda:1,1835,1,1.0,1.0,1.0,0.0
after,cuda:1,1836,1,1.0,1.0,1.0,0.0
after,cuda:1,1837,1,1.0,1.0,1.0,0.0
after,cuda:1,1838,1,1.0,1.0,1.0,0.0
after,cuda:1,1839,1,1.0,1.0,1.0,0.0
after,cuda:1,1840,1,1.0,1.0,1.0,0.0
after,cuda:1,1841,1,1.0,1.0,1.0,0.0
after,cuda:1,1842,1,1.0,1.0,1.0,0.0
after,cuda:1,1843,1,1.0,1.0,1.0,0.0
after,cuda:1,1844,1,1.0,1.0,1.0,0.0
after,cuda:1,1845,1,1.0,1.0,1.0,0.0
after,cuda:1,1846,1,1.0,1.0,1.0,0.0
after,cuda:1,1847,1,1.0,1.0,1.0,0.0
after,cuda:1,1848,1,1.0,1.0,1.0,0.0
after,cuda:1,1849,1,1.0,1.0,1.0,0.0
after,cuda:1,1850,1,1.0,1.0,1.0,0.0
after,cuda:1,1851,1,1.0,1.0,1.0,0.0
after,cuda:1,1852,1,1.0,1.0,1.0,0.0
after,cuda:1,1853,1,1.0,1.0,1.0,0.0
after,cuda:1,1854,1,1.0,1.0,1.0,0.0
after,cuda:1,1855,1,1.0,1.0,1.0,0.0
after,cuda:1,1856,1,1.0,1.0,1.0,0.0
after,cuda:1,1857,1,1.0,1.0,1.0,0.0
after,cuda:1,1858,1,1.0,1.0,1.0,0.0
after,cuda:1,1859,1,1.0,1.0,1.0,0.0
after,cuda:1,1860,1,1.0,1.0,1.0,0.0
after,cuda:1,1861,1,1.0,1.0,1.0,0.0
after,cuda:1,1862,1,1.0,1.0,1.0,0.0
after,cuda:1,1863,1,1.0,1.0,1.0,0.0
after,cuda:1,1864,1,1.0,1.0,1.0,0.0
after,cuda:1,1865,1,1.0,1.0,1.0,0.0
after,cuda:1,1866,1,1.0,1.0,1.0,0.0
after,cuda:1,1867,1,1.0,1.0,1.0,0.0
after,cuda:1,1868,1,1.0,1.0,1.0,0.0
after,cuda:1,1869,1,1.0,1.0,1.0,0.0
after,cuda:1,1870,1,1.0,1.0,1.0,0.0
after,cuda:1,1871,1,1.0,1.0,1.0,0.0
after,cuda:1,1872,1,1.0,1.0,1.0,0.0
after,cuda:1,1873,1,1.0,1.0,1.0,0.0
after,cuda:1,1874,1,1.0,1.0,1.0,0.0
after,cuda:1,1875,1,1.0,1.0,1.0,0.0
after,cuda:1,1876,1,1.0,1.0,1.0,0.0
after,cuda:1,1877,1,1.0,1.0,1.0,0.0
after,cuda:1,1878,1,1.0,1.0,1.0,0.0
after,cuda:1,1879,1,1.0,1.0,1.0,0.0
after,cuda:1,1880,1,1.0,1.0,1.0,0.0
after,cuda:1,1881,1,1.0,1.0,1.0,0.0
after,cuda:1,1882,1,1.0,1.0,1.0,0.0
after,cuda:1,1883,1,1.0,1.0,1.0,0.0
after,cuda:1,1884,1,1.0,1.0,1.0,0.0
after,cuda:1,1885,1,1.0,1.0,1.0,0.0
after,cuda:1,1886,1,1.0,1.0,1.0,0.0
after,cuda:1,1887,1,1.0,1.0,1.0,0.0
after,cuda:1,1888,1,1.0,1.0,1.0,0.0
after,cuda:1,1889,1,1.0,1.0,1.0,0.0
after,cuda:1,1890,1,1.0,1.0,1.0,0.0
after,cuda:1,1891,1,1.0,1.0,1.0,0.0
after,cuda:1,1892,1,1.0,1.0,1.0,0.0
after,cuda:1,1893,1,1.0,1.0,1.0,0.0
after,cuda:1,1894,1,1.0,1.0,1.0,0.0
after,cuda:1,1895,1,1.0,1.0,1.0,0.0
after,cuda:1,1896,1,1.0,1.0,1.0,0.0
after,cuda:1,1897,1,1.0,1.0,1.0,0.0
after,cuda:1,1898,1,1.0,1.0,1.0,0.0
after,cuda:1,1899,1,1.0,1.0,1.0,0.0
after,cuda:1,1900,1,1.0,1.0,1.0,0.0
after,cuda:1,1901,1,1.0,1.0,1.0,0.0
after,cuda:1,1902,1,1.0,1.0,1.0,0.0
after,cuda:1,1903,1,1.0,1.0,1.0,0.0
after,cuda:1,1904,1,1.0,1.0,1.0,0.0
after,cuda:1,1905,1,1.0,1.0,1.0,0.0
after,cuda:1,1906,1,1.0,1.0,1.0,0.0
after,cuda:1,1907,1,1.0,1.0,1.0,0.0
after,cuda:1,1908,1,1.0,1.0,1.0,0.0
after,cuda:1,1909,1,1.0,1.0,1.0,0.0
after,cuda:1,1910,1,1.0,1.0,1.0,0.0
after,cuda:1,1911,1,1.0,1.0,1.0,0.0
after,cuda:1,1912,1,1.0,1.0,1.0,0.0
after,cuda:1,1913,1,1.0,1.0,1.0,0.0
after,cuda:1,1914,1,1.0,1.0,1.0,0.0
after,cuda:1,1915,1,1.0,1.0,1.0,0.0
after,cuda:1,1916,1,1.0,1.0,1.0,0.0
after,cuda:1,1917,1,1.0,1.0,1.0,0.0
after,cuda:1,1918,1,1.0,1.0,1.0,0.0
after,cuda:1,1919,1,1.0,1.0,1.0,0.0
after,cuda:1,1920,1,1.0,1.0,1.0,0.0
after,cuda:1,1921,1,1.0,1.0,1.0,0.0
after,cuda:1,1922,1,1.0,1.0,1.0,0.0
after,cuda:1,1923,1,1.0,1.0,1.0,0.0
after,cuda:1,1924,1,1.0,1.0,1.0,0.0
after,cuda:1,1925,1,1.0,1.0,1.0,0.0
after,cuda:1,1926,1,1.0,1.0,1.0,0.0
after,cuda:1,1927,1,1.0,1.0,1.0,0.0
after,cuda:1,1928,1,1.0,1.0,1.0,0.0
after,cuda:1,1929,1,1.0,1.0,1.0,0.0
after,cuda:1,1930,1,1.0,1.0,1.0,0.0
after,cuda:1,1931,1,1.0,1.0,1.0,0.0
after,cuda:1,1932,1,1.0,1.0,1.0,0.0
after,cuda:1,1933,1,1.0,1.0,1.0,0.0
after,cuda:1,1934,1,1.0,1.0,1.0,0.0
after,cuda:1,1935,1,1.0,1.0,1.0,0.0
after,cuda:1,1936,1,1.0,1.0,1.0,0.0
after,cuda:1,1937,1,1.0,1.0,1.0,0.0
after,cuda:1,1938,1,1.0,1.0,1.0,0.0
after,cuda:1,1939,1,1.0,1.0,1.0,0.0
after,cuda:1,1940,1,1.0,1.0,1.0,0.0
after,cuda:1,1941,1,1.0,1.0,1.0,0.0
after,cuda:1,1942,1,1.0,1.0,1.0,0.0
after,cuda:1,1943,1,1.0,1.0,1.0,0.0
after,cuda:1,1944,1,1.0,1.0,1.0,0.0
after,cuda:1,1945,1,1.0,1.0,1.0,0.0
after,cuda:1,1946,1,1.0,1.0,1.0,0.0
after,cuda:1,1947,1,1.0,1.0,1.0,0.0
after,cuda:1,1948,1,1.0,1.0,1.0,0.0
after,cuda:1,1949,1,1.0,1.0,1.0,0.0
after,cuda:1,1950,1,1.0,1.0,1.0,0.0
after,cuda:1,1951,1,1.0,1.0,1.0,0.0
after,cuda:1,1952,1,1.0,1.0,1.0,0.0
after,cuda:1,1953,1,1.0,1.0,1.0,0.0
after,cuda:1,1954,1,1.0,1.0,1.0,0.0
after,cuda:1,1955,1,1.0,1.0,1.0,0.0
after,cuda:1,1956,1,1.0,1.0,1.0,0.0
after,cuda:1,1957,1,1.0,1.0,1.0,0.0
after,cuda:1,1958,1,1.0,1.0,1.0,0.0
after,cuda:1,1959,1,1.0,1.0,1.0,0.0
after,cuda:1,1960,1,1.0,1.0,1.0,0.0
after,cuda:1,1961,1,1.0,1.0,1.0,0.0
after,cuda:1,1962,1,1.0,1.0,1.0,0.0
after,cuda:1,1963,1,1.0,1.0,1.0,0.0
after,cuda:1,1964,1,1.0,1.0,1.0,0.0
after,cuda:1,1965,1,1.0,1.0,1.0,0.0
after,cuda:1,1966,1,1.0,1.0,1.0,0.0
after,cuda:1,1967,1,1.0,1.0,1.0,0.0
after,cuda:1,1968,1,1.0,1.0,1.0,0.0
after,cuda:1,1969,1,1.0,1.0,1.0,0.0
after,cuda:1,1970,1,1.0,1.0,1.0,0.0
after,cuda:1,1971,1,1.0,1.0,1.0,0.0
after,cuda:1,1972,1,1.0,1.0,1.0,0.0
after,cuda:1,1973,1,1.0,1.0,1.0,0.0
after,cuda:1,1974,1,1.0,1.0,1.0,0.0
after,cuda:1,1975,1,1.0,1.0,1.0,0.0
after,cuda:1,1976,1,1.0,1.0,1.0,0.0
after,cuda:1,1977,1,1.0,1.0,1.0,0.0
after,cuda:1,1978,1,1.0,1.0,1.0,0.0
after,cuda:1,1979,1,1.0,1.0,1.0,0.0
after,cuda:1,1980,1,1.0,1.0,1.0,0.0
after,cuda:1,1981,1,1.0,1.0,1.0,0.0
after,cuda:1,1982,1,1.0,1.0,1.0,0.0
after,cuda:1,1983,1,1.0,1.0,1.0,0.0
after,cuda:1,1984,1,1.0,1.0,1.0,0.0
after,cuda:1,1985,1,1.0,1.0,1.0,0.0
after,cuda:1,1986,1,1.0,1.0,1.0,0.0
after,cuda:1,1987,1,1.0,1.0,1.0,0.0
after,cuda:1,1988,1,1.0,1.0,1.0,0.0
after,cuda:1,1989,1,1.0,1.0,1.0,0.0
after,cuda:1,1990,1,1.0,1.0,1.0,0.0
after,cuda:1,1991,1,1.0,1.0,1.0,0.0
after,cuda:1,1992,1,1.0,1.0,1.0,0.0
after,cuda:1,1993,1,1.0,1.0,1.0,0.0
after,cuda:1,1994,1,1.0,1.0,1.0,0.0
after,cuda:1,1995,1,1.0,1.0,1.0,0.0
after,cuda:1,1996,1,1.0,1.0,1.0,0.0
after,cuda:1,1997,1,1.0,1.0,1.0,0.0
after,cuda:1,1998,1,1.0,1.0,1.0,0.0
after,cuda:1,1999,1,1.0,1.0,1.0,0.0
after,cuda:1,2000,1,1.0,1.0,1.0,0.0
after,cuda:1,2001,1,1.0,1.0,1.0,0.0
after,cuda:1,2002,1,1.0,1.0,1.0,0.0
after,cuda:1,2003,1,1.0,1.0,1.0,0.0
after,cuda:1,2004,1,1.0,1.0,1.0,0.0
after,cuda:1,2005,1,1.0,1.0,1.0,0.0
after,cuda:1,2006,1,1.0,1.0,1.0,0.0
after,cuda:1,2007,1,1.0,1.0,1.0,0.0
after,cuda:1,2008,1,1.0,1.0,1.0,0.0
after,cuda:1,2009,1,1.0,1.0,1.0,0.0
after,cuda:1,2010,1,1.0,1.0,1.0,0.0
after,cuda:1,2011,1,1.0,1.0,1.0,0.0
after,cuda:1,2012,1,1.0,1.0,1.0,0.0
after,cuda:1,2013,1,1.0,1.0,1.0,0.0
after,cuda:1,2014,1,1.0,1.0,1.0,0.0
after,cuda:1,2015,1,1.0,1.0,1.0,0.0
after,cuda:1,2016,1,1.0,1.0,1.0,0.0
after,cuda:1,2017,1,1.0,1.0,1.0,0.0
after,cuda:1,2018,1,1.0,1.0,1.0,0.0
after,cuda:1,2019,1,1.0,1.0,1.0,0.0
after,cuda:1,2020,1,1.0,1.0,1.0,0.0
after,cuda:1,2021,1,1.0,1.0,1.0,0.0
after,cuda:1,2022,1,1.0,1.0,1.0,0.0
after,cuda:1,2023,1,1.0,1.0,1.0,0.0
after,cuda:1,2024,1,1.0,1.0,1.0,0.0
after,cuda:1,2025,1,1.0,1.0,1.0,0.0
after,cuda:1,2026,1,1.0,1.0,1.0,0.0
after,cuda:1,2027,1,1.0,1.0,1.0,0.0
after,cuda:1,2028,1,1.0,1.0,1.0,0.0
after,cuda:1,2029,1,1.0,1.0,1.0,0.0
after,cuda:1,2030,1,1.0,1.0,1.0,0.0
after,cuda:1,2031,1,1.0,1.0,1.0,0.0
after,cuda:1,2032,1,1.0,1.0,1.0,0.0
after,cuda:1,2033,1,1.0,1.0,1.0,0.0
after,cuda:1,2034,1,1.0,1.0,1.0,0.0
after,cuda:1,2035,1,1.0,1.0,1.0,0.0
after,cuda:1,2036,1,1.0,1.0,1.0,0.0
after,cuda:1,2037,1,1.0,1.0,1.0,0.0
after,cuda:1,2038,1,1.0,1.0,1.0,0.0
after,cuda:1,2039,1,1.0,1.0,1.0,0.0
after,cuda:1,2040,1,1.0,1.0,1.0,0.0
after,cuda:1,2041,1,1.0,1.0,1.0,0.0
after,cuda:1,2042,1,1.0,1.0,1.0,0.0
after,cuda:1,2043,1,1.0,1.0,1.0,0.0
after,cuda:1,2044,1,1.0,1.0,1.0,0.0
after,cuda:1,2045,1,1.0,1.0,1.0,0.0
after,cuda:1,2046,1,1.0,1.0,1.0,0.0
after,cuda:1,2047,1,1.0,1.0,1.0,0.0
